Query Name	Rank	Scaled Rank	Set_name	TF	Intersect	Set length	FET p-value	FDR	Odds Ratio	Library	Overlapping_Genes
"gene_set_query"	"1"	"6.223E-4"	"FOXD3"	"FOXD3"	"29"	"299"	"3.11E-26"	"5.0E-23"	"21.37"	"GTEx--Coexpression"	"SPARC,ADAMTS9-AS2,AHR,PRIMA1,USP53,ARHGEF26,KCNMB4,SPTBN1,KLHL29,STARD13,ABCA6,ABCA8,L1CAM,GULP1,ITGB4,CAB39L,SIPA1L2,SH3PXD2A,CHL1,GAB1,SORCS2,CDH19,RBMS3,NRXN1,SAMHD1,EHBP1,LGI4,PMP22,VIM"
"gene_set_query"	"2"	"0.001245"	"SOX10"	"SOX10"	"24"	"298"	"2.766E-20"	"2.22E-17"	"17.43"	"GTEx--Coexpression"	"AHR,PRIMA1,USP53,ARHGEF26,LPAR1,KCNMB4,MAP4,SPTBN1,GPM6B,STARD13,ABCA8,ITGB4,CAB39L,SLC35F1,SH3PXD2A,CHL1,GAB1,SORCS2,CDH19,NRXN1,SAMHD1,EHBP1,LGI4,PMP22"
"gene_set_query"	"3"	"0.001867"	"AHR"	"AHR"	"23"	"300"	"4.567E-19"	"2.45E-16"	"16.52"	"GTEx--Coexpression"	"SPARC,PRIMA1,USP53,CNN3,SPTBN1,STARD13,ABCA6,ARHGAP29,ABCA8,GULP1,ITGB4,SH3PXD2A,CHL1,GAB1,CDH19,RBMS3,LAMA4,SAMHD1,EHBP1,LGI4,DLC1,PMP22,VIM"
"gene_set_query"	"4"	"0.002489"	"GLI1"	"GLI1"	"21"	"299"	"7.609E-17"	"3.06E-14"	"15.03"	"GTEx--Coexpression"	"SPARC,AHR,PRIMA1,WSB1,USP53,SPTBN1,STARD13,ABCA8,GULP1,ITGB4,SH3PXD2A,CHL1,GAB1,SORCS2,CDH19,RBMS3,SAMHD1,EHBP1,LGI4,PMP22,VIM"
"gene_set_query"	"5"	"0.003111"	"EGR2"	"EGR2"	"20"	"300"	"1.021E-15"	"2.73E-13"	"14.21"	"GTEx--Coexpression"	"SPARC,AHR,PRIMA1,WSB1,USP53,SPTBN1,STARD13,ABCA6,ABCA8,BCL2,ITGB4,SH3PXD2A,CHL1,CDH19,RBMS3,SAMHD1,EHBP1,LGI4,PMP22,VIM"
"gene_set_query"	"6"	"0.003734"	"FOXD2"	"FOXD2"	"20"	"300"	"1.021E-15"	"2.73E-13"	"14.21"	"GTEx--Coexpression"	"SPARC,ADAMTS9-AS2,AHR,PRIMA1,USP53,STARD13,ABCA8,GULP1,CNTN4,CLIC4,ITGB4,SH3PXD2A,GAB1,CDH19,RBMS3,SAMHD1,EHBP1,LGI4,PMP22,VIM"
"gene_set_query"	"7"	"0.004356"	"EBF2"	"EBF2"	"19"	"299"	"1.156E-14"	"2.65E-12"	"13.5"	"GTEx--Coexpression"	"SPARC,AHR,USP53,FOXO1,SPTBN1,STARD13,ABCA6,ARHGAP29,ABCA8,LAMC1,CDH19,RBMS3,LAMA4,SAMHD1,EHBP1,LGI4,DLC1,PMP22,VIM"
"gene_set_query"	"8"	"0.004978"	"SOX13"	"SOX13"	"18"	"299"	"1.331E-13"	"2.38E-11"	"12.75"	"GTEx--Coexpression"	"GALNT15,ADAMTS9-AS2,AHR,WSB1,COL4A2,PLPP1,USP53,FOXO1,STARD13,ABCA6,ARHGAP29,GULP1,CLIC4,CAB39L,RBMS3,SAMHD1,LGI4,PMP22"
"gene_set_query"	"9"	"0.0056"	"FOXE3"	"FOXE3"	"18"	"299"	"1.331E-13"	"2.38E-11"	"12.75"	"GTEx--Coexpression"	"GLUL,PRIMA1,USP53,KCNMB4,SPTBN1,L1CAM,DAB1,BMPR1B,ITGB4,CHL1,SORCS2,GAS7,CDH19,NRXN1,NRXN3,EHBP1,LGI4,PMP22"
"gene_set_query"	"10"	"0.006223"	"MEOX2"	"MEOX2"	"17"	"299"	"1.46E-12"	"2.13E-10"	"12.0"	"GTEx--Coexpression"	"SPARC,ADAMTS9-AS2,AHR,USP53,SPTBN1,STARD13,ABCA6,ARHGAP29,ABCA8,GAB1,RBMS3,LAMA4,EHBP1,LGI4,DLC1,PMP22,VIM"
"gene_set_query"	"11"	"0.006845"	"NR2F2"	"NR2F2"	"17"	"299"	"1.46E-12"	"2.13E-10"	"12.0"	"GTEx--Coexpression"	"ADAMTS9-AS2,AHR,PRIMA1,WSB1,STK3,STARD13,ABCA6,ABCA8,GULP1,CLIC4,SH3PXD2A,GAB1,RBMS3,EHBP1,LGI4,PMP22,VIM"
"gene_set_query"	"12"	"0.007467"	"HIF3A"	"HIF3A"	"15"	"299"	"1.5E-10"	"1.94E-8"	"10.51"	"GTEx--Coexpression"	"ADAMTS9-AS2,COL4A2,VCL,ARHGEF26,ABCA6,CLIC4,CAB39L,ITGA1,RARB,PDZRN3,RBMS3,PRICKLE2,SAMHD1,SORBS1,SSBP2"
"gene_set_query"	"13"	"0.00809"	"KLF9"	"KLF9"	"15"	"300"	"1.571E-10"	"1.94E-8"	"10.47"	"GTEx--Coexpression"	"GALNT15,ADAMTS9-AS2,GLUL,COL4A2,PLPP1,USP53,FOXO1,STK3,KLHL29,STARD13,ABCA6,ARHGAP29,CLIC4,RBMS3,SAMHD1"
"gene_set_query"	"14"	"0.008712"	"BNC2"	"BNC2"	"13"	"299"	"1.219E-8"	"1.4E-6"	"9.045"	"GTEx--Coexpression"	"ADAMTS9-AS2,PRIMA1,STK3,STARD13,ABCA8,COL5A1,LAMC1,SH3PXD2A,BOC,PDZRN3,LAMA4,PRICKLE2,EHBP1"
"gene_set_query"	"15"	"0.009334"	"TCF7L1"	"TCF7L1"	"12"	"297"	"9.262E-8"	"8.29E-6"	"8.379"	"GTEx--Coexpression"	"ADAMTS9-AS2,COL4A2,PLPP1,EPHA3,VCL,STK3,ARHGAP29,CLIC4,BOC,ITGA1,PDZRN3,RBMS3"
"gene_set_query"	"16"	"0.009956"	"HOXA2"	"HOXA2"	"12"	"298"	"9.602E-8"	"8.29E-6"	"8.35"	"GTEx--Coexpression"	"ADAMTS9-AS2,COL4A2,VCL,ARHGEF26,GULP1,CLIC4,BOC,ITGA1,GAB1,PDZRN3,PRICKLE2,SORBS1"
"gene_set_query"	"17"	"0.01058"	"ZNF503"	"ZNF503"	"12"	"299"	"9.952E-8"	"8.29E-6"	"8.321"	"GTEx--Coexpression"	"ADAMTS9-AS2,VCL,ARHGEF26,GULP1,COL5A1,BOC,ITGA1,RARB,PDZRN3,LAMA4,PRICKLE2,SORBS1"
"gene_set_query"	"18"	"0.0112"	"TET1"	"TET1"	"12"	"299"	"9.952E-8"	"8.29E-6"	"8.321"	"GTEx--Coexpression"	"AHR,PRIMA1,STARD13,ABCA6,ABCA8,COL5A1,SH3PXD2A,LAMA4,EHBP1,LGI4,PMP22,VIM"
"gene_set_query"	"19"	"0.01182"	"FOXP1"	"FOXP1"	"12"	"300"	"1.031E-7"	"8.29E-6"	"8.292"	"GTEx--Coexpression"	"ADAMTS9-AS2,COL4A2,VCL,ARHGEF26,CLIC4,BOC,ITGA1,RARB,PDZRN3,PRICKLE2,SORBS1,SSBP2"
"gene_set_query"	"20"	"0.01245"	"PLAG1"	"PLAG1"	"12"	"300"	"1.031E-7"	"8.29E-6"	"8.292"	"GTEx--Coexpression"	"AHR,MAP3K4,PRIMA1,WSB1,USP53,STARD13,ABCA8,SH3PXD2A,CDH19,EHBP1,LGI4,PMP22"
"gene_set_query"	"21"	"0.01307"	"KLF15"	"KLF15"	"11"	"296"	"6.851E-7"	"5.24E-5"	"7.681"	"GTEx--Coexpression"	"GALNT15,ADAMTS9-AS2,GLUL,USP53,ARHGEF26,FOXO1,ABCA6,CLIC4,RBMS3,SAMHD1,SORBS1"
"gene_set_query"	"22"	"0.01369"	"SETBP1"	"SETBP1"	"11"	"298"	"7.313E-7"	"5.28E-5"	"7.627"	"GTEx--Coexpression"	"ADAMTS9-AS2,COL4A2,VCL,STK3,CLIC4,ITGA1,PDZRN3,RBMS3,PRICKLE2,SORBS1,SSBP2"
"gene_set_query"	"23"	"0.01431"	"PRDM5"	"PRDM5"	"11"	"299"	"7.554E-7"	"5.28E-5"	"7.601"	"GTEx--Coexpression"	"ADAMTS9-AS2,WSB1,FNDC3B,FNDC3A,STK3,STARD13,GULP1,COL5A1,CLIC4,RBMS3,VIM"
"gene_set_query"	"24"	"0.01493"	"ZEB1"	"ZEB1"	"10"	"296"	"4.852E-6"	"2.19E-4"	"6.958"	"GTEx--Coexpression"	"COL4A2,VCL,COL5A1,CLIC4,LAMC1,ITGA1,PDZRN3,LAMA4,PRICKLE2,SORBS1"
"gene_set_query"	"25"	"0.01556"	"ZBTB8A"	"ZBTB8A"	"10"	"298"	"5.144E-6"	"2.19E-4"	"6.91"	"GTEx--Coexpression"	"ADAMTS9-AS2,COL4A2,VCL,FOXO1,ABCA6,ARHGAP29,CLIC4,LAMC1,RBMS3,LAMA4"
"gene_set_query"	"26"	"0.01618"	"SHOX2"	"SHOX2"	"10"	"298"	"5.144E-6"	"2.19E-4"	"6.91"	"GTEx--Coexpression"	"GALNT15,AHR,ROR1,USP53,ABCA6,CLIC4,LAMC1,RBMS3,LAMA4,VIM"
"gene_set_query"	"27"	"0.0168"	"RARB"	"RARB"	"10"	"298"	"5.144E-6"	"2.19E-4"	"6.91"	"GTEx--Coexpression"	"DGKB,LMO3,VCL,ARHGEF26,ITGA1,GAB1,PDZRN3,PRICKLE2,SORBS1,SSBP2"
"gene_set_query"	"28"	"0.01742"	"TSHZ3"	"TSHZ3"	"10"	"298"	"5.144E-6"	"2.19E-4"	"6.91"	"GTEx--Coexpression"	"ADAMTS9-AS2,VCL,STK3,STARD13,COL5A1,BOC,ITGA1,PDZRN3,LAMA4,PRICKLE2"
"gene_set_query"	"29"	"0.01805"	"HOXA4"	"HOXA4"	"10"	"299"	"5.296E-6"	"2.19E-4"	"6.886"	"GTEx--Coexpression"	"VCL,ARHGEF26,BOC,ITGA1,GAB1,RARB,PDZRN3,LAMA4,PRICKLE2,SORBS1"
"gene_set_query"	"30"	"0.01867"	"ZFHX3"	"ZFHX3"	"10"	"299"	"5.296E-6"	"2.19E-4"	"6.886"	"GTEx--Coexpression"	"ADAMTS9-AS2,COL4A2,ROR1,PLPP1,VCL,GULP1,CNTN4,CLIC4,RBMS3,SORBS1"
"gene_set_query"	"31"	"0.01929"	"ATF4"	"ATF4"	"10"	"299"	"5.296E-6"	"2.19E-4"	"6.886"	"GTEx--Coexpression"	"COL4A2,VCL,STK3,STARD13,CLIC4,ITGA1,PDZRN3,LAMA4,PRICKLE2,SORBS1"
"gene_set_query"	"32"	"0.01991"	"HOXA3"	"HOXA3"	"10"	"299"	"5.296E-6"	"2.19E-4"	"6.886"	"GTEx--Coexpression"	"ADAMTS9-AS2,COL4A2,VCL,GULP1,BOC,ITGA1,PDZRN3,LAMA4,PRICKLE2,SORBS1"
"gene_set_query"	"33"	"0.02054"	"ZHX3"	"ZHX3"	"10"	"299"	"5.296E-6"	"2.19E-4"	"6.886"	"GTEx--Coexpression"	"VCL,ARHGEF26,BMPR1B,CAB39L,ITGA1,RARB,PDZRN3,PRICKLE2,SORBS1,SSBP2"
"gene_set_query"	"34"	"0.02116"	"TEAD1"	"TEAD1"	"10"	"299"	"5.296E-6"	"2.19E-4"	"6.886"	"GTEx--Coexpression"	"VCL,USP53,FOXO1,KLHL29,STARD13,LAMC1,PDZRN3,LAMA4,EHBP1,SORBS1"
"gene_set_query"	"35"	"0.02178"	"HAND1"	"HAND1"	"10"	"300"	"5.452E-6"	"2.19E-4"	"6.862"	"GTEx--Coexpression"	"PRIMA1,VCL,ARHGEF26,STARD13,CAB39L,SIPA1L2,ITGA1,PDZRN3,PRICKLE2,SORBS1"
"gene_set_query"	"36"	"0.0224"	"NKX61"	"NKX61"	"10"	"300"	"5.452E-6"	"2.19E-4"	"6.862"	"GTEx--Coexpression"	"VCL,ARHGEF26,BOC,ITGA1,RARB,PDZRN3,LAMA4,PRICKLE2,SORBS1,SSBP2"
"gene_set_query"	"37"	"0.02302"	"NKX32"	"NKX32"	"10"	"300"	"5.452E-6"	"2.19E-4"	"6.862"	"GTEx--Coexpression"	"PRIMA1,VCL,ARHGEF26,STARD13,CAB39L,BOC,ITGA1,PDZRN3,PRICKLE2,SORBS1"
"gene_set_query"	"38"	"0.02365"	"FOXF1"	"FOXF1"	"10"	"300"	"5.452E-6"	"2.19E-4"	"6.862"	"GTEx--Coexpression"	"COL4A2,VCL,ARHGEF26,CAB39L,BOC,ITGA1,PDZRN3,LAMA4,PRICKLE2,SORBS1"
"gene_set_query"	"39"	"0.02427"	"ATOH8"	"ATOH8"	"10"	"300"	"5.452E-6"	"2.19E-4"	"6.862"	"GTEx--Coexpression"	"GALNT15,ADAMTS9-AS2,PLPP1,EPHA3,FOXO1,ABCA6,ARHGAP29,RBMS3,SAMHD1,VIM"
"gene_set_query"	"40"	"0.02489"	"ZNF219"	"ZNF219"	"10"	"300"	"5.452E-6"	"2.19E-4"	"6.862"	"GTEx--Coexpression"	"COL4A2,VCL,ARHGEF26,KLHL29,CAB39L,BOC,ITGA1,PDZRN3,PRICKLE2,SORBS1"
"gene_set_query"	"41"	"0.02551"	"KLF7"	"KLF7"	"9"	"298"	"3.317E-5"	"0.00108"	"6.197"	"GTEx--Coexpression"	"FNDC3B,COL4A2,ARHGAP29,CLIC4,LAMC1,ITGA1,RBMS3,LAMA4,DLC1"
"gene_set_query"	"42"	"0.02614"	"GSX2"	"GSX2"	"9"	"298"	"3.317E-5"	"0.00108"	"6.197"	"GTEx--Coexpression"	"KCNMB4,SPTBN1,GPM6B,BMPR1B,SLC35F1,CHL1,ARAP2,SORCS2,ERBIN"
"gene_set_query"	"43"	"0.02676"	"HLF"	"HLF"	"9"	"299"	"3.403E-5"	"0.00108"	"6.176"	"GTEx--Coexpression"	"LMO3,ARHGEF26,RARB,PDZRN3,NRXN1,NRXN3,PRICKLE2,SORBS1,SSBP2"
"gene_set_query"	"44"	"0.02738"	"OSR1"	"OSR1"	"9"	"299"	"3.403E-5"	"0.00108"	"6.176"	"GTEx--Coexpression"	"COL4A2,ROR1,VCL,CNTN4,CLIC4,ITGA1,PDZRN3,RBMS3,SORBS1"
"gene_set_query"	"45"	"0.028"	"PHOX2B"	"PHOX2B"	"9"	"299"	"3.403E-5"	"0.00108"	"6.176"	"GTEx--Coexpression"	"PRIMA1,VCL,ARHGEF26,STARD13,CAB39L,ITGA1,PDZRN3,PRICKLE2,SORBS1"
"gene_set_query"	"46"	"0.02862"	"ZNF449"	"ZNF449"	"9"	"299"	"3.403E-5"	"0.00108"	"6.176"	"GTEx--Coexpression"	"ADAMTS9-AS2,WSB1,FNDC3B,COL4A2,STARD13,ARHGAP29,GULP1,ITGA1,RBMS3"
"gene_set_query"	"47"	"0.02925"	"HOXB3"	"HOXB3"	"9"	"300"	"3.492E-5"	"0.00108"	"6.155"	"GTEx--Coexpression"	"COL4A2,VCL,ARHGEF26,BOC,ITGA1,PDZRN3,LAMA4,PRICKLE2,SORBS1"
"gene_set_query"	"48"	"0.02987"	"TEAD2"	"TEAD2"	"9"	"300"	"3.492E-5"	"0.00108"	"6.155"	"GTEx--Coexpression"	"COL4A2,VCL,STK3,CLIC4,ITGA1,ARAP2,PDZRN3,PRICKLE2,SORBS1"
"gene_set_query"	"49"	"0.03049"	"HOXB4"	"HOXB4"	"9"	"300"	"3.492E-5"	"0.00108"	"6.155"	"GTEx--Coexpression"	"COL4A2,VCL,ARHGEF26,BOC,ITGA1,PDZRN3,LAMA4,PRICKLE2,SORBS1"
"gene_set_query"	"50"	"0.03111"	"SMAD9"	"SMAD9"	"9"	"300"	"3.492E-5"	"0.00108"	"6.155"	"GTEx--Coexpression"	"ADAMTS9-AS2,EPHA3,VCL,GLIS3,CNTN4,CLIC4,ITGA1,RBMS3,SORBS1"
"gene_set_query"	"51"	"0.03174"	"HOXB2"	"HOXB2"	"9"	"300"	"3.492E-5"	"0.00108"	"6.155"	"GTEx--Coexpression"	"COL4A2,VCL,ARHGEF26,BOC,ITGA1,PDZRN3,LAMA4,PRICKLE2,SORBS1"
"gene_set_query"	"52"	"0.03236"	"FOXF2"	"FOXF2"	"9"	"300"	"3.492E-5"	"0.00108"	"6.155"	"GTEx--Coexpression"	"VCL,ARHGEF26,BOC,ITGA1,RARB,PDZRN3,LAMA4,PRICKLE2,SORBS1"
"gene_set_query"	"53"	"0.03298"	"MKX"	"MKX"	"8"	"296"	"1.857E-4"	"0.0046"	"5.528"	"GTEx--Coexpression"	"ADAMTS9-AS2,ROR1,EPHA3,VCL,CLIC4,ITGA1,PDZRN3,SORBS1"
"gene_set_query"	"54"	"0.0336"	"FOXS1"	"FOXS1"	"8"	"297"	"1.899E-4"	"0.0046"	"5.509"	"GTEx--Coexpression"	"SPARC,ADAMTS9-AS2,ROR1,GULP1,CNTN4,CLIC4,RBMS3,VIM"
"gene_set_query"	"55"	"0.03423"	"CREB3L2"	"CREB3L2"	"8"	"297"	"1.899E-4"	"0.0046"	"5.509"	"GTEx--Coexpression"	"FNDC3B,FNDC3A,COL4A2,EPHA3,GLIS3,GULP1,CLIC4,RBMS3"
"gene_set_query"	"56"	"0.03485"	"EBF1"	"EBF1"	"8"	"297"	"1.899E-4"	"0.0046"	"5.509"	"GTEx--Coexpression"	"GALNT15,PLPP1,ABCA6,ARHGAP29,LAMC1,RBMS3,DLC1,VIM"
"gene_set_query"	"57"	"0.03547"	"PRRX1"	"PRRX1"	"8"	"297"	"1.899E-4"	"0.0046"	"5.509"	"GTEx--Coexpression"	"FNDC3B,ROR1,ARHGAP29,CLIC4,LAMC1,RBMS3,LAMA4,VIM"
"gene_set_query"	"58"	"0.03609"	"BARX1"	"BARX1"	"8"	"298"	"1.943E-4"	"0.0046"	"5.49"	"GTEx--Coexpression"	"VCL,ARHGEF26,CAB39L,BOC,ITGA1,PDZRN3,PRICKLE2,SORBS1"
"gene_set_query"	"59"	"0.03671"	"SCMH1"	"SCMH1"	"8"	"298"	"1.943E-4"	"0.0046"	"5.49"	"GTEx--Coexpression"	"ADAMTS9-AS2,COL4A2,VCL,ITGA1,ARAP2,PDZRN3,PRICKLE2,SORBS1"
"gene_set_query"	"60"	"0.03734"	"GLI2"	"GLI2"	"8"	"298"	"1.943E-4"	"0.0046"	"5.49"	"GTEx--Coexpression"	"ADAMTS9-AS2,VCL,COL5A1,BOC,PDZRN3,LAMA4,PRICKLE2,SSBP2"
"gene_set_query"	"61"	"0.03796"	"HOXD10"	"HOXD10"	"8"	"299"	"1.987E-4"	"0.0046"	"5.471"	"GTEx--Coexpression"	"ADAMTS9-AS2,MAP3K4,STK3,COL5A1,SH3PXD2A,BOC,PDZRN3,PRICKLE2"
"gene_set_query"	"62"	"0.03858"	"ZBTB16"	"ZBTB16"	"8"	"299"	"1.987E-4"	"0.0046"	"5.471"	"GTEx--Coexpression"	"GALNT15,ADAMTS9-AS2,VCL,FOXO1,CLIC4,RBMS3,SAMHD1,SORBS1"
"gene_set_query"	"63"	"0.0392"	"PBX1"	"PBX1"	"8"	"299"	"1.987E-4"	"0.0046"	"5.471"	"GTEx--Coexpression"	"VCL,COL5A1,BOC,ITGA1,RARB,PDZRN3,PRICKLE2,SORBS1"
"gene_set_query"	"64"	"0.03983"	"EBF3"	"EBF3"	"8"	"299"	"1.987E-4"	"0.0046"	"5.471"	"GTEx--Coexpression"	"GALNT15,PLPP1,ABCA6,ARHGAP29,ABCA8,LAMC1,RBMS3,DLC1"
"gene_set_query"	"65"	"0.04045"	"HAND2"	"HAND2"	"8"	"299"	"1.987E-4"	"0.0046"	"5.471"	"GTEx--Coexpression"	"VCL,ARHGEF26,CAB39L,BOC,ITGA1,PDZRN3,PRICKLE2,SORBS1"
"gene_set_query"	"66"	"0.04107"	"TEAD3"	"TEAD3"	"8"	"299"	"1.987E-4"	"0.0046"	"5.471"	"GTEx--Coexpression"	"COL4A2,VCL,ARHGEF26,BOC,ITGA1,PDZRN3,PRICKLE2,SORBS1"
"gene_set_query"	"67"	"0.04169"	"MYCN"	"MYCN"	"8"	"299"	"1.987E-4"	"0.0046"	"5.471"	"GTEx--Coexpression"	"APP,KCNMB4,SPTBN1,GPM6B,SLC35F1,CHL1,SORCS2,PMP22"
"gene_set_query"	"68"	"0.04231"	"MAFK"	"MAFK"	"8"	"299"	"1.987E-4"	"0.0046"	"5.471"	"GTEx--Coexpression"	"ADAMTS9-AS2,COL4A2,VCL,CLIC4,ITGA1,PDZRN3,RBMS3,SORBS1"
"gene_set_query"	"69"	"0.04294"	"FOXP2"	"FOXP2"	"8"	"300"	"2.032E-4"	"0.0046"	"5.452"	"GTEx--Coexpression"	"VCL,ARHGEF26,CAB39L,BOC,ITGA1,PDZRN3,PRICKLE2,SORBS1"
"gene_set_query"	"70"	"0.04356"	"FOXO1"	"FOXO1"	"8"	"300"	"2.032E-4"	"0.0046"	"5.452"	"GTEx--Coexpression"	"GALNT15,GLUL,KIAA1217,USP53,KLHL29,ABCA6,RBMS3,SAMHD1"
"gene_set_query"	"71"	"0.04418"	"MEIS1"	"MEIS1"	"8"	"300"	"2.032E-4"	"0.0046"	"5.452"	"GTEx--Coexpression"	"VCL,ARHGEF26,COL5A1,BOC,ITGA1,PDZRN3,PRICKLE2,SORBS1"
"gene_set_query"	"72"	"0.0448"	"NFYB"	"NFYB"	"7"	"297"	"0.001003"	"0.0178"	"4.803"	"GTEx--Coexpression"	"ROR1,VCL,CLIC4,CAB39L,ITGA1,PDZRN3,SORBS1"
"gene_set_query"	"73"	"0.04543"	"FOXC2"	"FOXC2"	"7"	"297"	"0.001003"	"0.0178"	"4.803"	"GTEx--Coexpression"	"ADAMTS9-AS2,ROR1,GULP1,CNTN4,CLIC4,RBMS3,VIM"
"gene_set_query"	"74"	"0.04605"	"HOXC5"	"HOXC5"	"7"	"297"	"0.001003"	"0.0178"	"4.803"	"GTEx--Coexpression"	"ADAMTS9-AS2,ROR1,STK3,LAMC1,RBMS3,LAMA4,VIM"
"gene_set_query"	"75"	"0.04667"	"FOXC1"	"FOXC1"	"7"	"297"	"0.001003"	"0.0178"	"4.803"	"GTEx--Coexpression"	"ADAMTS9-AS2,ROR1,GULP1,CNTN4,CLIC4,RBMS3,VIM"
"gene_set_query"	"76"	"0.04729"	"SOX8"	"SOX8"	"7"	"297"	"0.001003"	"0.0178"	"4.803"	"GTEx--Coexpression"	"LPAR1,KCNMB4,MAP4,GPM6B,SLC35F1,SORCS2,ERBIN"
"gene_set_query"	"77"	"0.04792"	"NR4A1"	"NR4A1"	"7"	"298"	"0.001022"	"0.0178"	"4.787"	"GTEx--Coexpression"	"ADAMTS9-AS2,WSB1,MALAT1,ABCA6,ABCA8,RBMS3,VIM"
"gene_set_query"	"78"	"0.04854"	"ZNF665"	"ZNF665"	"7"	"298"	"0.001022"	"0.0178"	"4.787"	"GTEx--Coexpression"	"ADAMTS9-AS2,COL5A1,CLIC4,LAMC1,RBMS3,LAMA4,VIM"
"gene_set_query"	"79"	"0.04916"	"TBX18"	"TBX18"	"7"	"298"	"0.001022"	"0.0178"	"4.787"	"GTEx--Coexpression"	"ADAMTS9-AS2,ROR1,GULP1,CNTN4,CLIC4,RBMS3,VIM"
"gene_set_query"	"80"	"0.04978"	"ZNF618"	"ZNF618"	"7"	"298"	"0.001022"	"0.0178"	"4.787"	"GTEx--Coexpression"	"FNDC3B,FNDC3A,ROR1,GLIS3,GULP1,RBMS3,VIM"
"gene_set_query"	"81"	"0.0504"	"PRDM16"	"PRDM16"	"7"	"298"	"0.001022"	"0.0178"	"4.787"	"GTEx--Coexpression"	"ADAMTS9-AS2,ROR1,GULP1,CNTN4,CLIC4,RBMS3,VIM"
"gene_set_query"	"82"	"0.05103"	"SRF"	"SRF"	"7"	"298"	"0.001022"	"0.0178"	"4.787"	"GTEx--Coexpression"	"COL4A2,VCL,CLIC4,ITGA1,PDZRN3,PRICKLE2,SORBS1"
"gene_set_query"	"83"	"0.05165"	"HEYL"	"HEYL"	"7"	"298"	"0.001022"	"0.0178"	"4.787"	"GTEx--Coexpression"	"COL4A2,ROR1,EPHA3,GULP1,CNTN4,CLIC4,RBMS3"
"gene_set_query"	"84"	"0.05227"	"PGR"	"PGR"	"7"	"298"	"0.001022"	"0.0178"	"4.787"	"GTEx--Coexpression"	"ADAMTS9-AS2,VCL,STK3,GULP1,COL5A1,PDZRN3,PRICKLE2"
"gene_set_query"	"85"	"0.05289"	"ZEB2"	"ZEB2"	"7"	"298"	"0.001022"	"0.0178"	"4.787"	"GTEx--Coexpression"	"PDE8A,LPAR1,KCNMB4,MAP4,SPTBN1,GPM6B,ERBIN"
"gene_set_query"	"86"	"0.05352"	"GLIS2"	"GLIS2"	"7"	"299"	"0.001042"	"0.0178"	"4.771"	"GTEx--Coexpression"	"ADAMTS9-AS2,COL4A2,GULP1,CNTN4,CLIC4,ITGA1,RBMS3"
"gene_set_query"	"87"	"0.05414"	"ZNF536"	"ZNF536"	"7"	"299"	"0.001042"	"0.0178"	"4.771"	"GTEx--Coexpression"	"LPAR1,KCNMB4,MAP4,GPM6B,SORCS2,GAS7,NRXN1"
"gene_set_query"	"88"	"0.05476"	"TBX2"	"TBX2"	"7"	"299"	"0.001042"	"0.0178"	"4.771"	"GTEx--Coexpression"	"WSB1,COL4A2,ARHGAP29,CLIC4,ITGA1,RBMS3,DLC1"
"gene_set_query"	"89"	"0.05538"	"PRDM6"	"PRDM6"	"7"	"299"	"0.001042"	"0.0178"	"4.771"	"GTEx--Coexpression"	"ADAMTS9-AS2,COL4A2,ROR1,VCL,GULP1,CNTN4,CLIC4"
"gene_set_query"	"90"	"0.056"	"TERF1"	"TERF1"	"7"	"299"	"0.001042"	"0.0178"	"4.771"	"GTEx--Coexpression"	"ADAMTS9-AS2,CNTN4,CLIC4,NRXN1,NRXN3,EHBP1,SSBP2"
"gene_set_query"	"91"	"0.05663"	"NFATC4"	"NFATC4"	"7"	"299"	"0.001042"	"0.0178"	"4.771"	"GTEx--Coexpression"	"ADAMTS9-AS2,STK3,COL5A1,BOC,PDZRN3,RBMS3,PRICKLE2"
"gene_set_query"	"92"	"0.05725"	"ZNF649"	"ZNF649"	"7"	"299"	"0.001042"	"0.0178"	"4.771"	"GTEx--Coexpression"	"ROR1,VCL,STK3,CLIC4,PDZRN3,SORBS1,SSBP2"
"gene_set_query"	"93"	"0.05787"	"UBP1"	"UBP1"	"7"	"300"	"0.001062"	"0.0178"	"4.754"	"GTEx--Coexpression"	"COL4A2,ROR1,VCL,CLIC4,ITGA1,PDZRN3,SORBS1"
"gene_set_query"	"94"	"0.05849"	"CEBPD"	"CEBPD"	"7"	"300"	"0.001062"	"0.0178"	"4.754"	"GTEx--Coexpression"	"ADAMTS9-AS2,AHR,FNDC3B,ANK2,STK3,ABCA6,RBMS3"
"gene_set_query"	"95"	"0.05912"	"HOXD13"	"HOXD13"	"7"	"300"	"0.001062"	"0.0178"	"4.754"	"GTEx--Coexpression"	"EPHA3,VCL,COL5A1,CAB39L,BOC,PDZRN3,PRICKLE2"
"gene_set_query"	"96"	"0.05974"	"HOXD12"	"HOXD12"	"7"	"300"	"0.001062"	"0.0178"	"4.754"	"GTEx--Coexpression"	"EPHA3,VCL,COL5A1,CAB39L,BOC,PDZRN3,PRICKLE2"
"gene_set_query"	"97"	"0.06036"	"GABPA"	"GABPA"	"6"	"296"	"0.004618"	"0.0694"	"4.117"	"GTEx--Coexpression"	"FNDC3B,STK3,ABCA6,ARHGAP29,LAMC1,RBMS3"
"gene_set_query"	"98"	"0.06098"	"HOXA11"	"HOXA11"	"6"	"297"	"0.004692"	"0.0694"	"4.103"	"GTEx--Coexpression"	"ADAMTS9-AS2,VCL,STK3,COL5A1,PDZRN3,PRICKLE2"
"gene_set_query"	"99"	"0.06161"	"OSR2"	"OSR2"	"6"	"297"	"0.004692"	"0.0694"	"4.103"	"GTEx--Coexpression"	"ADAMTS9-AS2,MAP3K4,FOXO1,STK3,COL5A1,SH3PXD2A"
"gene_set_query"	"100"	"0.06223"	"ERG"	"ERG"	"6"	"298"	"0.004768"	"0.0694"	"4.089"	"GTEx--Coexpression"	"COL4A2,PLPP1,ARHGAP29,CLIC4,RBMS3,DLC1"
"gene_set_query"	"101"	"0.06285"	"MXI1"	"MXI1"	"6"	"298"	"0.004768"	"0.0694"	"4.089"	"GTEx--Coexpression"	"ARHGEF26,GAB1,RARB,PDZRN3,SORBS1,SSBP2"
"gene_set_query"	"102"	"0.06347"	"TCF7L2"	"TCF7L2"	"6"	"298"	"0.004768"	"0.0694"	"4.089"	"GTEx--Coexpression"	"ADAMTS9-AS2,FNDC3B,COL4A2,PLPP1,ARHGAP29,RBMS3"
"gene_set_query"	"103"	"0.06409"	"HDX"	"HDX"	"6"	"298"	"0.004768"	"0.0694"	"4.089"	"GTEx--Coexpression"	"ADAMTS9-AS2,ROR1,CNTN4,CLIC4,RBMS3,SSBP2"
"gene_set_query"	"104"	"0.06472"	"HIC1"	"HIC1"	"6"	"298"	"0.004768"	"0.0694"	"4.089"	"GTEx--Coexpression"	"ABCA6,ABCA8,COL5A1,BOC,LAMA4,DLC1"
"gene_set_query"	"105"	"0.06534"	"AEBP1"	"AEBP1"	"6"	"298"	"0.004768"	"0.0694"	"4.089"	"GTEx--Coexpression"	"ADAMTS9-AS2,COL4A2,GULP1,CNTN4,CLIC4,RBMS3"
"gene_set_query"	"106"	"0.06596"	"ISL1"	"ISL1"	"6"	"298"	"0.004768"	"0.0694"	"4.089"	"GTEx--Coexpression"	"EPHA3,NEDD4L,COL5A1,BOC,PDZRN3,PRICKLE2"
"gene_set_query"	"107"	"0.06658"	"HOXD9"	"HOXD9"	"6"	"298"	"0.004768"	"0.0694"	"4.089"	"GTEx--Coexpression"	"ADAMTS9-AS2,MAP3K4,STK3,COL5A1,SH3PXD2A,BOC"
"gene_set_query"	"108"	"0.06721"	"NR2F1"	"NR2F1"	"6"	"299"	"0.004844"	"0.0694"	"4.075"	"GTEx--Coexpression"	"CNN3,KCNMB4,SPTBN1,BMPR1B,SORCS2,NRXN1"
"gene_set_query"	"109"	"0.06783"	"SP7"	"SP7"	"6"	"299"	"0.004844"	"0.0694"	"4.075"	"GTEx--Coexpression"	"SPARC,CLU,KCNMB4,SPTBN1,GPM6B,SORCS2"
"gene_set_query"	"110"	"0.06845"	"GLI3"	"GLI3"	"6"	"299"	"0.004844"	"0.0694"	"4.075"	"GTEx--Coexpression"	"COL5A1,LAMC1,BOC,PDZRN3,LAMA4,PRICKLE2"
"gene_set_query"	"111"	"0.06907"	"ZNF621"	"ZNF621"	"6"	"299"	"0.004844"	"0.0694"	"4.075"	"GTEx--Coexpression"	"LPAR1,LAMC1,SH3PXD2A,IL1RAPL2,LAMA4,ERBIN"
"gene_set_query"	"112"	"0.0697"	"NFIA"	"NFIA"	"6"	"299"	"0.004844"	"0.0694"	"4.075"	"GTEx--Coexpression"	"CAB39L,PDZRN3,RBMS3,PRICKLE2,SORBS1,SSBP2"
"gene_set_query"	"113"	"0.07032"	"SMAD3"	"SMAD3"	"6"	"300"	"0.004921"	"0.0694"	"4.061"	"GTEx--Coexpression"	"FNDC3B,NEAT1,KIAA1217,GLIS3,GAS7,NRXN3"
"gene_set_query"	"114"	"0.07094"	"HOXD11"	"HOXD11"	"6"	"300"	"0.004921"	"0.0694"	"4.061"	"GTEx--Coexpression"	"ADAMTS9-AS2,COL5A1,SH3PXD2A,BOC,PDZRN3,PRICKLE2"
"gene_set_query"	"115"	"0.07156"	"DUXA"	"DUXA"	"5"	"296"	"0.01889"	"0.216"	"3.419"	"GTEx--Coexpression"	"ROR1,GULP1,CNTN4,CLIC4,RBMS3"
"gene_set_query"	"116"	"0.07218"	"ZNF639"	"ZNF639"	"5"	"297"	"0.01913"	"0.216"	"3.408"	"GTEx--Coexpression"	"VCL,CLIC4,ITGA1,PDZRN3,SORBS1"
"gene_set_query"	"117"	"0.07281"	"ELK3"	"ELK3"	"5"	"297"	"0.01913"	"0.216"	"3.408"	"GTEx--Coexpression"	"FNDC3B,ARHGAP29,LAMC1,LAMA4,DLC1"
"gene_set_query"	"118"	"0.07343"	"FOXD4L5"	"FOXD4L5"	"5"	"297"	"0.01913"	"0.216"	"3.408"	"GTEx--Coexpression"	"GALNT15,GLUL,FOXO1,SPTBN1,DLC1"
"gene_set_query"	"119"	"0.07405"	"SIM1"	"SIM1"	"5"	"297"	"0.01913"	"0.216"	"3.408"	"GTEx--Coexpression"	"FNDC3B,MAN2A1,ARHGAP24,LAMC1,LAMA4"
"gene_set_query"	"120"	"0.07467"	"MSX1"	"MSX1"	"5"	"297"	"0.01913"	"0.216"	"3.408"	"GTEx--Coexpression"	"GALNT15,ARHGAP29,LAMC1,RBMS3,DLC1"
"gene_set_query"	"121"	"0.0753"	"LHX6"	"LHX6"	"5"	"298"	"0.01938"	"0.216"	"3.396"	"GTEx--Coexpression"	"GALNT15,SPTBN1,ARHGAP29,MT-CYB,DLC1"
"gene_set_query"	"122"	"0.07592"	"SIX5"	"SIX5"	"5"	"298"	"0.01938"	"0.216"	"3.396"	"GTEx--Coexpression"	"ADAMTS9-AS2,VCL,GULP1,PDZRN3,SORBS1"
"gene_set_query"	"123"	"0.07654"	"ZNF442"	"ZNF442"	"5"	"298"	"0.01938"	"0.216"	"3.396"	"GTEx--Coexpression"	"ADAMTS9-AS2,STK3,CLIC4,RBMS3,VIM"
"gene_set_query"	"124"	"0.07716"	"FOXL1"	"FOXL1"	"5"	"298"	"0.01938"	"0.216"	"3.396"	"GTEx--Coexpression"	"ROR1,CNTN4,CLIC4,RBMS3,VIM"
"gene_set_query"	"125"	"0.07778"	"MEIS2"	"MEIS2"	"5"	"298"	"0.01938"	"0.216"	"3.396"	"GTEx--Coexpression"	"DGKB,LMO3,RARB,PDZRN3,PRICKLE2"
"gene_set_query"	"126"	"0.07841"	"POGK"	"POGK"	"5"	"298"	"0.01938"	"0.216"	"3.396"	"GTEx--Coexpression"	"LPAR1,KCNMB4,MAP4,GPM6B,ERBIN"
"gene_set_query"	"127"	"0.07903"	"ZNF280D"	"ZNF280D"	"5"	"298"	"0.01938"	"0.216"	"3.396"	"GTEx--Coexpression"	"ADAMTS9-AS2,GULP1,GAB1,RBMS3,SSBP2"
"gene_set_query"	"128"	"0.07965"	"POU4F3"	"POU4F3"	"5"	"298"	"0.01938"	"0.216"	"3.396"	"GTEx--Coexpression"	"ROR1,CNTN4,CLIC4,RBMS3,VIM"
"gene_set_query"	"129"	"0.08027"	"ZNF697"	"ZNF697"	"5"	"298"	"0.01938"	"0.216"	"3.396"	"GTEx--Coexpression"	"FNDC3B,ARHGAP29,ARHGAP24,LAMC1,DLC1"
"gene_set_query"	"130"	"0.0809"	"TSHZ2"	"TSHZ2"	"5"	"298"	"0.01938"	"0.216"	"3.396"	"GTEx--Coexpression"	"STK3,ABCA6,ARHGAP29,BOC,RBMS3"
"gene_set_query"	"131"	"0.08152"	"ZNF362"	"ZNF362"	"5"	"299"	"0.01962"	"0.216"	"3.384"	"GTEx--Coexpression"	"ROR1,VCL,CNTN4,CLIC4,PDZRN3"
"gene_set_query"	"132"	"0.08214"	"AEBP2"	"AEBP2"	"5"	"299"	"0.01962"	"0.216"	"3.384"	"GTEx--Coexpression"	"ADAMTS9-AS2,ROR1,STK3,GULP1,CLIC4"
"gene_set_query"	"133"	"0.08276"	"FOXD4L4"	"FOXD4L4"	"5"	"299"	"0.01962"	"0.216"	"3.384"	"GTEx--Coexpression"	"ANK2,L1CAM,DAB1,GAS7,NRXN3"
"gene_set_query"	"134"	"0.08339"	"ZNF366"	"ZNF366"	"5"	"299"	"0.01962"	"0.216"	"3.384"	"GTEx--Coexpression"	"GALNT15,ABCA6,ARHGAP29,RBMS3,DLC1"
"gene_set_query"	"135"	"0.08401"	"SOX18"	"SOX18"	"5"	"299"	"0.01962"	"0.216"	"3.384"	"GTEx--Coexpression"	"PLPP1,ARHGAP29,MT-CYB,RBMS3,DLC1"
"gene_set_query"	"136"	"0.08463"	"SNAI1"	"SNAI1"	"5"	"299"	"0.01962"	"0.216"	"3.384"	"GTEx--Coexpression"	"FNDC3B,COL4A2,PLPP1,RBMS3,DLC1"
"gene_set_query"	"137"	"0.08525"	"ZBTB10"	"ZBTB10"	"5"	"299"	"0.01962"	"0.216"	"3.384"	"GTEx--Coexpression"	"ADAMTS9-AS2,GULP1,CNTN4,CLIC4,RBMS3"
"gene_set_query"	"138"	"0.08587"	"NCOA1"	"NCOA1"	"5"	"299"	"0.01962"	"0.216"	"3.384"	"GTEx--Coexpression"	"ANK2,GPM6B,SLC35F1,SORCS2,NRXN1"
"gene_set_query"	"139"	"0.0865"	"SOX17"	"SOX17"	"5"	"299"	"0.01962"	"0.216"	"3.384"	"GTEx--Coexpression"	"PLPP1,ABCA6,ARHGAP29,RBMS3,DLC1"
"gene_set_query"	"140"	"0.08712"	"NFIB"	"NFIB"	"5"	"299"	"0.01962"	"0.216"	"3.384"	"GTEx--Coexpression"	"PLPP1,ABCA6,ARHGAP29,MT-CYB,RBMS3"
"gene_set_query"	"141"	"0.08774"	"SNAPC2"	"SNAPC2"	"5"	"299"	"0.01962"	"0.216"	"3.384"	"GTEx--Coexpression"	"KIAA1217,VCL,COL5A1,PDZRN3,SORBS1"
"gene_set_query"	"142"	"0.08836"	"ATF7"	"ATF7"	"5"	"299"	"0.01962"	"0.216"	"3.384"	"GTEx--Coexpression"	"ADAMTS9-AS2,STK3,CLIC4,RBMS3,SSBP2"
"gene_set_query"	"143"	"0.08899"	"XPA"	"XPA"	"5"	"299"	"0.01962"	"0.216"	"3.384"	"GTEx--Coexpression"	"ADAMTS9-AS2,ITGA1,PDZRN3,SORBS1,SSBP2"
"gene_set_query"	"144"	"0.08961"	"GLIS3"	"GLIS3"	"5"	"299"	"0.01962"	"0.216"	"3.384"	"GTEx--Coexpression"	"FNDC3B,FNDC3A,NEAT1,CNN3,RBMS3"
"gene_set_query"	"145"	"0.09023"	"TSHZ1"	"TSHZ1"	"5"	"300"	"0.01987"	"0.216"	"3.373"	"GTEx--Coexpression"	"L1CAM,PDZRN3,NRXN3,PRICKLE2,SSBP2"
"gene_set_query"	"146"	"0.09085"	"RAX"	"RAX"	"5"	"300"	"0.01987"	"0.216"	"3.373"	"GTEx--Coexpression"	"WSB1,GAREM1,BOC,PRICKLE2,SSBP2"
"gene_set_query"	"147"	"0.09147"	"EPAS1"	"EPAS1"	"5"	"300"	"0.01987"	"0.216"	"3.373"	"GTEx--Coexpression"	"COL4A2,ARHGAP29,AKAP13,RBMS3,DLC1"
"gene_set_query"	"148"	"0.0921"	"ZNF326"	"ZNF326"	"5"	"300"	"0.01987"	"0.216"	"3.373"	"GTEx--Coexpression"	"PDE8A,LPAR1,MAP4,GPM6B,ERBIN"
"gene_set_query"	"149"	"0.09272"	"PRDM8"	"PRDM8"	"4"	"296"	"0.06588"	"0.547"	"2.726"	"GTEx--Coexpression"	"CAB39L,PDZRN3,PRICKLE2,SORBS1"
"gene_set_query"	"150"	"0.09334"	"TCF23"	"TCF23"	"4"	"296"	"0.06588"	"0.547"	"2.726"	"GTEx--Coexpression"	"COL5A1,AKAP13,BOC,PDZRN3"
"gene_set_query"	"151"	"0.09396"	"CENPB"	"CENPB"	"4"	"297"	"0.06652"	"0.547"	"2.717"	"GTEx--Coexpression"	"LPAR1,MAP4,GPM6B,ERBIN"
"gene_set_query"	"152"	"0.09459"	"HOXC4"	"HOXC4"	"4"	"297"	"0.06652"	"0.547"	"2.717"	"GTEx--Coexpression"	"ROR1,MAN2A1,LAMC1,VIM"
"gene_set_query"	"153"	"0.09521"	"HOXA5"	"HOXA5"	"4"	"297"	"0.06652"	"0.547"	"2.717"	"GTEx--Coexpression"	"PDE8A,KLHL29,ITGA1,SNTB1"
"gene_set_query"	"154"	"0.09583"	"ZNF311"	"ZNF311"	"4"	"297"	"0.06652"	"0.547"	"2.717"	"GTEx--Coexpression"	"LAMC1,LAMA4,EHBP1,VIM"
"gene_set_query"	"155"	"0.09645"	"HEY1"	"HEY1"	"4"	"297"	"0.06652"	"0.547"	"2.717"	"GTEx--Coexpression"	"DGKB,ANK2,SPTBN1,SLC35F1"
"gene_set_query"	"156"	"0.09708"	"JAZF1"	"JAZF1"	"4"	"297"	"0.06652"	"0.547"	"2.717"	"GTEx--Coexpression"	"VCL,ITGA1,PDZRN3,SORBS1"
"gene_set_query"	"157"	"0.0977"	"SOX11"	"SOX11"	"4"	"297"	"0.06652"	"0.547"	"2.717"	"GTEx--Coexpression"	"LMO3,INPP5F,GPM6B,SLC35F1"
"gene_set_query"	"158"	"0.09832"	"TWIST2"	"TWIST2"	"4"	"297"	"0.06652"	"0.547"	"2.717"	"GTEx--Coexpression"	"MAN2A1,COL5A1,LAMC1,LAMA4"
"gene_set_query"	"159"	"0.09894"	"ZNF24"	"ZNF24"	"4"	"298"	"0.06716"	"0.547"	"2.707"	"GTEx--Coexpression"	"LPAR1,MAP4,GPM6B,ERBIN"
"gene_set_query"	"160"	"0.09956"	"FOXO4"	"FOXO4"	"4"	"298"	"0.06716"	"0.547"	"2.707"	"GTEx--Coexpression"	"LPAR1,MAP4,GPM6B,ERBIN"
"gene_set_query"	"161"	"0.1002"	"ZNF676"	"ZNF676"	"4"	"298"	"0.06716"	"0.547"	"2.707"	"GTEx--Coexpression"	"ADAMTS9-AS2,EPHA3,GLIS3,RBMS3"
"gene_set_query"	"162"	"0.1008"	"JUN"	"JUN"	"4"	"298"	"0.06716"	"0.547"	"2.707"	"GTEx--Coexpression"	"AHR,ARHGAP29,BOC,DLC1"
"gene_set_query"	"163"	"0.1014"	"NKX62"	"NKX62"	"4"	"298"	"0.06716"	"0.547"	"2.707"	"GTEx--Coexpression"	"LPAR1,MAP4,GPM6B,ERBIN"
"gene_set_query"	"164"	"0.1021"	"SKIL"	"SKIL"	"4"	"298"	"0.06716"	"0.547"	"2.707"	"GTEx--Coexpression"	"FNDC3B,EPHA3,RBMS3,DLC1"
"gene_set_query"	"165"	"0.1027"	"MAFF"	"MAFF"	"4"	"298"	"0.06716"	"0.547"	"2.707"	"GTEx--Coexpression"	"ADAMTS9-AS2,STK3,RBMS3,DLC1"
"gene_set_query"	"166"	"0.1033"	"HOXD8"	"HOXD8"	"4"	"298"	"0.06716"	"0.547"	"2.707"	"GTEx--Coexpression"	"ADAMTS9-AS2,STK3,LAMC1,ARAP2"
"gene_set_query"	"167"	"0.1039"	"HOXC6"	"HOXC6"	"4"	"298"	"0.06716"	"0.547"	"2.707"	"GTEx--Coexpression"	"MAN2A1,LAMC1,LAMA4,VIM"
"gene_set_query"	"168"	"0.1045"	"HOXD4"	"HOXD4"	"4"	"298"	"0.06716"	"0.547"	"2.707"	"GTEx--Coexpression"	"ADAMTS9-AS2,STK3,COL5A1,LAMC1"
"gene_set_query"	"169"	"0.1052"	"ZNF664"	"ZNF664"	"4"	"298"	"0.06716"	"0.547"	"2.707"	"GTEx--Coexpression"	"LPAR1,MAP4,GPM6B,ERBIN"
"gene_set_query"	"170"	"0.1058"	"KLF12"	"KLF12"	"4"	"298"	"0.06716"	"0.547"	"2.707"	"GTEx--Coexpression"	"ROR1,VCL,CLIC4,SORBS1"
"gene_set_query"	"171"	"0.1064"	"ZNF22"	"ZNF22"	"4"	"299"	"0.06781"	"0.547"	"2.698"	"GTEx--Coexpression"	"FNDC3B,FNDC3A,GLIS3,DLC1"
"gene_set_query"	"172"	"0.107"	"SMAD5"	"SMAD5"	"4"	"299"	"0.06781"	"0.547"	"2.698"	"GTEx--Coexpression"	"ADAMTS9-AS2,STK3,LAMC1,RBMS3"
"gene_set_query"	"173"	"0.1077"	"EBF4"	"EBF4"	"4"	"299"	"0.06781"	"0.547"	"2.698"	"GTEx--Coexpression"	"MALAT1,EPHA3,BOC,PRICKLE2"
"gene_set_query"	"174"	"0.1083"	"HOXA13"	"HOXA13"	"4"	"299"	"0.06781"	"0.547"	"2.698"	"GTEx--Coexpression"	"EPHA3,COL5A1,CAB39L,PDZRN3"
"gene_set_query"	"175"	"0.1089"	"GSC"	"GSC"	"4"	"299"	"0.06781"	"0.547"	"2.698"	"GTEx--Coexpression"	"GALNT15,ABCA6,ARHGAP29,RBMS3"
"gene_set_query"	"176"	"0.1095"	"ZFP57"	"ZFP57"	"4"	"299"	"0.06781"	"0.547"	"2.698"	"GTEx--Coexpression"	"LPAR1,MAP4,GPM6B,ERBIN"
"gene_set_query"	"177"	"0.1101"	"PBX3"	"PBX3"	"4"	"299"	"0.06781"	"0.547"	"2.698"	"GTEx--Coexpression"	"CAB39L,ITGA1,RARB,PDZRN3"
"gene_set_query"	"178"	"0.1108"	"ZNF727"	"ZNF727"	"4"	"299"	"0.06781"	"0.547"	"2.698"	"GTEx--Coexpression"	"ADAMTS9-AS2,PDZRN3,SORBS1,SSBP2"
"gene_set_query"	"179"	"0.1114"	"ZNF160"	"ZNF160"	"4"	"299"	"0.06781"	"0.547"	"2.698"	"GTEx--Coexpression"	"WSB1,NEAT1,MALAT1,ARHGAP29"
"gene_set_query"	"180"	"0.112"	"DACH2"	"DACH2"	"4"	"299"	"0.06781"	"0.547"	"2.698"	"GTEx--Coexpression"	"DGKB,INPP5F,SLC35F1,PGM2L1"
"gene_set_query"	"181"	"0.1126"	"NR1H2"	"NR1H2"	"4"	"299"	"0.06781"	"0.547"	"2.698"	"GTEx--Coexpression"	"VCL,ITGA1,PDZRN3,SORBS1"
"gene_set_query"	"182"	"0.1133"	"ZNF34"	"ZNF34"	"4"	"299"	"0.06781"	"0.547"	"2.698"	"GTEx--Coexpression"	"ADAMTS9-AS2,CNTN4,NRXN3,SSBP2"
"gene_set_query"	"183"	"0.1139"	"THRB"	"THRB"	"4"	"299"	"0.06781"	"0.547"	"2.698"	"GTEx--Coexpression"	"CNTN4,PGM2L1,PDZRN3,SORBS1"
"gene_set_query"	"184"	"0.1145"	"NKX23"	"NKX23"	"4"	"300"	"0.06845"	"0.547"	"2.689"	"GTEx--Coexpression"	"CAB39L,ITGA1,PDZRN3,PRICKLE2"
"gene_set_query"	"185"	"0.1151"	"ETV1"	"ETV1"	"4"	"300"	"0.06845"	"0.547"	"2.689"	"GTEx--Coexpression"	"L1CAM,DAB1,GAS7,NRXN3"
"gene_set_query"	"186"	"0.1157"	"ZNF385D"	"ZNF385D"	"4"	"300"	"0.06845"	"0.547"	"2.689"	"GTEx--Coexpression"	"COL4A2,CNTN4,CLIC4,RBMS3"
"gene_set_query"	"187"	"0.1164"	"POU6F1"	"POU6F1"	"4"	"300"	"0.06845"	"0.547"	"2.689"	"GTEx--Coexpression"	"ANK2,L1CAM,NRXN1,NRXN3"
"gene_set_query"	"188"	"0.117"	"ZBTB4"	"ZBTB4"	"4"	"300"	"0.06845"	"0.547"	"2.689"	"GTEx--Coexpression"	"ADAMTS9-AS2,CAB39L,PRICKLE2,SSBP2"
"gene_set_query"	"189"	"0.1176"	"ZNF114"	"ZNF114"	"4"	"300"	"0.06845"	"0.547"	"2.689"	"GTEx--Coexpression"	"APP,GLIS3,BCL2,ARAP2"
"gene_set_query"	"190"	"0.1182"	"HSFY2"	"HSFY2"	"4"	"300"	"0.06845"	"0.547"	"2.689"	"GTEx--Coexpression"	"ANK2,L1CAM,GAS7,NRXN3"
"gene_set_query"	"191"	"0.1189"	"ZNF558"	"ZNF558"	"4"	"300"	"0.06845"	"0.547"	"2.689"	"GTEx--Coexpression"	"ADAMTS9-AS2,NEAT1,STK3,BOC"
"gene_set_query"	"192"	"0.1195"	"TEF"	"TEF"	"4"	"300"	"0.06845"	"0.547"	"2.689"	"GTEx--Coexpression"	"ANK2,L1CAM,NRXN1,NRXN3"
"gene_set_query"	"193"	"0.1201"	"HOXA6"	"HOXA6"	"4"	"300"	"0.06845"	"0.547"	"2.689"	"GTEx--Coexpression"	"MAN2A1,COL5A1,LAMC1,LAMA4"
"gene_set_query"	"194"	"0.1207"	"VEZF1"	"VEZF1"	"4"	"300"	"0.06845"	"0.547"	"2.689"	"GTEx--Coexpression"	"VCL,ITGA1,PDZRN3,SORBS1"
"gene_set_query"	"195"	"0.1213"	"ZNF25"	"ZNF25"	"4"	"300"	"0.06845"	"0.547"	"2.689"	"GTEx--Coexpression"	"ANK2,INPP5F,PGM2L1,NRXN1"
"gene_set_query"	"196"	"0.122"	"TCF21"	"TCF21"	"4"	"300"	"0.06845"	"0.547"	"2.689"	"GTEx--Coexpression"	"WSB1,AKAP13,ITGA1,DLC1"
"gene_set_query"	"197"	"0.1226"	"STAT3"	"STAT3"	"4"	"300"	"0.06845"	"0.547"	"2.689"	"GTEx--Coexpression"	"FNDC3B,ANK2,STK3,AKAP13"
"gene_set_query"	"198"	"0.1232"	"FOXO3"	"FOXO3"	"4"	"300"	"0.06845"	"0.547"	"2.689"	"GTEx--Coexpression"	"GALNT15,USP53,FOXO1,RBMS3"
"gene_set_query"	"199"	"0.1238"	"ZNF534"	"ZNF534"	"4"	"300"	"0.06845"	"0.547"	"2.689"	"GTEx--Coexpression"	"ANK2,GAS7,NRXN1,NRXN3"
"gene_set_query"	"200"	"0.1245"	"CUX1"	"CUX1"	"4"	"300"	"0.06845"	"0.547"	"2.689"	"GTEx--Coexpression"	"VCL,PDZRN3,NRXN3,SORBS1"
"gene_set_query"	"201"	"0.1251"	"ZNF615"	"ZNF615"	"4"	"300"	"0.06845"	"0.547"	"2.689"	"GTEx--Coexpression"	"ADAMTS9-AS2,RARB,SORBS1,SSBP2"
"gene_set_query"	"202"	"0.1257"	"TCF12"	"TCF12"	"3"	"296"	"0.1904"	"1.0"	"2.038"	"GTEx--Coexpression"	"CLIC4,LAMC1,LAMA4"
"gene_set_query"	"203"	"0.1263"	"POU3F2"	"POU3F2"	"3"	"297"	"0.1917"	"1.0"	"2.031"	"GTEx--Coexpression"	"GPM6B,SLC35F1,SORCS2"
"gene_set_query"	"204"	"0.1269"	"EGR1"	"EGR1"	"3"	"297"	"0.1917"	"1.0"	"2.031"	"GTEx--Coexpression"	"MALAT1,BOC,DLC1"
"gene_set_query"	"205"	"0.1276"	"HES4"	"HES4"	"3"	"297"	"0.1917"	"1.0"	"2.031"	"GTEx--Coexpression"	"ADAMTS9-AS2,CNTN4,CLIC4"
"gene_set_query"	"206"	"0.1282"	"ZFHX4"	"ZFHX4"	"3"	"297"	"0.1917"	"1.0"	"2.031"	"GTEx--Coexpression"	"LAMC1,LAMA4,EHBP1"
"gene_set_query"	"207"	"0.1288"	"HOXB13"	"HOXB13"	"3"	"297"	"0.1917"	"1.0"	"2.031"	"GTEx--Coexpression"	"PLPP1,NEDD4L,BMPR1B"
"gene_set_query"	"208"	"0.1294"	"PPARG"	"PPARG"	"3"	"297"	"0.1917"	"1.0"	"2.031"	"GTEx--Coexpression"	"GALNT15,ARHGAP29,DLC1"
"gene_set_query"	"209"	"0.1301"	"ZNF880"	"ZNF880"	"3"	"297"	"0.1917"	"1.0"	"2.031"	"GTEx--Coexpression"	"CLIC4,LAMC1,RBMS3"
"gene_set_query"	"210"	"0.1307"	"PRRX2"	"PRRX2"	"3"	"297"	"0.1917"	"1.0"	"2.031"	"GTEx--Coexpression"	"ROR1,CLIC4,VIM"
"gene_set_query"	"211"	"0.1313"	"ESR1"	"ESR1"	"3"	"297"	"0.1917"	"1.0"	"2.031"	"GTEx--Coexpression"	"ADAMTS9-AS2,STK3,COL5A1"
"gene_set_query"	"212"	"0.1319"	"THAP8"	"THAP8"	"3"	"298"	"0.193"	"1.0"	"2.024"	"GTEx--Coexpression"	"PRIMA1,PDZRN3,EHBP1"
"gene_set_query"	"213"	"0.1325"	"ZNF322"	"ZNF322"	"3"	"298"	"0.193"	"1.0"	"2.024"	"GTEx--Coexpression"	"VCL,CLIC4,LAMC1"
"gene_set_query"	"214"	"0.1332"	"MYRF"	"MYRF"	"3"	"298"	"0.193"	"1.0"	"2.024"	"GTEx--Coexpression"	"LPAR1,GPM6B,ERBIN"
"gene_set_query"	"215"	"0.1338"	"ZNF136"	"ZNF136"	"3"	"298"	"0.193"	"1.0"	"2.024"	"GTEx--Coexpression"	"ADAMTS9-AS2,STK3,RBMS3"
"gene_set_query"	"216"	"0.1344"	"DLX1"	"DLX1"	"3"	"298"	"0.193"	"1.0"	"2.024"	"GTEx--Coexpression"	"INPP5F,SLC35F1,PGM2L1"
"gene_set_query"	"217"	"0.135"	"PHOX2A"	"PHOX2A"	"3"	"298"	"0.193"	"1.0"	"2.024"	"GTEx--Coexpression"	"FNDC3A,L1CAM,IL1RAPL2"
"gene_set_query"	"218"	"0.1357"	"FOXP4"	"FOXP4"	"3"	"298"	"0.193"	"1.0"	"2.024"	"GTEx--Coexpression"	"FNDC3A,IQGAP2,GULP1"
"gene_set_query"	"219"	"0.1363"	"HOXB8"	"HOXB8"	"3"	"298"	"0.193"	"1.0"	"2.024"	"GTEx--Coexpression"	"PDE8A,MAP4,GPM6B"
"gene_set_query"	"220"	"0.1369"	"OLIG1"	"OLIG1"	"3"	"298"	"0.193"	"1.0"	"2.024"	"GTEx--Coexpression"	"LPAR1,GPM6B,ERBIN"
"gene_set_query"	"221"	"0.1375"	"AIRE"	"AIRE"	"3"	"298"	"0.193"	"1.0"	"2.024"	"GTEx--Coexpression"	"INPP5F,SLC35F1,PGM2L1"
"gene_set_query"	"222"	"0.1381"	"SNAI2"	"SNAI2"	"3"	"298"	"0.193"	"1.0"	"2.024"	"GTEx--Coexpression"	"LAMC1,IL1RAPL2,LAMA4"
"gene_set_query"	"223"	"0.1388"	"E2F4"	"E2F4"	"3"	"298"	"0.193"	"1.0"	"2.024"	"GTEx--Coexpression"	"MAP4,GPM6B,SLC35F1"
"gene_set_query"	"224"	"0.1394"	"POU6F2"	"POU6F2"	"3"	"298"	"0.193"	"1.0"	"2.024"	"GTEx--Coexpression"	"SLC35F1,PGM2L1,NRXN1"
"gene_set_query"	"225"	"0.14"	"OLIG2"	"OLIG2"	"3"	"298"	"0.193"	"1.0"	"2.024"	"GTEx--Coexpression"	"LPAR1,GPM6B,ERBIN"
"gene_set_query"	"226"	"0.1406"	"TFAP2D"	"TFAP2D"	"3"	"298"	"0.193"	"1.0"	"2.024"	"GTEx--Coexpression"	"LMO3,SLC35F1,PGM2L1"
"gene_set_query"	"227"	"0.1413"	"FOXD1"	"FOXD1"	"3"	"298"	"0.193"	"1.0"	"2.024"	"GTEx--Coexpression"	"LAMC1,LAMA4,EHBP1"
"gene_set_query"	"228"	"0.1419"	"NKX31"	"NKX31"	"3"	"298"	"0.193"	"1.0"	"2.024"	"GTEx--Coexpression"	"PLPP1,NEDD4L,BMPR1B"
"gene_set_query"	"229"	"0.1425"	"HOXD3"	"HOXD3"	"3"	"298"	"0.193"	"1.0"	"2.024"	"GTEx--Coexpression"	"ADAMTS9-AS2,STK3,COL5A1"
"gene_set_query"	"230"	"0.1431"	"HEY2"	"HEY2"	"3"	"298"	"0.193"	"1.0"	"2.024"	"GTEx--Coexpression"	"ROR1,CNTN4,CLIC4"
"gene_set_query"	"231"	"0.1437"	"ZNF853"	"ZNF853"	"3"	"298"	"0.193"	"1.0"	"2.024"	"GTEx--Coexpression"	"MAP4,GPM6B,SLC35F1"
"gene_set_query"	"232"	"0.1444"	"CREBL2"	"CREBL2"	"3"	"298"	"0.193"	"1.0"	"2.024"	"GTEx--Coexpression"	"APP,CNN3,SNTB1"
"gene_set_query"	"233"	"0.145"	"ZNF154"	"ZNF154"	"3"	"298"	"0.193"	"1.0"	"2.024"	"GTEx--Coexpression"	"LMO3,RARB,NRXN3"
"gene_set_query"	"234"	"0.1456"	"ZNF737"	"ZNF737"	"3"	"299"	"0.1942"	"1.0"	"2.017"	"GTEx--Coexpression"	"FNDC3A,GLIS3,SNTB1"
"gene_set_query"	"235"	"0.1462"	"TRPS1"	"TRPS1"	"3"	"299"	"0.1942"	"1.0"	"2.017"	"GTEx--Coexpression"	"BOC,SEMA4B,CD9"
"gene_set_query"	"236"	"0.1469"	"NR1H3"	"NR1H3"	"3"	"299"	"0.1942"	"1.0"	"2.017"	"GTEx--Coexpression"	"ABCA6,ARHGAP29,DLC1"
"gene_set_query"	"237"	"0.1475"	"SP9"	"SP9"	"3"	"299"	"0.1942"	"1.0"	"2.017"	"GTEx--Coexpression"	"DGKB,ROBO2,SLC35F1"
"gene_set_query"	"238"	"0.1481"	"TSC22D1"	"TSC22D1"	"3"	"299"	"0.1942"	"1.0"	"2.017"	"GTEx--Coexpression"	"GPM6B,BMPR1B,SLC35F1"
"gene_set_query"	"239"	"0.1487"	"NKX22"	"NKX22"	"3"	"299"	"0.1942"	"1.0"	"2.017"	"GTEx--Coexpression"	"LPAR1,MAP4,GPM6B"
"gene_set_query"	"240"	"0.1493"	"SP3"	"SP3"	"3"	"299"	"0.1942"	"1.0"	"2.017"	"GTEx--Coexpression"	"FNDC3B,STK3,ARHGAP29"
"gene_set_query"	"241"	"0.15"	"ATF3"	"ATF3"	"3"	"299"	"0.1942"	"1.0"	"2.017"	"GTEx--Coexpression"	"MALAT1,ARHGAP29,DLC1"
"gene_set_query"	"242"	"0.1506"	"ZNF514"	"ZNF514"	"3"	"299"	"0.1942"	"1.0"	"2.017"	"GTEx--Coexpression"	"ADAMTS9-AS2,NEAT1,MALAT1"
"gene_set_query"	"243"	"0.1512"	"GTF2IRD2"	"GTF2IRD2"	"3"	"299"	"0.1942"	"1.0"	"2.017"	"GTEx--Coexpression"	"ADAMTS9-AS2,FOXO1,PDZRN3"
"gene_set_query"	"244"	"0.1518"	"ZNF747"	"ZNF747"	"3"	"299"	"0.1942"	"1.0"	"2.017"	"GTEx--Coexpression"	"VCL,PDZRN3,SORBS1"
"gene_set_query"	"245"	"0.1525"	"ZNF71"	"ZNF71"	"3"	"299"	"0.1942"	"1.0"	"2.017"	"GTEx--Coexpression"	"VCL,PDZRN3,SORBS1"
"gene_set_query"	"246"	"0.1531"	"ZNF529"	"ZNF529"	"3"	"299"	"0.1942"	"1.0"	"2.017"	"GTEx--Coexpression"	"ANK2,GAS7,NRXN1"
"gene_set_query"	"247"	"0.1537"	"ALX4"	"ALX4"	"3"	"299"	"0.1942"	"1.0"	"2.017"	"GTEx--Coexpression"	"KIAA1217,ARHGAP29,BOC"
"gene_set_query"	"248"	"0.1543"	"ZNF835"	"ZNF835"	"3"	"299"	"0.1942"	"1.0"	"2.017"	"GTEx--Coexpression"	"ANK2,L1CAM,NRXN3"
"gene_set_query"	"249"	"0.1549"	"ZSCAN2"	"ZSCAN2"	"3"	"299"	"0.1942"	"1.0"	"2.017"	"GTEx--Coexpression"	"ARAP2,CLMN,CD9"
"gene_set_query"	"250"	"0.1556"	"ZFP2"	"ZFP2"	"3"	"299"	"0.1942"	"1.0"	"2.017"	"GTEx--Coexpression"	"L1CAM,NRXN3,SSBP2"
"gene_set_query"	"251"	"0.1562"	"DLX6"	"DLX6"	"3"	"299"	"0.1942"	"1.0"	"2.017"	"GTEx--Coexpression"	"DGKB,LMO3,ROBO2"
"gene_set_query"	"252"	"0.1568"	"GTF2IRD2B"	"GTF2IRD2B"	"3"	"299"	"0.1942"	"1.0"	"2.017"	"GTEx--Coexpression"	"ADAMTS9-AS2,FOXO1,PDZRN3"
"gene_set_query"	"253"	"0.1574"	"SHOX"	"SHOX"	"3"	"299"	"0.1942"	"1.0"	"2.017"	"GTEx--Coexpression"	"GALNT15,FOXO1,LAMC1"
"gene_set_query"	"254"	"0.1581"	"C11ORF95"	"C11ORF95"	"3"	"299"	"0.1942"	"1.0"	"2.017"	"GTEx--Coexpression"	"ADAMTS9-AS2,PRICKLE2,SSBP2"
"gene_set_query"	"255"	"0.1587"	"TCF4"	"TCF4"	"3"	"299"	"0.1942"	"1.0"	"2.017"	"GTEx--Coexpression"	"SPTBN1,ARHGAP29,DLC1"
"gene_set_query"	"256"	"0.1593"	"ZNF354C"	"ZNF354C"	"3"	"299"	"0.1942"	"1.0"	"2.017"	"GTEx--Coexpression"	"VCL,LAMC1,LAMA4"
"gene_set_query"	"257"	"0.1599"	"ZNF559"	"ZNF559"	"3"	"299"	"0.1942"	"1.0"	"2.017"	"GTEx--Coexpression"	"ADAMTS9-AS2,WSB1,RBMS3"
"gene_set_query"	"258"	"0.1605"	"ZNF512"	"ZNF512"	"3"	"299"	"0.1942"	"1.0"	"2.017"	"GTEx--Coexpression"	"ADAMTS9-AS2,WSB1,SSBP2"
"gene_set_query"	"259"	"0.1612"	"HOXD1"	"HOXD1"	"3"	"299"	"0.1942"	"1.0"	"2.017"	"GTEx--Coexpression"	"PDE8A,MAP4,GPM6B"
"gene_set_query"	"260"	"0.1618"	"HHEX"	"HHEX"	"3"	"300"	"0.1955"	"1.0"	"2.01"	"GTEx--Coexpression"	"NEAT1,GLIS3,SNTB1"
"gene_set_query"	"261"	"0.1624"	"VSX1"	"VSX1"	"3"	"300"	"0.1955"	"1.0"	"2.01"	"GTEx--Coexpression"	"L1CAM,GAS7,NRXN3"
"gene_set_query"	"262"	"0.163"	"LHX5"	"LHX5"	"3"	"300"	"0.1955"	"1.0"	"2.01"	"GTEx--Coexpression"	"INPP5F,L1CAM,NRXN3"
"gene_set_query"	"263"	"0.1637"	"ZNF704"	"ZNF704"	"3"	"300"	"0.1955"	"1.0"	"2.01"	"GTEx--Coexpression"	"ADAMTS9-AS2,GULP1,CNTN4"
"gene_set_query"	"264"	"0.1643"	"ZNF157"	"ZNF157"	"3"	"300"	"0.1955"	"1.0"	"2.01"	"GTEx--Coexpression"	"L1CAM,GAS7,NRXN3"
"gene_set_query"	"265"	"0.1649"	"SREBF2"	"SREBF2"	"3"	"300"	"0.1955"	"1.0"	"2.01"	"GTEx--Coexpression"	"FNDC3B,STK3,NRXN1"
"gene_set_query"	"266"	"0.1655"	"ZNF678"	"ZNF678"	"3"	"300"	"0.1955"	"1.0"	"2.01"	"GTEx--Coexpression"	"ADAMTS9-AS2,FNDC3A,GULP1"
"gene_set_query"	"267"	"0.1661"	"TFAP2E"	"TFAP2E"	"3"	"300"	"0.1955"	"1.0"	"2.01"	"GTEx--Coexpression"	"L1CAM,GAS7,NRXN3"
"gene_set_query"	"268"	"0.1668"	"NEUROD1"	"NEUROD1"	"3"	"300"	"0.1955"	"1.0"	"2.01"	"GTEx--Coexpression"	"L1CAM,GAS7,NRXN3"
"gene_set_query"	"269"	"0.1674"	"SALL1"	"SALL1"	"3"	"300"	"0.1955"	"1.0"	"2.01"	"GTEx--Coexpression"	"APP,GPM6B,ARAP2"
"gene_set_query"	"270"	"0.168"	"POU2F1"	"POU2F1"	"3"	"300"	"0.1955"	"1.0"	"2.01"	"GTEx--Coexpression"	"L1CAM,GAS7,NRXN3"
"gene_set_query"	"271"	"0.1686"	"ZNF532"	"ZNF532"	"3"	"300"	"0.1955"	"1.0"	"2.01"	"GTEx--Coexpression"	"L1CAM,CNTN4,NRXN3"
"gene_set_query"	"272"	"0.1693"	"ZNF521"	"ZNF521"	"3"	"300"	"0.1955"	"1.0"	"2.01"	"GTEx--Coexpression"	"L1CAM,GAS7,NRXN3"
"gene_set_query"	"273"	"0.1699"	"SCRT2"	"SCRT2"	"3"	"300"	"0.1955"	"1.0"	"2.01"	"GTEx--Coexpression"	"L1CAM,GAS7,NRXN3"
"gene_set_query"	"274"	"0.1705"	"NEUROD2"	"NEUROD2"	"3"	"300"	"0.1955"	"1.0"	"2.01"	"GTEx--Coexpression"	"L1CAM,DAB1,NRXN3"
"gene_set_query"	"275"	"0.1711"	"ZNF138"	"ZNF138"	"3"	"300"	"0.1955"	"1.0"	"2.01"	"GTEx--Coexpression"	"COL4A2,ITGA1,ARAP2"
"gene_set_query"	"276"	"0.1717"	"ZNF708"	"ZNF708"	"3"	"300"	"0.1955"	"1.0"	"2.01"	"GTEx--Coexpression"	"LPAR1,KCNMB4,GPM6B"
"gene_set_query"	"277"	"0.1724"	"ZNF382"	"ZNF382"	"3"	"300"	"0.1955"	"1.0"	"2.01"	"GTEx--Coexpression"	"ANK2,L1CAM,NRXN3"
"gene_set_query"	"278"	"0.173"	"GLYR1"	"GLYR1"	"3"	"300"	"0.1955"	"1.0"	"2.01"	"GTEx--Coexpression"	"VCL,PDZRN3,SORBS1"
"gene_set_query"	"279"	"0.1736"	"ZIC1"	"ZIC1"	"3"	"300"	"0.1955"	"1.0"	"2.01"	"GTEx--Coexpression"	"L1CAM,GAS7,NRXN3"
"gene_set_query"	"280"	"0.1742"	"ZBTB18"	"ZBTB18"	"3"	"300"	"0.1955"	"1.0"	"2.01"	"GTEx--Coexpression"	"DAB1,GAS7,NRXN3"
"gene_set_query"	"281"	"0.1749"	"ZNF445"	"ZNF445"	"3"	"300"	"0.1955"	"1.0"	"2.01"	"GTEx--Coexpression"	"L1CAM,GAS7,NRXN3"
"gene_set_query"	"282"	"0.1755"	"ZIC4"	"ZIC4"	"3"	"300"	"0.1955"	"1.0"	"2.01"	"GTEx--Coexpression"	"L1CAM,GAS7,NRXN3"
"gene_set_query"	"283"	"0.1761"	"MECP2"	"MECP2"	"3"	"300"	"0.1955"	"1.0"	"2.01"	"GTEx--Coexpression"	"L1CAM,NRXN3,SSBP2"
"gene_set_query"	"284"	"0.1767"	"ZKSCAN8"	"ZKSCAN8"	"3"	"300"	"0.1955"	"1.0"	"2.01"	"GTEx--Coexpression"	"ADAMTS9-AS2,WSB1,RBMS3"
"gene_set_query"	"285"	"0.1773"	"CAMTA1"	"CAMTA1"	"3"	"300"	"0.1955"	"1.0"	"2.01"	"GTEx--Coexpression"	"ANK2,INPP5F,NRXN1"
"gene_set_query"	"286"	"0.178"	"VAX2"	"VAX2"	"3"	"300"	"0.1955"	"1.0"	"2.01"	"GTEx--Coexpression"	"L1CAM,DAB1,NRXN3"
"gene_set_query"	"287"	"0.1786"	"PAX6"	"PAX6"	"3"	"300"	"0.1955"	"1.0"	"2.01"	"GTEx--Coexpression"	"L1CAM,GAS7,NRXN3"
"gene_set_query"	"288"	"0.1792"	"ZNF343"	"ZNF343"	"3"	"300"	"0.1955"	"1.0"	"2.01"	"GTEx--Coexpression"	"ADAMTS9-AS2,STK3,RBMS3"
"gene_set_query"	"289"	"0.1798"	"CREB3L4"	"CREB3L4"	"2"	"297"	"0.4413"	"1.0"	"1.349"	"GTEx--Coexpression"	"PLPP1,NEDD4L"
"gene_set_query"	"290"	"0.1805"	"SOX2"	"SOX2"	"2"	"297"	"0.4413"	"1.0"	"1.349"	"GTEx--Coexpression"	"GPM6B,SLC35F1"
"gene_set_query"	"291"	"0.1811"	"NACC2"	"NACC2"	"2"	"297"	"0.4413"	"1.0"	"1.349"	"GTEx--Coexpression"	"MAP4,GPM6B"
"gene_set_query"	"292"	"0.1817"	"CGGBP1"	"CGGBP1"	"2"	"297"	"0.4413"	"1.0"	"1.349"	"GTEx--Coexpression"	"FNDC3B,RBMS3"
"gene_set_query"	"293"	"0.1823"	"ZNF469"	"ZNF469"	"2"	"297"	"0.4413"	"1.0"	"1.349"	"GTEx--Coexpression"	"MAN2A1,COL5A1"
"gene_set_query"	"294"	"0.1829"	"EVX1"	"EVX1"	"2"	"297"	"0.4413"	"1.0"	"1.349"	"GTEx--Coexpression"	"PLPP1,EPHA3"
"gene_set_query"	"295"	"0.1836"	"HMX1"	"HMX1"	"2"	"297"	"0.4413"	"1.0"	"1.349"	"GTEx--Coexpression"	"LPAR1,GPM6B"
"gene_set_query"	"296"	"0.1842"	"CC2D1A"	"CC2D1A"	"2"	"297"	"0.4413"	"1.0"	"1.349"	"GTEx--Coexpression"	"FNDC3B,STK3"
"gene_set_query"	"297"	"0.1848"	"TWIST1"	"TWIST1"	"2"	"297"	"0.4413"	"1.0"	"1.349"	"GTEx--Coexpression"	"LAMC1,LAMA4"
"gene_set_query"	"298"	"0.1854"	"ZNF883"	"ZNF883"	"2"	"297"	"0.4413"	"1.0"	"1.349"	"GTEx--Coexpression"	"ANK2,GPM6B"
"gene_set_query"	"299"	"0.1861"	"GBX2"	"GBX2"	"2"	"297"	"0.4413"	"1.0"	"1.349"	"GTEx--Coexpression"	"INPP5F,GPM6B"
"gene_set_query"	"300"	"0.1867"	"HOXC8"	"HOXC8"	"2"	"297"	"0.4413"	"1.0"	"1.349"	"GTEx--Coexpression"	"MAN2A1,LAMC1"
"gene_set_query"	"301"	"0.1873"	"DRGX"	"DRGX"	"2"	"297"	"0.4413"	"1.0"	"1.349"	"GTEx--Coexpression"	"INPP5F,ROBO2"
"gene_set_query"	"302"	"0.1879"	"FEZF2"	"FEZF2"	"2"	"298"	"0.443"	"1.0"	"1.345"	"GTEx--Coexpression"	"SLC35F1,PGM2L1"
"gene_set_query"	"303"	"0.1886"	"PKNOX2"	"PKNOX2"	"2"	"298"	"0.443"	"1.0"	"1.345"	"GTEx--Coexpression"	"ANK2,PGM2L1"
"gene_set_query"	"304"	"0.1892"	"VAX1"	"VAX1"	"2"	"298"	"0.443"	"1.0"	"1.345"	"GTEx--Coexpression"	"DGKB,GPM6B"
"gene_set_query"	"305"	"0.1898"	"LHX2"	"LHX2"	"2"	"298"	"0.443"	"1.0"	"1.345"	"GTEx--Coexpression"	"GPM6B,SLC35F1"
"gene_set_query"	"306"	"0.1904"	"MEIS3"	"MEIS3"	"2"	"298"	"0.443"	"1.0"	"1.345"	"GTEx--Coexpression"	"SLC35F1,PGM2L1"
"gene_set_query"	"307"	"0.191"	"RBSN"	"RBSN"	"2"	"298"	"0.443"	"1.0"	"1.345"	"GTEx--Coexpression"	"ANK2,GPM6B"
"gene_set_query"	"308"	"0.1917"	"ZNF385B"	"ZNF385B"	"2"	"298"	"0.443"	"1.0"	"1.345"	"GTEx--Coexpression"	"ANK2,NEDD4L"
"gene_set_query"	"309"	"0.1923"	"SOX3"	"SOX3"	"2"	"298"	"0.443"	"1.0"	"1.345"	"GTEx--Coexpression"	"INPP5F,GPM6B"
"gene_set_query"	"310"	"0.1929"	"ZNF644"	"ZNF644"	"2"	"298"	"0.443"	"1.0"	"1.345"	"GTEx--Coexpression"	"SH3PXD2A,EHBP1"
"gene_set_query"	"311"	"0.1935"	"THRA"	"THRA"	"2"	"298"	"0.443"	"1.0"	"1.345"	"GTEx--Coexpression"	"ANK2,SLC35F1"
"gene_set_query"	"312"	"0.1942"	"NOTO"	"NOTO"	"2"	"298"	"0.443"	"1.0"	"1.345"	"GTEx--Coexpression"	"L1CAM,NRXN3"
"gene_set_query"	"313"	"0.1948"	"NR2E1"	"NR2E1"	"2"	"298"	"0.443"	"1.0"	"1.345"	"GTEx--Coexpression"	"GPM6B,SLC35F1"
"gene_set_query"	"314"	"0.1954"	"ZBED3"	"ZBED3"	"2"	"298"	"0.443"	"1.0"	"1.345"	"GTEx--Coexpression"	"GALNT15,PLPP1"
"gene_set_query"	"315"	"0.196"	"FERD3L"	"FERD3L"	"2"	"298"	"0.443"	"1.0"	"1.345"	"GTEx--Coexpression"	"ARHGAP24,IL1RAPL2"
"gene_set_query"	"316"	"0.1966"	"GATA2"	"GATA2"	"2"	"298"	"0.443"	"1.0"	"1.345"	"GTEx--Coexpression"	"PLPP1,AKAP13"
"gene_set_query"	"317"	"0.1973"	"GLIS1"	"GLIS1"	"2"	"298"	"0.443"	"1.0"	"1.345"	"GTEx--Coexpression"	"EPHA3,COL5A1"
"gene_set_query"	"318"	"0.1979"	"ZNF578"	"ZNF578"	"2"	"298"	"0.443"	"1.0"	"1.345"	"GTEx--Coexpression"	"LAMC1,ASAP2"
"gene_set_query"	"319"	"0.1985"	"FOXB2"	"FOXB2"	"2"	"298"	"0.443"	"1.0"	"1.345"	"GTEx--Coexpression"	"INPP5F,PGM2L1"
"gene_set_query"	"320"	"0.1991"	"SOX9"	"SOX9"	"2"	"298"	"0.443"	"1.0"	"1.345"	"GTEx--Coexpression"	"GPM6B,ERBIN"
"gene_set_query"	"321"	"0.1998"	"NPAS3"	"NPAS3"	"2"	"298"	"0.443"	"1.0"	"1.345"	"GTEx--Coexpression"	"GPM6B,SLC35F1"
"gene_set_query"	"322"	"0.2004"	"NANOG"	"NANOG"	"2"	"298"	"0.443"	"1.0"	"1.345"	"GTEx--Coexpression"	"USP53,SNTB1"
"gene_set_query"	"323"	"0.201"	"LHX8"	"LHX8"	"2"	"298"	"0.443"	"1.0"	"1.345"	"GTEx--Coexpression"	"DGKB,ROBO2"
"gene_set_query"	"324"	"0.2016"	"HIF1A"	"HIF1A"	"2"	"298"	"0.443"	"1.0"	"1.345"	"GTEx--Coexpression"	"FNDC3B,MAN2A1"
"gene_set_query"	"325"	"0.2022"	"FEV"	"FEV"	"2"	"298"	"0.443"	"1.0"	"1.345"	"GTEx--Coexpression"	"FNDC3A,NEDD4L"
"gene_set_query"	"326"	"0.2029"	"ZNF331"	"ZNF331"	"2"	"298"	"0.443"	"1.0"	"1.345"	"GTEx--Coexpression"	"ADAMTS9-AS2,AKAP12"
"gene_set_query"	"327"	"0.2035"	"ZBTB47"	"ZBTB47"	"2"	"298"	"0.443"	"1.0"	"1.345"	"GTEx--Coexpression"	"LPAR1,MAP4"
"gene_set_query"	"328"	"0.2041"	"DMTF1"	"DMTF1"	"2"	"298"	"0.443"	"1.0"	"1.345"	"GTEx--Coexpression"	"WSB1,MALAT1"
"gene_set_query"	"329"	"0.2047"	"ETS1"	"ETS1"	"2"	"299"	"0.4446"	"1.0"	"1.34"	"GTEx--Coexpression"	"ARHGAP29,DLC1"
"gene_set_query"	"330"	"0.2054"	"ZNF236"	"ZNF236"	"2"	"299"	"0.4446"	"1.0"	"1.34"	"GTEx--Coexpression"	"MAP3K4,CEP85L"
"gene_set_query"	"331"	"0.206"	"ZBTB46"	"ZBTB46"	"2"	"299"	"0.4446"	"1.0"	"1.34"	"GTEx--Coexpression"	"L1CAM,NRXN3"
"gene_set_query"	"332"	"0.2066"	"BHLHE41"	"BHLHE41"	"2"	"299"	"0.4446"	"1.0"	"1.34"	"GTEx--Coexpression"	"MAP4,GPM6B"
"gene_set_query"	"333"	"0.2072"	"ZNF660"	"ZNF660"	"2"	"299"	"0.4446"	"1.0"	"1.34"	"GTEx--Coexpression"	"ADAMTS9-AS2,SSBP2"
"gene_set_query"	"334"	"0.2078"	"ZNF501"	"ZNF501"	"2"	"299"	"0.4446"	"1.0"	"1.34"	"GTEx--Coexpression"	"LAMC1,LAMA4"
"gene_set_query"	"335"	"0.2085"	"NR3C1"	"NR3C1"	"2"	"299"	"0.4446"	"1.0"	"1.34"	"GTEx--Coexpression"	"ARHGAP29,BCL2"
"gene_set_query"	"336"	"0.2091"	"ALX1"	"ALX1"	"2"	"299"	"0.4446"	"1.0"	"1.34"	"GTEx--Coexpression"	"ROR1,LAMC1"
"gene_set_query"	"337"	"0.2097"	"TLX2"	"TLX2"	"2"	"299"	"0.4446"	"1.0"	"1.34"	"GTEx--Coexpression"	"L1CAM,CAB39L"
"gene_set_query"	"338"	"0.2103"	"KMT2A"	"KMT2A"	"2"	"299"	"0.4446"	"1.0"	"1.34"	"GTEx--Coexpression"	"NRXN3,SSBP2"
"gene_set_query"	"339"	"0.211"	"SALL4"	"SALL4"	"2"	"299"	"0.4446"	"1.0"	"1.34"	"GTEx--Coexpression"	"NEAT1,GLIS3"
"gene_set_query"	"340"	"0.2116"	"ZNF69"	"ZNF69"	"2"	"299"	"0.4446"	"1.0"	"1.34"	"GTEx--Coexpression"	"FNDC3A,IQGAP2"
"gene_set_query"	"341"	"0.2122"	"ZNF214"	"ZNF214"	"2"	"299"	"0.4446"	"1.0"	"1.34"	"GTEx--Coexpression"	"COL5A1,EHBP1"
"gene_set_query"	"342"	"0.2128"	"ZNF682"	"ZNF682"	"2"	"299"	"0.4446"	"1.0"	"1.34"	"GTEx--Coexpression"	"STK3,ARAP2"
"gene_set_query"	"343"	"0.2134"	"HINFP"	"HINFP"	"2"	"299"	"0.4446"	"1.0"	"1.34"	"GTEx--Coexpression"	"L1CAM,NRXN3"
"gene_set_query"	"344"	"0.2141"	"ZFP92"	"ZFP92"	"2"	"299"	"0.4446"	"1.0"	"1.34"	"GTEx--Coexpression"	"ITGB4,CD9"
"gene_set_query"	"345"	"0.2147"	"HMBOX1"	"HMBOX1"	"2"	"299"	"0.4446"	"1.0"	"1.34"	"GTEx--Coexpression"	"CEP85L,SNTB1"
"gene_set_query"	"346"	"0.2153"	"POU3F4"	"POU3F4"	"2"	"299"	"0.4446"	"1.0"	"1.34"	"GTEx--Coexpression"	"DGKB,LMO3"
"gene_set_query"	"347"	"0.2159"	"TBX4"	"TBX4"	"2"	"299"	"0.4446"	"1.0"	"1.34"	"GTEx--Coexpression"	"AKAP13,DLC1"
"gene_set_query"	"348"	"0.2166"	"CXXC4"	"CXXC4"	"2"	"299"	"0.4446"	"1.0"	"1.34"	"GTEx--Coexpression"	"ANK2,INPP5F"
"gene_set_query"	"349"	"0.2172"	"MEOX1"	"MEOX1"	"2"	"299"	"0.4446"	"1.0"	"1.34"	"GTEx--Coexpression"	"ARHGAP29,DLC1"
"gene_set_query"	"350"	"0.2178"	"YY1"	"YY1"	"2"	"299"	"0.4446"	"1.0"	"1.34"	"GTEx--Coexpression"	"EPHA3,GLIS3"
"gene_set_query"	"351"	"0.2184"	"NR4A2"	"NR4A2"	"2"	"299"	"0.4446"	"1.0"	"1.34"	"GTEx--Coexpression"	"ANK2,GPM6B"
"gene_set_query"	"352"	"0.219"	"ZFP90"	"ZFP90"	"2"	"299"	"0.4446"	"1.0"	"1.34"	"GTEx--Coexpression"	"INPP5F,GPM6B"
"gene_set_query"	"353"	"0.2197"	"FOXB1"	"FOXB1"	"2"	"299"	"0.4446"	"1.0"	"1.34"	"GTEx--Coexpression"	"INPP5F,MAP4"
"gene_set_query"	"354"	"0.2203"	"BSX"	"BSX"	"2"	"299"	"0.4446"	"1.0"	"1.34"	"GTEx--Coexpression"	"INPP5F,PGM2L1"
"gene_set_query"	"355"	"0.2209"	"FLYWCH1"	"FLYWCH1"	"2"	"299"	"0.4446"	"1.0"	"1.34"	"GTEx--Coexpression"	"L1CAM,NRXN3"
"gene_set_query"	"356"	"0.2215"	"ZNF548"	"ZNF548"	"2"	"299"	"0.4446"	"1.0"	"1.34"	"GTEx--Coexpression"	"ABCA6,ARHGAP29"
"gene_set_query"	"357"	"0.2222"	"ZMAT1"	"ZMAT1"	"2"	"299"	"0.4446"	"1.0"	"1.34"	"GTEx--Coexpression"	"WSB1,MALAT1"
"gene_set_query"	"358"	"0.2228"	"FOSB"	"FOSB"	"2"	"299"	"0.4446"	"1.0"	"1.34"	"GTEx--Coexpression"	"BOC,DLC1"
"gene_set_query"	"359"	"0.2234"	"ZBTB37"	"ZBTB37"	"2"	"299"	"0.4446"	"1.0"	"1.34"	"GTEx--Coexpression"	"AHR,WSB1"
"gene_set_query"	"360"	"0.224"	"ZNF384"	"ZNF384"	"2"	"299"	"0.4446"	"1.0"	"1.34"	"GTEx--Coexpression"	"GPM6B,SLC35F1"
"gene_set_query"	"361"	"0.2246"	"BCL6B"	"BCL6B"	"2"	"299"	"0.4446"	"1.0"	"1.34"	"GTEx--Coexpression"	"ARHGAP29,DLC1"
"gene_set_query"	"362"	"0.2253"	"ZNF528"	"ZNF528"	"2"	"299"	"0.4446"	"1.0"	"1.34"	"GTEx--Coexpression"	"L1CAM,NRXN3"
"gene_set_query"	"363"	"0.2259"	"SOX1"	"SOX1"	"2"	"299"	"0.4446"	"1.0"	"1.34"	"GTEx--Coexpression"	"INPP5F,SLC35F1"
"gene_set_query"	"364"	"0.2265"	"PEG3"	"PEG3"	"2"	"299"	"0.4446"	"1.0"	"1.34"	"GTEx--Coexpression"	"APP,INPP5F"
"gene_set_query"	"365"	"0.2271"	"ZNF354B"	"ZNF354B"	"2"	"299"	"0.4446"	"1.0"	"1.34"	"GTEx--Coexpression"	"ARHGAP29,RBMS3"
"gene_set_query"	"366"	"0.2278"	"ZBTB44"	"ZBTB44"	"2"	"299"	"0.4446"	"1.0"	"1.34"	"GTEx--Coexpression"	"KIAA1217,CEP85L"
"gene_set_query"	"367"	"0.2284"	"ZNF436"	"ZNF436"	"2"	"299"	"0.4446"	"1.0"	"1.34"	"GTEx--Coexpression"	"SEMA4B,CD9"
"gene_set_query"	"368"	"0.229"	"SKI"	"SKI"	"2"	"299"	"0.4446"	"1.0"	"1.34"	"GTEx--Coexpression"	"L1CAM,NRXN3"
"gene_set_query"	"369"	"0.2296"	"RUNX2"	"RUNX2"	"2"	"299"	"0.4446"	"1.0"	"1.34"	"GTEx--Coexpression"	"MAN2A1,ARHGAP24"
"gene_set_query"	"370"	"0.2302"	"MXD4"	"MXD4"	"2"	"300"	"0.4463"	"1.0"	"1.336"	"GTEx--Coexpression"	"L1CAM,NRXN3"
"gene_set_query"	"371"	"0.2309"	"E2F5"	"E2F5"	"2"	"300"	"0.4463"	"1.0"	"1.336"	"GTEx--Coexpression"	"MALAT1,BCL2"
"gene_set_query"	"372"	"0.2315"	"ZIC2"	"ZIC2"	"2"	"300"	"0.4463"	"1.0"	"1.336"	"GTEx--Coexpression"	"L1CAM,NRXN3"
"gene_set_query"	"373"	"0.2321"	"ZNF347"	"ZNF347"	"2"	"300"	"0.4463"	"1.0"	"1.336"	"GTEx--Coexpression"	"ADAMTS9-AS2,RBMS3"
"gene_set_query"	"374"	"0.2327"	"ZNF286B"	"ZNF286B"	"2"	"300"	"0.4463"	"1.0"	"1.336"	"GTEx--Coexpression"	"L1CAM,NRXN3"
"gene_set_query"	"375"	"0.2334"	"ZNF587B"	"ZNF587B"	"2"	"300"	"0.4463"	"1.0"	"1.336"	"GTEx--Coexpression"	"SPTBN1,SLC35F1"
"gene_set_query"	"376"	"0.234"	"ZSCAN30"	"ZSCAN30"	"2"	"300"	"0.4463"	"1.0"	"1.336"	"GTEx--Coexpression"	"L1CAM,NRXN3"
"gene_set_query"	"377"	"0.2346"	"ST18"	"ST18"	"2"	"300"	"0.4463"	"1.0"	"1.336"	"GTEx--Coexpression"	"GPM6B,GAS7"
"gene_set_query"	"378"	"0.2352"	"BARHL2"	"BARHL2"	"2"	"300"	"0.4463"	"1.0"	"1.336"	"GTEx--Coexpression"	"L1CAM,NRXN3"
"gene_set_query"	"379"	"0.2358"	"PRDM2"	"PRDM2"	"2"	"300"	"0.4463"	"1.0"	"1.336"	"GTEx--Coexpression"	"MAP3K4,SSBP2"
"gene_set_query"	"380"	"0.2365"	"NFE2L2"	"NFE2L2"	"2"	"300"	"0.4463"	"1.0"	"1.336"	"GTEx--Coexpression"	"SEMA4B,CD9"
"gene_set_query"	"381"	"0.2371"	"PRDM12"	"PRDM12"	"2"	"300"	"0.4463"	"1.0"	"1.336"	"GTEx--Coexpression"	"ANK2,INPP5F"
"gene_set_query"	"382"	"0.2377"	"FOSL2"	"FOSL2"	"2"	"300"	"0.4463"	"1.0"	"1.336"	"GTEx--Coexpression"	"ANK2,STK3"
"gene_set_query"	"383"	"0.2383"	"UNCX"	"UNCX"	"2"	"300"	"0.4463"	"1.0"	"1.336"	"GTEx--Coexpression"	"L1CAM,NRXN3"
"gene_set_query"	"384"	"0.239"	"SALL2"	"SALL2"	"2"	"300"	"0.4463"	"1.0"	"1.336"	"GTEx--Coexpression"	"ANK2,NRXN3"
"gene_set_query"	"385"	"0.2396"	"PAX1"	"PAX1"	"2"	"300"	"0.4463"	"1.0"	"1.336"	"GTEx--Coexpression"	"KIAA1217,CD9"
"gene_set_query"	"386"	"0.2402"	"FOXD4"	"FOXD4"	"2"	"300"	"0.4463"	"1.0"	"1.336"	"GTEx--Coexpression"	"L1CAM,NRXN3"
"gene_set_query"	"387"	"0.2408"	"ASCL3"	"ASCL3"	"2"	"300"	"0.4463"	"1.0"	"1.336"	"GTEx--Coexpression"	"KIAA1217,ITGB4"
"gene_set_query"	"388"	"0.2414"	"THAP10"	"THAP10"	"2"	"300"	"0.4463"	"1.0"	"1.336"	"GTEx--Coexpression"	"ANK2,INPP5F"
"gene_set_query"	"389"	"0.2421"	"ZBTB14"	"ZBTB14"	"2"	"300"	"0.4463"	"1.0"	"1.336"	"GTEx--Coexpression"	"LPAR1,ERBIN"
"gene_set_query"	"390"	"0.2427"	"ZNF70"	"ZNF70"	"2"	"300"	"0.4463"	"1.0"	"1.336"	"GTEx--Coexpression"	"FOXO1,ARAP2"
"gene_set_query"	"391"	"0.2433"	"ZNF510"	"ZNF510"	"2"	"300"	"0.4463"	"1.0"	"1.336"	"GTEx--Coexpression"	"ANK2,NRXN3"
"gene_set_query"	"392"	"0.2439"	"NFIL3"	"NFIL3"	"2"	"300"	"0.4463"	"1.0"	"1.336"	"GTEx--Coexpression"	"FNDC3B,STK3"
"gene_set_query"	"393"	"0.2446"	"ZNF540"	"ZNF540"	"2"	"300"	"0.4463"	"1.0"	"1.336"	"GTEx--Coexpression"	"ANK2,INPP5F"
"gene_set_query"	"394"	"0.2452"	"ZNF304"	"ZNF304"	"2"	"300"	"0.4463"	"1.0"	"1.336"	"GTEx--Coexpression"	"NRXN3,CLMN"
"gene_set_query"	"395"	"0.2458"	"PPARD"	"PPARD"	"2"	"300"	"0.4463"	"1.0"	"1.336"	"GTEx--Coexpression"	"ARAP2,SEMA4B"
"gene_set_query"	"396"	"0.2464"	"NHLH2"	"NHLH2"	"2"	"300"	"0.4463"	"1.0"	"1.336"	"GTEx--Coexpression"	"L1CAM,NRXN3"
"gene_set_query"	"397"	"0.247"	"ZNF804B"	"ZNF804B"	"2"	"300"	"0.4463"	"1.0"	"1.336"	"GTEx--Coexpression"	"NEAT1,GLIS3"
"gene_set_query"	"398"	"0.2477"	"MYT1"	"MYT1"	"2"	"300"	"0.4463"	"1.0"	"1.336"	"GTEx--Coexpression"	"L1CAM,NRXN3"
"gene_set_query"	"399"	"0.2483"	"BHLHE22"	"BHLHE22"	"2"	"300"	"0.4463"	"1.0"	"1.336"	"GTEx--Coexpression"	"DAB1,NRXN3"
"gene_set_query"	"400"	"0.2489"	"ZNF764"	"ZNF764"	"2"	"300"	"0.4463"	"1.0"	"1.336"	"GTEx--Coexpression"	"APP,GPM6B"
"gene_set_query"	"401"	"0.2495"	"ARID5B"	"ARID5B"	"2"	"300"	"0.4463"	"1.0"	"1.336"	"GTEx--Coexpression"	"FOXO1,STK3"
"gene_set_query"	"402"	"0.2502"	"ZNF248"	"ZNF248"	"2"	"300"	"0.4463"	"1.0"	"1.336"	"GTEx--Coexpression"	"L1CAM,NRXN3"
"gene_set_query"	"403"	"0.2508"	"ZNF781"	"ZNF781"	"2"	"300"	"0.4463"	"1.0"	"1.336"	"GTEx--Coexpression"	"L1CAM,NRXN3"
"gene_set_query"	"404"	"0.2514"	"ZNF786"	"ZNF786"	"2"	"300"	"0.4463"	"1.0"	"1.336"	"GTEx--Coexpression"	"PDE8A,MAML3"
"gene_set_query"	"405"	"0.252"	"ZNF285"	"ZNF285"	"2"	"300"	"0.4463"	"1.0"	"1.336"	"GTEx--Coexpression"	"ANK2,NRXN3"
"gene_set_query"	"406"	"0.2526"	"ZFP62"	"ZFP62"	"2"	"300"	"0.4463"	"1.0"	"1.336"	"GTEx--Coexpression"	"MAP3K4,NEAT1"
"gene_set_query"	"407"	"0.2533"	"ZNF493"	"ZNF493"	"2"	"300"	"0.4463"	"1.0"	"1.336"	"GTEx--Coexpression"	"L1CAM,NRXN3"
"gene_set_query"	"408"	"0.2539"	"ZNF732"	"ZNF732"	"2"	"300"	"0.4463"	"1.0"	"1.336"	"GTEx--Coexpression"	"L1CAM,NRXN3"
"gene_set_query"	"409"	"0.2545"	"NPAS4"	"NPAS4"	"2"	"300"	"0.4463"	"1.0"	"1.336"	"GTEx--Coexpression"	"L1CAM,NRXN3"
"gene_set_query"	"410"	"0.2551"	"INSM2"	"INSM2"	"2"	"300"	"0.4463"	"1.0"	"1.336"	"GTEx--Coexpression"	"INPP5F,PGM2L1"
"gene_set_query"	"411"	"0.2558"	"CREBZF"	"CREBZF"	"2"	"300"	"0.4463"	"1.0"	"1.336"	"GTEx--Coexpression"	"WSB1,MALAT1"
"gene_set_query"	"412"	"0.2564"	"ZNF549"	"ZNF549"	"2"	"300"	"0.4463"	"1.0"	"1.336"	"GTEx--Coexpression"	"L1CAM,NRXN3"
"gene_set_query"	"413"	"0.257"	"RHOXF1"	"RHOXF1"	"2"	"300"	"0.4463"	"1.0"	"1.336"	"GTEx--Coexpression"	"L1CAM,NRXN3"
"gene_set_query"	"414"	"0.2576"	"SP1"	"SP1"	"2"	"300"	"0.4463"	"1.0"	"1.336"	"GTEx--Coexpression"	"ANK2,MAML3"
"gene_set_query"	"415"	"0.2582"	"ZBTB7C"	"ZBTB7C"	"2"	"300"	"0.4463"	"1.0"	"1.336"	"GTEx--Coexpression"	"SEMA4B,CD9"
"gene_set_query"	"416"	"0.2589"	"ZNF462"	"ZNF462"	"2"	"300"	"0.4463"	"1.0"	"1.336"	"GTEx--Coexpression"	"MAP3K4,KIAA1217"
"gene_set_query"	"417"	"0.2595"	"EN2"	"EN2"	"2"	"300"	"0.4463"	"1.0"	"1.336"	"GTEx--Coexpression"	"L1CAM,NRXN3"
"gene_set_query"	"418"	"0.2601"	"ZNF585A"	"ZNF585A"	"2"	"300"	"0.4463"	"1.0"	"1.336"	"GTEx--Coexpression"	"L1CAM,NRXN3"
"gene_set_query"	"419"	"0.2607"	"CSRNP3"	"CSRNP3"	"2"	"300"	"0.4463"	"1.0"	"1.336"	"GTEx--Coexpression"	"INPP5F,SLC35F1"
"gene_set_query"	"420"	"0.2614"	"ZMAT4"	"ZMAT4"	"2"	"300"	"0.4463"	"1.0"	"1.336"	"GTEx--Coexpression"	"DGKB,LMO3"
"gene_set_query"	"421"	"0.262"	"ZNF652"	"ZNF652"	"2"	"300"	"0.4463"	"1.0"	"1.336"	"GTEx--Coexpression"	"ITGB4,ERBIN"
"gene_set_query"	"422"	"0.2626"	"ZBED2"	"ZBED2"	"2"	"300"	"0.4463"	"1.0"	"1.336"	"GTEx--Coexpression"	"NEAT1,ARAP2"
"gene_set_query"	"423"	"0.2632"	"ARNT"	"ARNT"	"2"	"300"	"0.4463"	"1.0"	"1.336"	"GTEx--Coexpression"	"STK3,ABCA6"
"gene_set_query"	"424"	"0.2638"	"ZNF486"	"ZNF486"	"2"	"300"	"0.4463"	"1.0"	"1.336"	"GTEx--Coexpression"	"NEAT1,GLIS3"
"gene_set_query"	"425"	"0.2645"	"ZNF337"	"ZNF337"	"2"	"300"	"0.4463"	"1.0"	"1.336"	"GTEx--Coexpression"	"L1CAM,NRXN3"
"gene_set_query"	"426"	"0.2651"	"EEA1"	"EEA1"	"2"	"300"	"0.4463"	"1.0"	"1.336"	"GTEx--Coexpression"	"ROR1,LAMC1"
"gene_set_query"	"427"	"0.2657"	"AHDC1"	"AHDC1"	"2"	"300"	"0.4463"	"1.0"	"1.336"	"GTEx--Coexpression"	"MAML3,CD9"
"gene_set_query"	"428"	"0.2663"	"MITF"	"MITF"	"2"	"300"	"0.4463"	"1.0"	"1.336"	"GTEx--Coexpression"	"VCL,PDZRN3"
"gene_set_query"	"429"	"0.267"	"KLF6"	"KLF6"	"2"	"300"	"0.4463"	"1.0"	"1.336"	"GTEx--Coexpression"	"AHR,ARHGAP29"
"gene_set_query"	"430"	"0.2676"	"ZFX"	"ZFX"	"2"	"300"	"0.4463"	"1.0"	"1.336"	"GTEx--Coexpression"	"FOXO1,STK3"
"gene_set_query"	"431"	"0.2682"	"KLF13"	"KLF13"	"2"	"300"	"0.4463"	"1.0"	"1.336"	"GTEx--Coexpression"	"STK3,GAS7"
"gene_set_query"	"432"	"0.2688"	"ZIC3"	"ZIC3"	"2"	"300"	"0.4463"	"1.0"	"1.336"	"GTEx--Coexpression"	"L1CAM,NRXN3"
"gene_set_query"	"433"	"0.2694"	"ZNF471"	"ZNF471"	"2"	"300"	"0.4463"	"1.0"	"1.336"	"GTEx--Coexpression"	"ADAMTS9-AS2,SSBP2"
"gene_set_query"	"434"	"0.2701"	"TGIF1"	"TGIF1"	"2"	"300"	"0.4463"	"1.0"	"1.336"	"GTEx--Coexpression"	"FNDC3B,ANK2"
"gene_set_query"	"435"	"0.2707"	"NFIX"	"NFIX"	"2"	"300"	"0.4463"	"1.0"	"1.336"	"GTEx--Coexpression"	"IQGAP2,NRXN3"
"gene_set_query"	"436"	"0.2713"	"ZFPM1"	"ZFPM1"	"2"	"300"	"0.4463"	"1.0"	"1.336"	"GTEx--Coexpression"	"IQGAP2,SSBP2"
"gene_set_query"	"437"	"0.2719"	"PAX8"	"PAX8"	"2"	"300"	"0.4463"	"1.0"	"1.336"	"GTEx--Coexpression"	"NEAT1,GLIS3"
"gene_set_query"	"438"	"0.2726"	"RUNX1"	"RUNX1"	"2"	"300"	"0.4463"	"1.0"	"1.336"	"GTEx--Coexpression"	"AHR,FNDC3B"
"gene_set_query"	"439"	"0.2732"	"ZBTB41"	"ZBTB41"	"2"	"300"	"0.4463"	"1.0"	"1.336"	"GTEx--Coexpression"	"ANK2,NRXN3"
"gene_set_query"	"440"	"0.2738"	"NKRF"	"NKRF"	"2"	"300"	"0.4463"	"1.0"	"1.336"	"GTEx--Coexpression"	"INPP5F,PGM2L1"
"gene_set_query"	"441"	"0.2744"	"ZNF713"	"ZNF713"	"2"	"300"	"0.4463"	"1.0"	"1.336"	"GTEx--Coexpression"	"MAP4,GPM6B"
"gene_set_query"	"442"	"0.275"	"SKOR1"	"SKOR1"	"2"	"300"	"0.4463"	"1.0"	"1.336"	"GTEx--Coexpression"	"L1CAM,NRXN3"
"gene_set_query"	"443"	"0.2757"	"ZNF30"	"ZNF30"	"2"	"300"	"0.4463"	"1.0"	"1.336"	"GTEx--Coexpression"	"L1CAM,NRXN3"
"gene_set_query"	"444"	"0.2763"	"PBX4"	"PBX4"	"2"	"300"	"0.4463"	"1.0"	"1.336"	"GTEx--Coexpression"	"NEAT1,ARAP2"
"gene_set_query"	"445"	"0.2769"	"CXXC5"	"CXXC5"	"2"	"300"	"0.4463"	"1.0"	"1.336"	"GTEx--Coexpression"	"DAB1,NRXN3"
"gene_set_query"	"446"	"0.2775"	"REST"	"REST"	"2"	"300"	"0.4463"	"1.0"	"1.336"	"GTEx--Coexpression"	"ANK2,INPP5F"
"gene_set_query"	"447"	"0.2782"	"PURB"	"PURB"	"2"	"300"	"0.4463"	"1.0"	"1.336"	"GTEx--Coexpression"	"L1CAM,NRXN3"
"gene_set_query"	"448"	"0.2788"	"BARHL1"	"BARHL1"	"2"	"300"	"0.4463"	"1.0"	"1.336"	"GTEx--Coexpression"	"L1CAM,NRXN3"
"gene_set_query"	"449"	"0.2794"	"FOXJ2"	"FOXJ2"	"2"	"300"	"0.4463"	"1.0"	"1.336"	"GTEx--Coexpression"	"ADAMTS9-AS2,VCL"
"gene_set_query"	"450"	"0.28"	"RELA"	"RELA"	"2"	"300"	"0.4463"	"1.0"	"1.336"	"GTEx--Coexpression"	"ANK2,STK3"
"gene_set_query"	"451"	"0.2806"	"ZNF721"	"ZNF721"	"2"	"300"	"0.4463"	"1.0"	"1.336"	"GTEx--Coexpression"	"ANK2,NRXN3"
"gene_set_query"	"452"	"0.2813"	"ZNF141"	"ZNF141"	"2"	"300"	"0.4463"	"1.0"	"1.336"	"GTEx--Coexpression"	"ADAMTS9-AS2,MALAT1"
"gene_set_query"	"453"	"0.2819"	"ZIC5"	"ZIC5"	"2"	"300"	"0.4463"	"1.0"	"1.336"	"GTEx--Coexpression"	"L1CAM,NRXN3"
"gene_set_query"	"454"	"0.2825"	"NKX63"	"NKX63"	"2"	"300"	"0.4463"	"1.0"	"1.336"	"GTEx--Coexpression"	"L1CAM,NRXN3"
"gene_set_query"	"455"	"0.2831"	"SMAD4"	"SMAD4"	"2"	"300"	"0.4463"	"1.0"	"1.336"	"GTEx--Coexpression"	"ADAMTS9-AS2,VCL"
"gene_set_query"	"456"	"0.2838"	"MSGN1"	"MSGN1"	"2"	"300"	"0.4463"	"1.0"	"1.336"	"GTEx--Coexpression"	"SEMA4B,CD9"
"gene_set_query"	"457"	"0.2844"	"NR1D2"	"NR1D2"	"2"	"300"	"0.4463"	"1.0"	"1.336"	"GTEx--Coexpression"	"ANK2,NRXN3"
"gene_set_query"	"458"	"0.285"	"ZNF608"	"ZNF608"	"2"	"300"	"0.4463"	"1.0"	"1.336"	"GTEx--Coexpression"	"APP,SPTBN1"
"gene_set_query"	"459"	"0.2856"	"HES7"	"HES7"	"2"	"300"	"0.4463"	"1.0"	"1.336"	"GTEx--Coexpression"	"L1CAM,NRXN3"
"gene_set_query"	"460"	"0.2862"	"NKX21"	"NKX21"	"2"	"300"	"0.4463"	"1.0"	"1.336"	"GTEx--Coexpression"	"NEAT1,GLIS3"
"gene_set_query"	"461"	"0.2869"	"ZNF804A"	"ZNF804A"	"2"	"300"	"0.4463"	"1.0"	"1.336"	"GTEx--Coexpression"	"ANK2,INPP5F"
"gene_set_query"	"462"	"0.2875"	"ZNF461"	"ZNF461"	"2"	"300"	"0.4463"	"1.0"	"1.336"	"GTEx--Coexpression"	"L1CAM,NRXN3"
"gene_set_query"	"463"	"0.2881"	"HIVEP2"	"HIVEP2"	"2"	"300"	"0.4463"	"1.0"	"1.336"	"GTEx--Coexpression"	"ANK2,PGM2L1"
"gene_set_query"	"464"	"0.2887"	"ZNF519"	"ZNF519"	"2"	"300"	"0.4463"	"1.0"	"1.336"	"GTEx--Coexpression"	"L1CAM,NRXN3"
"gene_set_query"	"465"	"0.2894"	"ZSCAN26"	"ZSCAN26"	"2"	"300"	"0.4463"	"1.0"	"1.336"	"GTEx--Coexpression"	"L1CAM,NRXN3"
"gene_set_query"	"466"	"0.29"	"OTX2"	"OTX2"	"2"	"300"	"0.4463"	"1.0"	"1.336"	"GTEx--Coexpression"	"L1CAM,NRXN3"
"gene_set_query"	"467"	"0.2906"	"ARNT2"	"ARNT2"	"2"	"300"	"0.4463"	"1.0"	"1.336"	"GTEx--Coexpression"	"GPM6B,SLC35F1"
"gene_set_query"	"468"	"0.2912"	"ELF5"	"ELF5"	"2"	"300"	"0.4463"	"1.0"	"1.336"	"GTEx--Coexpression"	"KIAA1217,ITGB4"
"gene_set_query"	"469"	"0.2918"	"FOXN3"	"FOXN3"	"2"	"300"	"0.4463"	"1.0"	"1.336"	"GTEx--Coexpression"	"VCL,PDZRN3"
"gene_set_query"	"470"	"0.2925"	"THAP12"	"THAP12"	"2"	"300"	"0.4463"	"1.0"	"1.336"	"GTEx--Coexpression"	"FNDC3B,FNDC3A"
"gene_set_query"	"471"	"0.2931"	"EHF"	"EHF"	"2"	"300"	"0.4463"	"1.0"	"1.336"	"GTEx--Coexpression"	"SEMA4B,CD9"
"gene_set_query"	"472"	"0.2937"	"BHLHE40"	"BHLHE40"	"2"	"300"	"0.4463"	"1.0"	"1.336"	"GTEx--Coexpression"	"SEMA4B,CD9"
"gene_set_query"	"473"	"0.2943"	"TLX3"	"TLX3"	"2"	"300"	"0.4463"	"1.0"	"1.336"	"GTEx--Coexpression"	"L1CAM,NRXN3"
"gene_set_query"	"474"	"0.295"	"MYT1L"	"MYT1L"	"2"	"300"	"0.4463"	"1.0"	"1.336"	"GTEx--Coexpression"	"ANK2,INPP5F"
"gene_set_query"	"475"	"0.2956"	"BARX2"	"BARX2"	"2"	"300"	"0.4463"	"1.0"	"1.336"	"GTEx--Coexpression"	"SEMA4B,CD9"
"gene_set_query"	"476"	"0.2962"	"GATA6"	"GATA6"	"1"	"295"	"0.7729"	"1.0"	"0.6769"	"GTEx--Coexpression"	"ARAP2"
"gene_set_query"	"477"	"0.2968"	"TMF1"	"TMF1"	"1"	"296"	"0.7741"	"1.0"	"0.6746"	"GTEx--Coexpression"	"CEP85L"
"gene_set_query"	"478"	"0.2974"	"SOX5"	"SOX5"	"1"	"296"	"0.7741"	"1.0"	"0.6746"	"GTEx--Coexpression"	"ASAP2"
"gene_set_query"	"479"	"0.2981"	"SOX12"	"SOX12"	"1"	"297"	"0.7752"	"1.0"	"0.6723"	"GTEx--Coexpression"	"L1CAM"
"gene_set_query"	"480"	"0.2987"	"NR0B1"	"NR0B1"	"1"	"297"	"0.7752"	"1.0"	"0.6723"	"GTEx--Coexpression"	"SNTB1"
"gene_set_query"	"481"	"0.2993"	"TFDP2"	"TFDP2"	"1"	"297"	"0.7752"	"1.0"	"0.6723"	"GTEx--Coexpression"	"CEP85L"
"gene_set_query"	"482"	"0.2999"	"TBX3"	"TBX3"	"1"	"297"	"0.7752"	"1.0"	"0.6723"	"GTEx--Coexpression"	"SNTB1"
"gene_set_query"	"483"	"0.3006"	"ZNF140"	"ZNF140"	"1"	"297"	"0.7752"	"1.0"	"0.6723"	"GTEx--Coexpression"	"FNDC3A"
"gene_set_query"	"484"	"0.3012"	"JRKL"	"JRKL"	"1"	"297"	"0.7752"	"1.0"	"0.6723"	"GTEx--Coexpression"	"ASAP2"
"gene_set_query"	"485"	"0.3018"	"ZBTB12"	"ZBTB12"	"1"	"297"	"0.7752"	"1.0"	"0.6723"	"GTEx--Coexpression"	"IL1RAPL2"
"gene_set_query"	"486"	"0.3024"	"FIZ1"	"FIZ1"	"1"	"297"	"0.7752"	"1.0"	"0.6723"	"GTEx--Coexpression"	"AHR"
"gene_set_query"	"487"	"0.303"	"ZNF572"	"ZNF572"	"1"	"297"	"0.7752"	"1.0"	"0.6723"	"GTEx--Coexpression"	"CLIC4"
"gene_set_query"	"488"	"0.3037"	"GLI4"	"GLI4"	"1"	"297"	"0.7752"	"1.0"	"0.6723"	"GTEx--Coexpression"	"STK3"
"gene_set_query"	"489"	"0.3043"	"STAT2"	"STAT2"	"1"	"298"	"0.7763"	"1.0"	"0.67"	"GTEx--Coexpression"	"WSB1"
"gene_set_query"	"490"	"0.3049"	"KCNIP3"	"KCNIP3"	"1"	"298"	"0.7763"	"1.0"	"0.67"	"GTEx--Coexpression"	"SLC35F1"
"gene_set_query"	"491"	"0.3055"	"ADNP"	"ADNP"	"1"	"298"	"0.7763"	"1.0"	"0.67"	"GTEx--Coexpression"	"MAP3K4"
"gene_set_query"	"492"	"0.3062"	"RORB"	"RORB"	"1"	"298"	"0.7763"	"1.0"	"0.67"	"GTEx--Coexpression"	"SLC35F1"
"gene_set_query"	"493"	"0.3068"	"ZNF470"	"ZNF470"	"1"	"298"	"0.7763"	"1.0"	"0.67"	"GTEx--Coexpression"	"ANK2"
"gene_set_query"	"494"	"0.3074"	"ZFP69"	"ZFP69"	"1"	"298"	"0.7763"	"1.0"	"0.67"	"GTEx--Coexpression"	"KIAA1217"
"gene_set_query"	"495"	"0.308"	"NEUROG3"	"NEUROG3"	"1"	"298"	"0.7763"	"1.0"	"0.67"	"GTEx--Coexpression"	"PGM2L1"
"gene_set_query"	"496"	"0.3086"	"ZNF575"	"ZNF575"	"1"	"298"	"0.7763"	"1.0"	"0.67"	"GTEx--Coexpression"	"NRXN1"
"gene_set_query"	"497"	"0.3093"	"ZNF250"	"ZNF250"	"1"	"298"	"0.7763"	"1.0"	"0.67"	"GTEx--Coexpression"	"MAML3"
"gene_set_query"	"498"	"0.3099"	"AR"	"AR"	"1"	"298"	"0.7763"	"1.0"	"0.67"	"GTEx--Coexpression"	"STK3"
"gene_set_query"	"499"	"0.3105"	"ZNF260"	"ZNF260"	"1"	"298"	"0.7763"	"1.0"	"0.67"	"GTEx--Coexpression"	"LPAR1"
"gene_set_query"	"500"	"0.3111"	"ZNF428"	"ZNF428"	"1"	"298"	"0.7763"	"1.0"	"0.67"	"GTEx--Coexpression"	"SLC35F1"
"gene_set_query"	"501"	"0.3118"	"BHLHA9"	"BHLHA9"	"1"	"298"	"0.7763"	"1.0"	"0.67"	"GTEx--Coexpression"	"PGM2L1"
"gene_set_query"	"502"	"0.3124"	"ZNF117"	"ZNF117"	"1"	"298"	"0.7763"	"1.0"	"0.67"	"GTEx--Coexpression"	"DLC1"
"gene_set_query"	"503"	"0.313"	"NR5A1"	"NR5A1"	"1"	"298"	"0.7763"	"1.0"	"0.67"	"GTEx--Coexpression"	"SNTB1"
"gene_set_query"	"504"	"0.3136"	"ZNF208"	"ZNF208"	"1"	"298"	"0.7763"	"1.0"	"0.67"	"GTEx--Coexpression"	"RARB"
"gene_set_query"	"505"	"0.3143"	"ESRRG"	"ESRRG"	"1"	"298"	"0.7763"	"1.0"	"0.67"	"GTEx--Coexpression"	"NEDD4L"
"gene_set_query"	"506"	"0.3149"	"THAP9"	"THAP9"	"1"	"298"	"0.7763"	"1.0"	"0.67"	"GTEx--Coexpression"	"CEP85L"
"gene_set_query"	"507"	"0.3155"	"TIGD6"	"TIGD6"	"1"	"298"	"0.7763"	"1.0"	"0.67"	"GTEx--Coexpression"	"MAN2A1"
"gene_set_query"	"508"	"0.3161"	"ZNF280A"	"ZNF280A"	"1"	"298"	"0.7763"	"1.0"	"0.67"	"GTEx--Coexpression"	"SNTB1"
"gene_set_query"	"509"	"0.3167"	"POU3F3"	"POU3F3"	"1"	"298"	"0.7763"	"1.0"	"0.67"	"GTEx--Coexpression"	"GPM6B"
"gene_set_query"	"510"	"0.3174"	"ZNF630"	"ZNF630"	"1"	"298"	"0.7763"	"1.0"	"0.67"	"GTEx--Coexpression"	"ADAMTS9-AS2"
"gene_set_query"	"511"	"0.318"	"NEUROD6"	"NEUROD6"	"1"	"298"	"0.7763"	"1.0"	"0.67"	"GTEx--Coexpression"	"PGM2L1"
"gene_set_query"	"512"	"0.3186"	"SREBF1"	"SREBF1"	"1"	"298"	"0.7763"	"1.0"	"0.67"	"GTEx--Coexpression"	"SNTB1"
"gene_set_query"	"513"	"0.3192"	"VSX2"	"VSX2"	"1"	"298"	"0.7763"	"1.0"	"0.67"	"GTEx--Coexpression"	"GPM6B"
"gene_set_query"	"514"	"0.3199"	"TBR1"	"TBR1"	"1"	"298"	"0.7763"	"1.0"	"0.67"	"GTEx--Coexpression"	"PGM2L1"
"gene_set_query"	"515"	"0.3205"	"ZKSCAN2"	"ZKSCAN2"	"1"	"298"	"0.7763"	"1.0"	"0.67"	"GTEx--Coexpression"	"CEP85L"
"gene_set_query"	"516"	"0.3211"	"ZNF599"	"ZNF599"	"1"	"298"	"0.7763"	"1.0"	"0.67"	"GTEx--Coexpression"	"ASAP2"
"gene_set_query"	"517"	"0.3217"	"ZNF616"	"ZNF616"	"1"	"298"	"0.7763"	"1.0"	"0.67"	"GTEx--Coexpression"	"FNDC3B"
"gene_set_query"	"518"	"0.3223"	"RFX6"	"RFX6"	"1"	"298"	"0.7763"	"1.0"	"0.67"	"GTEx--Coexpression"	"FNDC3A"
"gene_set_query"	"519"	"0.323"	"ZNF836"	"ZNF836"	"1"	"298"	"0.7763"	"1.0"	"0.67"	"GTEx--Coexpression"	"MAML3"
"gene_set_query"	"520"	"0.3236"	"DBX2"	"DBX2"	"1"	"298"	"0.7763"	"1.0"	"0.67"	"GTEx--Coexpression"	"GPM6B"
"gene_set_query"	"521"	"0.3242"	"ZNF48"	"ZNF48"	"1"	"298"	"0.7763"	"1.0"	"0.67"	"GTEx--Coexpression"	"NRXN3"
"gene_set_query"	"522"	"0.3248"	"MGA"	"MGA"	"1"	"298"	"0.7763"	"1.0"	"0.67"	"GTEx--Coexpression"	"CEP85L"
"gene_set_query"	"523"	"0.3255"	"ZNF410"	"ZNF410"	"1"	"298"	"0.7763"	"1.0"	"0.67"	"GTEx--Coexpression"	"ANK2"
"gene_set_query"	"524"	"0.3261"	"ZNF300"	"ZNF300"	"1"	"298"	"0.7763"	"1.0"	"0.67"	"GTEx--Coexpression"	"NEAT1"
"gene_set_query"	"525"	"0.3267"	"FOXL2"	"FOXL2"	"1"	"298"	"0.7763"	"1.0"	"0.67"	"GTEx--Coexpression"	"ADAMTS9-AS2"
"gene_set_query"	"526"	"0.3273"	"ZNF275"	"ZNF275"	"1"	"298"	"0.7763"	"1.0"	"0.67"	"GTEx--Coexpression"	"SNTB1"
"gene_set_query"	"527"	"0.3279"	"SALL3"	"SALL3"	"1"	"298"	"0.7763"	"1.0"	"0.67"	"GTEx--Coexpression"	"GPM6B"
"gene_set_query"	"528"	"0.3286"	"ZNF10"	"ZNF10"	"1"	"298"	"0.7763"	"1.0"	"0.67"	"GTEx--Coexpression"	"FNDC3A"
"gene_set_query"	"529"	"0.3292"	"ZNF699"	"ZNF699"	"1"	"298"	"0.7763"	"1.0"	"0.67"	"GTEx--Coexpression"	"LAMC1"
"gene_set_query"	"530"	"0.3298"	"LHX9"	"LHX9"	"1"	"298"	"0.7763"	"1.0"	"0.67"	"GTEx--Coexpression"	"ADAMTS9-AS2"
"gene_set_query"	"531"	"0.3304"	"SPDEF"	"SPDEF"	"1"	"298"	"0.7763"	"1.0"	"0.67"	"GTEx--Coexpression"	"NEDD4L"
"gene_set_query"	"532"	"0.3311"	"HES5"	"HES5"	"1"	"298"	"0.7763"	"1.0"	"0.67"	"GTEx--Coexpression"	"SLC35F1"
"gene_set_query"	"533"	"0.3317"	"MECOM"	"MECOM"	"1"	"298"	"0.7763"	"1.0"	"0.67"	"GTEx--Coexpression"	"NEDD4L"
"gene_set_query"	"534"	"0.3323"	"AHCTF1"	"AHCTF1"	"1"	"299"	"0.7774"	"1.0"	"0.6678"	"GTEx--Coexpression"	"CEP85L"
"gene_set_query"	"535"	"0.3329"	"GTF2IRD1"	"GTF2IRD1"	"1"	"299"	"0.7774"	"1.0"	"0.6678"	"GTEx--Coexpression"	"KIAA1217"
"gene_set_query"	"536"	"0.3335"	"GCM2"	"GCM2"	"1"	"299"	"0.7774"	"1.0"	"0.6678"	"GTEx--Coexpression"	"CD9"
"gene_set_query"	"537"	"0.3342"	"BPTF"	"BPTF"	"1"	"299"	"0.7774"	"1.0"	"0.6678"	"GTEx--Coexpression"	"MAP3K4"
"gene_set_query"	"538"	"0.3348"	"MSX2"	"MSX2"	"1"	"299"	"0.7774"	"1.0"	"0.6678"	"GTEx--Coexpression"	"ROR1"
"gene_set_query"	"539"	"0.3354"	"ZZZ3"	"ZZZ3"	"1"	"299"	"0.7774"	"1.0"	"0.6678"	"GTEx--Coexpression"	"LAMC1"
"gene_set_query"	"540"	"0.336"	"CREB3L1"	"CREB3L1"	"1"	"299"	"0.7774"	"1.0"	"0.6678"	"GTEx--Coexpression"	"FNDC3A"
"gene_set_query"	"541"	"0.3367"	"BAZ2B"	"BAZ2B"	"1"	"299"	"0.7774"	"1.0"	"0.6678"	"GTEx--Coexpression"	"MALAT1"
"gene_set_query"	"542"	"0.3373"	"TBX1"	"TBX1"	"1"	"299"	"0.7774"	"1.0"	"0.6678"	"GTEx--Coexpression"	"KIAA1217"
"gene_set_query"	"543"	"0.3379"	"IRX1"	"IRX1"	"1"	"299"	"0.7774"	"1.0"	"0.6678"	"GTEx--Coexpression"	"ARHGAP29"
"gene_set_query"	"544"	"0.3385"	"ZNF274"	"ZNF274"	"1"	"299"	"0.7774"	"1.0"	"0.6678"	"GTEx--Coexpression"	"SLC35F1"
"gene_set_query"	"545"	"0.3391"	"ZNF875"	"ZNF875"	"1"	"299"	"0.7774"	"1.0"	"0.6678"	"GTEx--Coexpression"	"MALAT1"
"gene_set_query"	"546"	"0.3398"	"POU5F1B"	"POU5F1B"	"1"	"299"	"0.7774"	"1.0"	"0.6678"	"GTEx--Coexpression"	"ANK2"
"gene_set_query"	"547"	"0.3404"	"POU5F1"	"POU5F1"	"1"	"299"	"0.7774"	"1.0"	"0.6678"	"GTEx--Coexpression"	"NEDD4L"
"gene_set_query"	"548"	"0.341"	"ZFP1"	"ZFP1"	"1"	"299"	"0.7774"	"1.0"	"0.6678"	"GTEx--Coexpression"	"ANK2"
"gene_set_query"	"549"	"0.3416"	"ZNF507"	"ZNF507"	"1"	"299"	"0.7774"	"1.0"	"0.6678"	"GTEx--Coexpression"	"CEP85L"
"gene_set_query"	"550"	"0.3423"	"ZNF506"	"ZNF506"	"1"	"299"	"0.7774"	"1.0"	"0.6678"	"GTEx--Coexpression"	"MALAT1"
"gene_set_query"	"551"	"0.3429"	"ZSCAN23"	"ZSCAN23"	"1"	"299"	"0.7774"	"1.0"	"0.6678"	"GTEx--Coexpression"	"LAMC1"
"gene_set_query"	"552"	"0.3435"	"SIX3"	"SIX3"	"1"	"299"	"0.7774"	"1.0"	"0.6678"	"GTEx--Coexpression"	"DGKB"
"gene_set_query"	"553"	"0.3441"	"HIVEP3"	"HIVEP3"	"1"	"299"	"0.7774"	"1.0"	"0.6678"	"GTEx--Coexpression"	"ARAP2"
"gene_set_query"	"554"	"0.3447"	"ZNF680"	"ZNF680"	"1"	"299"	"0.7774"	"1.0"	"0.6678"	"GTEx--Coexpression"	"GPM6B"
"gene_set_query"	"555"	"0.3454"	"ZNF202"	"ZNF202"	"1"	"299"	"0.7774"	"1.0"	"0.6678"	"GTEx--Coexpression"	"MAP3K4"
"gene_set_query"	"556"	"0.346"	"KLF2"	"KLF2"	"1"	"299"	"0.7774"	"1.0"	"0.6678"	"GTEx--Coexpression"	"RBMS3"
"gene_set_query"	"557"	"0.3466"	"MYRFL"	"MYRFL"	"1"	"299"	"0.7774"	"1.0"	"0.6678"	"GTEx--Coexpression"	"DAB1"
"gene_set_query"	"558"	"0.3472"	"ZKSCAN5"	"ZKSCAN5"	"1"	"299"	"0.7774"	"1.0"	"0.6678"	"GTEx--Coexpression"	"CD9"
"gene_set_query"	"559"	"0.3479"	"ZNF710"	"ZNF710"	"1"	"299"	"0.7774"	"1.0"	"0.6678"	"GTEx--Coexpression"	"GAREM1"
"gene_set_query"	"560"	"0.3485"	"ZBTB21"	"ZBTB21"	"1"	"299"	"0.7774"	"1.0"	"0.6678"	"GTEx--Coexpression"	"STK3"
"gene_set_query"	"561"	"0.3491"	"ZNF451"	"ZNF451"	"1"	"299"	"0.7774"	"1.0"	"0.6678"	"GTEx--Coexpression"	"CEP85L"
"gene_set_query"	"562"	"0.3497"	"ZNF226"	"ZNF226"	"1"	"299"	"0.7774"	"1.0"	"0.6678"	"GTEx--Coexpression"	"MALAT1"
"gene_set_query"	"563"	"0.3503"	"ZNF496"	"ZNF496"	"1"	"299"	"0.7774"	"1.0"	"0.6678"	"GTEx--Coexpression"	"ADAMTS9-AS2"
"gene_set_query"	"564"	"0.351"	"GSX1"	"GSX1"	"1"	"299"	"0.7774"	"1.0"	"0.6678"	"GTEx--Coexpression"	"INPP5F"
"gene_set_query"	"565"	"0.3516"	"ZNF793"	"ZNF793"	"1"	"299"	"0.7774"	"1.0"	"0.6678"	"GTEx--Coexpression"	"NRXN3"
"gene_set_query"	"566"	"0.3522"	"ZNF446"	"ZNF446"	"1"	"299"	"0.7774"	"1.0"	"0.6678"	"GTEx--Coexpression"	"MAML3"
"gene_set_query"	"567"	"0.3528"	"ARNTL"	"ARNTL"	"1"	"299"	"0.7774"	"1.0"	"0.6678"	"GTEx--Coexpression"	"FOXO1"
"gene_set_query"	"568"	"0.3535"	"FEZF1"	"FEZF1"	"1"	"299"	"0.7774"	"1.0"	"0.6678"	"GTEx--Coexpression"	"INPP5F"
"gene_set_query"	"569"	"0.3541"	"PRR12"	"PRR12"	"1"	"299"	"0.7774"	"1.0"	"0.6678"	"GTEx--Coexpression"	"MAML3"
"gene_set_query"	"570"	"0.3547"	"ZNF576"	"ZNF576"	"1"	"299"	"0.7774"	"1.0"	"0.6678"	"GTEx--Coexpression"	"ANK2"
"gene_set_query"	"571"	"0.3553"	"ZNF827"	"ZNF827"	"1"	"299"	"0.7774"	"1.0"	"0.6678"	"GTEx--Coexpression"	"NEDD4L"
"gene_set_query"	"572"	"0.3559"	"ATF6B"	"ATF6B"	"1"	"299"	"0.7774"	"1.0"	"0.6678"	"GTEx--Coexpression"	"MAP4"
"gene_set_query"	"573"	"0.3566"	"ZNF600"	"ZNF600"	"1"	"299"	"0.7774"	"1.0"	"0.6678"	"GTEx--Coexpression"	"MAP4"
"gene_set_query"	"574"	"0.3572"	"ZNF454"	"ZNF454"	"1"	"299"	"0.7774"	"1.0"	"0.6678"	"GTEx--Coexpression"	"SSBP2"
"gene_set_query"	"575"	"0.3578"	"ZNF502"	"ZNF502"	"1"	"299"	"0.7774"	"1.0"	"0.6678"	"GTEx--Coexpression"	"MAP3K4"
"gene_set_query"	"576"	"0.3584"	"POU1F1"	"POU1F1"	"1"	"299"	"0.7774"	"1.0"	"0.6678"	"GTEx--Coexpression"	"FNDC3A"
"gene_set_query"	"577"	"0.3591"	"CARF"	"CARF"	"1"	"299"	"0.7774"	"1.0"	"0.6678"	"GTEx--Coexpression"	"WSB1"
"gene_set_query"	"578"	"0.3597"	"FOS"	"FOS"	"1"	"299"	"0.7774"	"1.0"	"0.6678"	"GTEx--Coexpression"	"BOC"
"gene_set_query"	"579"	"0.3603"	"KLF16"	"KLF16"	"1"	"299"	"0.7774"	"1.0"	"0.6678"	"GTEx--Coexpression"	"DGKB"
"gene_set_query"	"580"	"0.3609"	"TIGD1"	"TIGD1"	"1"	"299"	"0.7774"	"1.0"	"0.6678"	"GTEx--Coexpression"	"COL4A2"
"gene_set_query"	"581"	"0.3615"	"ZNF100"	"ZNF100"	"1"	"299"	"0.7774"	"1.0"	"0.6678"	"GTEx--Coexpression"	"CEP85L"
"gene_set_query"	"582"	"0.3622"	"NEUROD4"	"NEUROD4"	"1"	"299"	"0.7774"	"1.0"	"0.6678"	"GTEx--Coexpression"	"FNDC3A"
"gene_set_query"	"583"	"0.3628"	"TBX15"	"TBX15"	"1"	"299"	"0.7774"	"1.0"	"0.6678"	"GTEx--Coexpression"	"FOXO1"
"gene_set_query"	"584"	"0.3634"	"OTP"	"OTP"	"1"	"299"	"0.7774"	"1.0"	"0.6678"	"GTEx--Coexpression"	"INPP5F"
"gene_set_query"	"585"	"0.364"	"ZNF627"	"ZNF627"	"1"	"299"	"0.7774"	"1.0"	"0.6678"	"GTEx--Coexpression"	"ADAMTS9-AS2"
"gene_set_query"	"586"	"0.3647"	"ZNF544"	"ZNF544"	"1"	"299"	"0.7774"	"1.0"	"0.6678"	"GTEx--Coexpression"	"FOXO1"
"gene_set_query"	"587"	"0.3653"	"MSANTD1"	"MSANTD1"	"1"	"299"	"0.7774"	"1.0"	"0.6678"	"GTEx--Coexpression"	"DGKB"
"gene_set_query"	"588"	"0.3659"	"ZBTB1"	"ZBTB1"	"1"	"299"	"0.7774"	"1.0"	"0.6678"	"GTEx--Coexpression"	"BCL2"
"gene_set_query"	"589"	"0.3665"	"ZNF345"	"ZNF345"	"1"	"299"	"0.7774"	"1.0"	"0.6678"	"GTEx--Coexpression"	"ADAMTS9-AS2"
"gene_set_query"	"590"	"0.3671"	"ZNF135"	"ZNF135"	"1"	"299"	"0.7774"	"1.0"	"0.6678"	"GTEx--Coexpression"	"MALAT1"
"gene_set_query"	"591"	"0.3678"	"ZNF800"	"ZNF800"	"1"	"299"	"0.7774"	"1.0"	"0.6678"	"GTEx--Coexpression"	"ANK2"
"gene_set_query"	"592"	"0.3684"	"ZNF667"	"ZNF667"	"1"	"299"	"0.7774"	"1.0"	"0.6678"	"GTEx--Coexpression"	"INPP5F"
"gene_set_query"	"593"	"0.369"	"FIGLA"	"FIGLA"	"1"	"299"	"0.7774"	"1.0"	"0.6678"	"GTEx--Coexpression"	"BOC"
"gene_set_query"	"594"	"0.3696"	"TBX5"	"TBX5"	"1"	"299"	"0.7774"	"1.0"	"0.6678"	"GTEx--Coexpression"	"SIPA1L2"
"gene_set_query"	"595"	"0.3703"	"ZBTB8B"	"ZBTB8B"	"1"	"299"	"0.7774"	"1.0"	"0.6678"	"GTEx--Coexpression"	"INPP5F"
"gene_set_query"	"596"	"0.3709"	"FAM200B"	"FAM200B"	"1"	"299"	"0.7774"	"1.0"	"0.6678"	"GTEx--Coexpression"	"GPM6B"
"gene_set_query"	"597"	"0.3715"	"ZNF83"	"ZNF83"	"1"	"299"	"0.7774"	"1.0"	"0.6678"	"GTEx--Coexpression"	"MALAT1"
"gene_set_query"	"598"	"0.3721"	"JRK"	"JRK"	"1"	"299"	"0.7774"	"1.0"	"0.6678"	"GTEx--Coexpression"	"MAP3K4"
"gene_set_query"	"599"	"0.3727"	"ZNF841"	"ZNF841"	"1"	"299"	"0.7774"	"1.0"	"0.6678"	"GTEx--Coexpression"	"MALAT1"
"gene_set_query"	"600"	"0.3734"	"NFE2L3"	"NFE2L3"	"1"	"299"	"0.7774"	"1.0"	"0.6678"	"GTEx--Coexpression"	"MAML3"
"gene_set_query"	"601"	"0.374"	"HES6"	"HES6"	"1"	"299"	"0.7774"	"1.0"	"0.6678"	"GTEx--Coexpression"	"GPM6B"
"gene_set_query"	"602"	"0.3746"	"WT1"	"WT1"	"1"	"299"	"0.7774"	"1.0"	"0.6678"	"GTEx--Coexpression"	"AKAP12"
"gene_set_query"	"603"	"0.3752"	"ZNF700"	"ZNF700"	"1"	"299"	"0.7774"	"1.0"	"0.6678"	"GTEx--Coexpression"	"ANK2"
"gene_set_query"	"604"	"0.3759"	"ZNF254"	"ZNF254"	"1"	"299"	"0.7774"	"1.0"	"0.6678"	"GTEx--Coexpression"	"MALAT1"
"gene_set_query"	"605"	"0.3765"	"ZNF75D"	"ZNF75D"	"1"	"299"	"0.7774"	"1.0"	"0.6678"	"GTEx--Coexpression"	"SNTB1"
"gene_set_query"	"606"	"0.3771"	"ZSCAN1"	"ZSCAN1"	"1"	"299"	"0.7774"	"1.0"	"0.6678"	"GTEx--Coexpression"	"INPP5F"
"gene_set_query"	"607"	"0.3777"	"ZNF90"	"ZNF90"	"1"	"299"	"0.7774"	"1.0"	"0.6678"	"GTEx--Coexpression"	"BCL2"
"gene_set_query"	"608"	"0.3783"	"ZNF397"	"ZNF397"	"1"	"299"	"0.7774"	"1.0"	"0.6678"	"GTEx--Coexpression"	"ADAMTS9-AS2"
"gene_set_query"	"609"	"0.379"	"DMRT2"	"DMRT2"	"1"	"299"	"0.7774"	"1.0"	"0.6678"	"GTEx--Coexpression"	"ARHGAP29"
"gene_set_query"	"610"	"0.3796"	"JUND"	"JUND"	"1"	"299"	"0.7774"	"1.0"	"0.6678"	"GTEx--Coexpression"	"MALAT1"
"gene_set_query"	"611"	"0.3802"	"FOXA2"	"FOXA2"	"1"	"299"	"0.7774"	"1.0"	"0.6678"	"GTEx--Coexpression"	"IQGAP2"
"gene_set_query"	"612"	"0.3808"	"SOX14"	"SOX14"	"1"	"299"	"0.7774"	"1.0"	"0.6678"	"GTEx--Coexpression"	"INPP5F"
"gene_set_query"	"613"	"0.3815"	"ZNF555"	"ZNF555"	"1"	"299"	"0.7774"	"1.0"	"0.6678"	"GTEx--Coexpression"	"CEP85L"
"gene_set_query"	"614"	"0.3821"	"SPEN"	"SPEN"	"1"	"299"	"0.7774"	"1.0"	"0.6678"	"GTEx--Coexpression"	"ADAMTS9-AS2"
"gene_set_query"	"615"	"0.3827"	"ZNF418"	"ZNF418"	"1"	"299"	"0.7774"	"1.0"	"0.6678"	"GTEx--Coexpression"	"NRXN3"
"gene_set_query"	"616"	"0.3833"	"MBD2"	"MBD2"	"1"	"299"	"0.7774"	"1.0"	"0.6678"	"GTEx--Coexpression"	"ANK2"
"gene_set_query"	"617"	"0.3839"	"FOXA1"	"FOXA1"	"1"	"299"	"0.7774"	"1.0"	"0.6678"	"GTEx--Coexpression"	"NEDD4L"
"gene_set_query"	"618"	"0.3846"	"ZBTB33"	"ZBTB33"	"1"	"299"	"0.7774"	"1.0"	"0.6678"	"GTEx--Coexpression"	"ARAP2"
"gene_set_query"	"619"	"0.3852"	"ZNF569"	"ZNF569"	"1"	"299"	"0.7774"	"1.0"	"0.6678"	"GTEx--Coexpression"	"CEP85L"
"gene_set_query"	"620"	"0.3858"	"ZNF587"	"ZNF587"	"1"	"299"	"0.7774"	"1.0"	"0.6678"	"GTEx--Coexpression"	"FNDC3A"
"gene_set_query"	"621"	"0.3864"	"SAFB"	"SAFB"	"1"	"299"	"0.7774"	"1.0"	"0.6678"	"GTEx--Coexpression"	"MAP3K4"
"gene_set_query"	"622"	"0.3871"	"ZSCAN9"	"ZSCAN9"	"1"	"299"	"0.7774"	"1.0"	"0.6678"	"GTEx--Coexpression"	"CEP85L"
"gene_set_query"	"623"	"0.3877"	"PROX2"	"PROX2"	"1"	"299"	"0.7774"	"1.0"	"0.6678"	"GTEx--Coexpression"	"BCL2"
"gene_set_query"	"624"	"0.3883"	"ZNF277"	"ZNF277"	"1"	"299"	"0.7774"	"1.0"	"0.6678"	"GTEx--Coexpression"	"MAN2A1"
"gene_set_query"	"625"	"0.3889"	"ZNF175"	"ZNF175"	"1"	"300"	"0.7785"	"1.0"	"0.6656"	"GTEx--Coexpression"	"NRXN3"
"gene_set_query"	"626"	"0.3895"	"MEF2A"	"MEF2A"	"1"	"300"	"0.7785"	"1.0"	"0.6656"	"GTEx--Coexpression"	"VCL"
"gene_set_query"	"627"	"0.3902"	"ZNF407"	"ZNF407"	"1"	"300"	"0.7785"	"1.0"	"0.6656"	"GTEx--Coexpression"	"VCL"
"gene_set_query"	"628"	"0.3908"	"ZNF662"	"ZNF662"	"1"	"300"	"0.7785"	"1.0"	"0.6656"	"GTEx--Coexpression"	"BOC"
"gene_set_query"	"629"	"0.3914"	"THAP5"	"THAP5"	"1"	"300"	"0.7785"	"1.0"	"0.6656"	"GTEx--Coexpression"	"CEP85L"
"gene_set_query"	"630"	"0.392"	"MNT"	"MNT"	"1"	"300"	"0.7785"	"1.0"	"0.6656"	"GTEx--Coexpression"	"MAML3"
"gene_set_query"	"631"	"0.3927"	"PRDM15"	"PRDM15"	"1"	"300"	"0.7785"	"1.0"	"0.6656"	"GTEx--Coexpression"	"APP"
"gene_set_query"	"632"	"0.3933"	"ZSCAN25"	"ZSCAN25"	"1"	"300"	"0.7785"	"1.0"	"0.6656"	"GTEx--Coexpression"	"MAML3"
"gene_set_query"	"633"	"0.3939"	"RFX3"	"RFX3"	"1"	"300"	"0.7785"	"1.0"	"0.6656"	"GTEx--Coexpression"	"CEP85L"
"gene_set_query"	"634"	"0.3945"	"ZNF415"	"ZNF415"	"1"	"300"	"0.7785"	"1.0"	"0.6656"	"GTEx--Coexpression"	"ANK2"
"gene_set_query"	"635"	"0.3951"	"ZBTB42"	"ZBTB42"	"1"	"300"	"0.7785"	"1.0"	"0.6656"	"GTEx--Coexpression"	"KIAA1217"
"gene_set_query"	"636"	"0.3958"	"ASH1L"	"ASH1L"	"1"	"300"	"0.7785"	"1.0"	"0.6656"	"GTEx--Coexpression"	"SSBP2"
"gene_set_query"	"637"	"0.3964"	"TFCP2L1"	"TFCP2L1"	"1"	"300"	"0.7785"	"1.0"	"0.6656"	"GTEx--Coexpression"	"KIAA1217"
"gene_set_query"	"638"	"0.397"	"ELF2"	"ELF2"	"1"	"300"	"0.7785"	"1.0"	"0.6656"	"GTEx--Coexpression"	"STK3"
"gene_set_query"	"639"	"0.3976"	"CPEB1"	"CPEB1"	"1"	"300"	"0.7785"	"1.0"	"0.6656"	"GTEx--Coexpression"	"INPP5F"
"gene_set_query"	"640"	"0.3983"	"GPBP1"	"GPBP1"	"1"	"300"	"0.7785"	"1.0"	"0.6656"	"GTEx--Coexpression"	"CEP85L"
"gene_set_query"	"641"	"0.3989"	"ZNF566"	"ZNF566"	"1"	"300"	"0.7785"	"1.0"	"0.6656"	"GTEx--Coexpression"	"NRXN3"
"gene_set_query"	"642"	"0.3995"	"PRDM4"	"PRDM4"	"1"	"300"	"0.7785"	"1.0"	"0.6656"	"GTEx--Coexpression"	"LAMC1"
"gene_set_query"	"643"	"0.4001"	"ZNF785"	"ZNF785"	"1"	"300"	"0.7785"	"1.0"	"0.6656"	"GTEx--Coexpression"	"NRXN3"
"gene_set_query"	"644"	"0.4007"	"ZNF468"	"ZNF468"	"1"	"300"	"0.7785"	"1.0"	"0.6656"	"GTEx--Coexpression"	"MAP4"
"gene_set_query"	"645"	"0.4014"	"PAX9"	"PAX9"	"1"	"300"	"0.7785"	"1.0"	"0.6656"	"GTEx--Coexpression"	"SEMA4B"
"gene_set_query"	"646"	"0.402"	"ZNF846"	"ZNF846"	"1"	"300"	"0.7785"	"1.0"	"0.6656"	"GTEx--Coexpression"	"ASAP2"
"gene_set_query"	"647"	"0.4026"	"ZFP37"	"ZFP37"	"1"	"300"	"0.7785"	"1.0"	"0.6656"	"GTEx--Coexpression"	"NRXN3"
"gene_set_query"	"648"	"0.4032"	"XBP1"	"XBP1"	"1"	"300"	"0.7785"	"1.0"	"0.6656"	"GTEx--Coexpression"	"FNDC3A"
"gene_set_query"	"649"	"0.4039"	"FOXE1"	"FOXE1"	"1"	"300"	"0.7785"	"1.0"	"0.6656"	"GTEx--Coexpression"	"GLIS3"
"gene_set_query"	"650"	"0.4045"	"ZNF432"	"ZNF432"	"1"	"300"	"0.7785"	"1.0"	"0.6656"	"GTEx--Coexpression"	"FNDC3A"
"gene_set_query"	"651"	"0.4051"	"ETV3L"	"ETV3L"	"1"	"300"	"0.7785"	"1.0"	"0.6656"	"GTEx--Coexpression"	"BCL2"
"gene_set_query"	"652"	"0.4057"	"BCL11B"	"BCL11B"	"1"	"300"	"0.7785"	"1.0"	"0.6656"	"GTEx--Coexpression"	"ARAP2"
"gene_set_query"	"653"	"0.4063"	"HOXC11"	"HOXC11"	"1"	"300"	"0.7785"	"1.0"	"0.6656"	"GTEx--Coexpression"	"ROR1"
"gene_set_query"	"654"	"0.407"	"STAT6"	"STAT6"	"1"	"300"	"0.7785"	"1.0"	"0.6656"	"GTEx--Coexpression"	"ANK2"
"gene_set_query"	"655"	"0.4076"	"ZNF398"	"ZNF398"	"1"	"300"	"0.7785"	"1.0"	"0.6656"	"GTEx--Coexpression"	"MAML3"
"gene_set_query"	"656"	"0.4082"	"HMG20B"	"HMG20B"	"1"	"300"	"0.7785"	"1.0"	"0.6656"	"GTEx--Coexpression"	"ANK2"
"gene_set_query"	"657"	"0.4088"	"ELK1"	"ELK1"	"1"	"300"	"0.7785"	"1.0"	"0.6656"	"GTEx--Coexpression"	"ANK2"
"gene_set_query"	"658"	"0.4095"	"ZIK1"	"ZIK1"	"1"	"300"	"0.7785"	"1.0"	"0.6656"	"GTEx--Coexpression"	"NRXN3"
"gene_set_query"	"659"	"0.4101"	"KLF11"	"KLF11"	"1"	"300"	"0.7785"	"1.0"	"0.6656"	"GTEx--Coexpression"	"STK3"
"gene_set_query"	"660"	"0.4107"	"THYN1"	"THYN1"	"1"	"300"	"0.7785"	"1.0"	"0.6656"	"GTEx--Coexpression"	"ANK2"
"gene_set_query"	"661"	"0.4113"	"ZNF33B"	"ZNF33B"	"1"	"300"	"0.7785"	"1.0"	"0.6656"	"GTEx--Coexpression"	"FNDC3A"
"gene_set_query"	"662"	"0.4119"	"EGR4"	"EGR4"	"1"	"300"	"0.7785"	"1.0"	"0.6656"	"GTEx--Coexpression"	"NRXN3"
"gene_set_query"	"663"	"0.4126"	"JDP2"	"JDP2"	"1"	"300"	"0.7785"	"1.0"	"0.6656"	"GTEx--Coexpression"	"ARHGAP24"
"gene_set_query"	"664"	"0.4132"	"CAMTA2"	"CAMTA2"	"1"	"300"	"0.7785"	"1.0"	"0.6656"	"GTEx--Coexpression"	"ANK2"
"gene_set_query"	"665"	"0.4138"	"MAF"	"MAF"	"1"	"300"	"0.7785"	"1.0"	"0.6656"	"GTEx--Coexpression"	"ITGB4"
"gene_set_query"	"666"	"0.4144"	"PLSCR1"	"PLSCR1"	"1"	"300"	"0.7785"	"1.0"	"0.6656"	"GTEx--Coexpression"	"FNDC3B"
"gene_set_query"	"667"	"0.4151"	"ZNF562"	"ZNF562"	"1"	"300"	"0.7785"	"1.0"	"0.6656"	"GTEx--Coexpression"	"SEMA4B"
"gene_set_query"	"668"	"0.4157"	"ZNF235"	"ZNF235"	"1"	"300"	"0.7785"	"1.0"	"0.6656"	"GTEx--Coexpression"	"NRXN3"
"gene_set_query"	"669"	"0.4163"	"ZNF385C"	"ZNF385C"	"1"	"300"	"0.7785"	"1.0"	"0.6656"	"GTEx--Coexpression"	"CEP85L"
"gene_set_query"	"670"	"0.4169"	"ATF2"	"ATF2"	"1"	"300"	"0.7785"	"1.0"	"0.6656"	"GTEx--Coexpression"	"NRXN1"
"gene_set_query"	"671"	"0.4175"	"ONECUT2"	"ONECUT2"	"1"	"300"	"0.7785"	"1.0"	"0.6656"	"GTEx--Coexpression"	"DGKB"
"gene_set_query"	"672"	"0.4182"	"ZBTB25"	"ZBTB25"	"1"	"300"	"0.7785"	"1.0"	"0.6656"	"GTEx--Coexpression"	"BCL2"
"gene_set_query"	"673"	"0.4188"	"BHLHA15"	"BHLHA15"	"1"	"300"	"0.7785"	"1.0"	"0.6656"	"GTEx--Coexpression"	"FNDC3A"
"gene_set_query"	"674"	"0.4194"	"AKAP8"	"AKAP8"	"1"	"300"	"0.7785"	"1.0"	"0.6656"	"GTEx--Coexpression"	"GPM6B"
"gene_set_query"	"675"	"0.42"	"PITX1"	"PITX1"	"1"	"300"	"0.7785"	"1.0"	"0.6656"	"GTEx--Coexpression"	"SEMA4B"
"gene_set_query"	"676"	"0.4207"	"PAX2"	"PAX2"	"1"	"300"	"0.7785"	"1.0"	"0.6656"	"GTEx--Coexpression"	"ARHGAP24"
"gene_set_query"	"677"	"0.4213"	"ZNF420"	"ZNF420"	"1"	"300"	"0.7785"	"1.0"	"0.6656"	"GTEx--Coexpression"	"NRXN3"
"gene_set_query"	"678"	"0.4219"	"MNX1"	"MNX1"	"1"	"300"	"0.7785"	"1.0"	"0.6656"	"GTEx--Coexpression"	"FNDC3A"
"gene_set_query"	"679"	"0.4225"	"ELF3"	"ELF3"	"1"	"300"	"0.7785"	"1.0"	"0.6656"	"GTEx--Coexpression"	"SEMA4B"
"gene_set_query"	"680"	"0.4231"	"SOX21"	"SOX21"	"1"	"300"	"0.7785"	"1.0"	"0.6656"	"GTEx--Coexpression"	"ARAP2"
"gene_set_query"	"681"	"0.4238"	"ELF1"	"ELF1"	"1"	"300"	"0.7785"	"1.0"	"0.6656"	"GTEx--Coexpression"	"ANK2"
"gene_set_query"	"682"	"0.4244"	"ZNF500"	"ZNF500"	"1"	"300"	"0.7785"	"1.0"	"0.6656"	"GTEx--Coexpression"	"ADAMTS9-AS2"
"gene_set_query"	"683"	"0.425"	"ZNF217"	"ZNF217"	"1"	"300"	"0.7785"	"1.0"	"0.6656"	"GTEx--Coexpression"	"ANK2"
"gene_set_query"	"684"	"0.4256"	"NR5A2"	"NR5A2"	"1"	"300"	"0.7785"	"1.0"	"0.6656"	"GTEx--Coexpression"	"FNDC3A"
"gene_set_query"	"685"	"0.4263"	"ZFPM2"	"ZFPM2"	"1"	"300"	"0.7785"	"1.0"	"0.6656"	"GTEx--Coexpression"	"NRXN3"
"gene_set_query"	"686"	"0.4269"	"TERF2"	"TERF2"	"1"	"300"	"0.7785"	"1.0"	"0.6656"	"GTEx--Coexpression"	"ANK2"
"gene_set_query"	"687"	"0.4275"	"ZNF385A"	"ZNF385A"	"1"	"300"	"0.7785"	"1.0"	"0.6656"	"GTEx--Coexpression"	"ARAP2"
"gene_set_query"	"688"	"0.4281"	"ZNF671"	"ZNF671"	"1"	"300"	"0.7785"	"1.0"	"0.6656"	"GTEx--Coexpression"	"NRXN3"
"gene_set_query"	"689"	"0.4287"	"ZHX2"	"ZHX2"	"1"	"300"	"0.7785"	"1.0"	"0.6656"	"GTEx--Coexpression"	"FOXO1"
"gene_set_query"	"690"	"0.4294"	"BCL11A"	"BCL11A"	"1"	"300"	"0.7785"	"1.0"	"0.6656"	"GTEx--Coexpression"	"ARAP2"
"gene_set_query"	"691"	"0.43"	"ZFP30"	"ZFP30"	"1"	"300"	"0.7785"	"1.0"	"0.6656"	"GTEx--Coexpression"	"NRXN3"
"gene_set_query"	"692"	"0.4306"	"PDX1"	"PDX1"	"1"	"300"	"0.7785"	"1.0"	"0.6656"	"GTEx--Coexpression"	"FNDC3A"
"gene_set_query"	"693"	"0.4312"	"HOXB5"	"HOXB5"	"1"	"300"	"0.7785"	"1.0"	"0.6656"	"GTEx--Coexpression"	"PDE8A"
"gene_set_query"	"694"	"0.4319"	"ZBTB22"	"ZBTB22"	"1"	"300"	"0.7785"	"1.0"	"0.6656"	"GTEx--Coexpression"	"MAML3"
"gene_set_query"	"695"	"0.4325"	"ZNF491"	"ZNF491"	"1"	"300"	"0.7785"	"1.0"	"0.6656"	"GTEx--Coexpression"	"ARAP2"
"gene_set_query"	"696"	"0.4331"	"ZNF596"	"ZNF596"	"1"	"300"	"0.7785"	"1.0"	"0.6656"	"GTEx--Coexpression"	"CEP85L"
"gene_set_query"	"697"	"0.4337"	"ZNF554"	"ZNF554"	"1"	"300"	"0.7785"	"1.0"	"0.6656"	"GTEx--Coexpression"	"ANK2"
"gene_set_query"	"698"	"0.4343"	"IKZF4"	"IKZF4"	"1"	"300"	"0.7785"	"1.0"	"0.6656"	"GTEx--Coexpression"	"KLHL29"
"gene_set_query"	"699"	"0.435"	"FOXA3"	"FOXA3"	"1"	"300"	"0.7785"	"1.0"	"0.6656"	"GTEx--Coexpression"	"IQGAP2"
"gene_set_query"	"700"	"0.4356"	"FOXD4L1"	"FOXD4L1"	"1"	"300"	"0.7785"	"1.0"	"0.6656"	"GTEx--Coexpression"	"NRXN3"
"gene_set_query"	"701"	"0.4362"	"FOXJ3"	"FOXJ3"	"1"	"300"	"0.7785"	"1.0"	"0.6656"	"GTEx--Coexpression"	"FOXO1"
"gene_set_query"	"702"	"0.4368"	"ZBTB40"	"ZBTB40"	"1"	"300"	"0.7785"	"1.0"	"0.6656"	"GTEx--Coexpression"	"ITGA1"
"gene_set_query"	"703"	"0.4375"	"NANOGP8"	"NANOGP8"	"1"	"300"	"0.7785"	"1.0"	"0.6656"	"GTEx--Coexpression"	"SH3PXD2A"
"gene_set_query"	"704"	"0.4381"	"ZNF37A"	"ZNF37A"	"1"	"300"	"0.7785"	"1.0"	"0.6656"	"GTEx--Coexpression"	"FNDC3A"
"gene_set_query"	"705"	"0.4387"	"DBP"	"DBP"	"1"	"300"	"0.7785"	"1.0"	"0.6656"	"GTEx--Coexpression"	"FNDC3B"
"gene_set_query"	"706"	"0.4393"	"ZNF121"	"ZNF121"	"1"	"300"	"0.7785"	"1.0"	"0.6656"	"GTEx--Coexpression"	"SEMA4B"
"gene_set_query"	"707"	"0.44"	"ZC3H8"	"ZC3H8"	"1"	"300"	"0.7785"	"1.0"	"0.6656"	"GTEx--Coexpression"	"COL4A2"
"gene_set_query"	"708"	"0.4406"	"KLF3"	"KLF3"	"1"	"300"	"0.7785"	"1.0"	"0.6656"	"GTEx--Coexpression"	"MAML3"
"gene_set_query"	"709"	"0.4412"	"ZNF329"	"ZNF329"	"1"	"300"	"0.7785"	"1.0"	"0.6656"	"GTEx--Coexpression"	"NRXN3"
"gene_set_query"	"710"	"0.4418"	"HES2"	"HES2"	"1"	"300"	"0.7785"	"1.0"	"0.6656"	"GTEx--Coexpression"	"SEMA4B"
"gene_set_query"	"711"	"0.4424"	"NCOA2"	"NCOA2"	"1"	"300"	"0.7785"	"1.0"	"0.6656"	"GTEx--Coexpression"	"MAML3"
"gene_set_query"	"712"	"0.4431"	"PAX4"	"PAX4"	"1"	"300"	"0.7785"	"1.0"	"0.6656"	"GTEx--Coexpression"	"IQGAP2"
"gene_set_query"	"713"	"0.4437"	"ZNF547"	"ZNF547"	"1"	"300"	"0.7785"	"1.0"	"0.6656"	"GTEx--Coexpression"	"NRXN3"
"gene_set_query"	"714"	"0.4443"	"ZNF484"	"ZNF484"	"1"	"300"	"0.7785"	"1.0"	"0.6656"	"GTEx--Coexpression"	"NRXN3"
"gene_set_query"	"715"	"0.4449"	"ZNF324"	"ZNF324"	"1"	"300"	"0.7785"	"1.0"	"0.6656"	"GTEx--Coexpression"	"MAML3"
"gene_set_query"	"716"	"0.4456"	"ZBTB5"	"ZBTB5"	"1"	"300"	"0.7785"	"1.0"	"0.6656"	"GTEx--Coexpression"	"SEMA4B"
"gene_set_query"	"717"	"0.4462"	"POU3F1"	"POU3F1"	"1"	"300"	"0.7785"	"1.0"	"0.6656"	"GTEx--Coexpression"	"ITGB4"
"gene_set_query"	"718"	"0.4468"	"ZNF706"	"ZNF706"	"1"	"300"	"0.7785"	"1.0"	"0.6656"	"GTEx--Coexpression"	"GAREM1"
"gene_set_query"	"719"	"0.4474"	"PURG"	"PURG"	"1"	"300"	"0.7785"	"1.0"	"0.6656"	"GTEx--Coexpression"	"ANK2"
"gene_set_query"	"720"	"0.448"	"HOXB7"	"HOXB7"	"1"	"300"	"0.7785"	"1.0"	"0.6656"	"GTEx--Coexpression"	"PDE8A"
"gene_set_query"	"721"	"0.4487"	"FOXG1"	"FOXG1"	"1"	"300"	"0.7785"	"1.0"	"0.6656"	"GTEx--Coexpression"	"SLC35F1"
"gene_set_query"	"722"	"0.4493"	"FOXK1"	"FOXK1"	"1"	"300"	"0.7785"	"1.0"	"0.6656"	"GTEx--Coexpression"	"KLHL29"
"gene_set_query"	"723"	"0.4499"	"ZNF844"	"ZNF844"	"1"	"300"	"0.7785"	"1.0"	"0.6656"	"GTEx--Coexpression"	"ADAMTS9-AS2"
"gene_set_query"	"724"	"0.4505"	"STAT5A"	"STAT5A"	"1"	"300"	"0.7785"	"1.0"	"0.6656"	"GTEx--Coexpression"	"GALNT15"
"gene_set_query"	"725"	"0.4512"	"ZNF333"	"ZNF333"	"1"	"300"	"0.7785"	"1.0"	"0.6656"	"GTEx--Coexpression"	"ADAMTS9-AS2"
"gene_set_query"	"726"	"0.4518"	"GPBP1L1"	"GPBP1L1"	"1"	"300"	"0.7785"	"1.0"	"0.6656"	"GTEx--Coexpression"	"ANK2"
"gene_set_query"	"727"	"0.4524"	"ZBED5"	"ZBED5"	"1"	"300"	"0.7785"	"1.0"	"0.6656"	"GTEx--Coexpression"	"MALAT1"
"gene_set_query"	"728"	"0.453"	"TFAP2B"	"TFAP2B"	"1"	"300"	"0.7785"	"1.0"	"0.6656"	"GTEx--Coexpression"	"MAML3"
"gene_set_query"	"729"	"0.4536"	"ZNF891"	"ZNF891"	"1"	"300"	"0.7785"	"1.0"	"0.6656"	"GTEx--Coexpression"	"CEP85L"
"gene_set_query"	"730"	"0.4543"	"NR4A3"	"NR4A3"	"1"	"300"	"0.7785"	"1.0"	"0.6656"	"GTEx--Coexpression"	"AKAP12"
"gene_set_query"	"731"	"0.4549"	"THAP6"	"THAP6"	"1"	"300"	"0.7785"	"1.0"	"0.6656"	"GTEx--Coexpression"	"CEP85L"
"gene_set_query"	"732"	"0.4555"	"JUNB"	"JUNB"	"1"	"300"	"0.7785"	"1.0"	"0.6656"	"GTEx--Coexpression"	"ADAMTS9-AS2"
"gene_set_query"	"733"	"0.4561"	"ZNF441"	"ZNF441"	"1"	"300"	"0.7785"	"1.0"	"0.6656"	"GTEx--Coexpression"	"NRXN3"
"gene_set_query"	"734"	"0.4568"	"DZIP1"	"DZIP1"	"1"	"300"	"0.7785"	"1.0"	"0.6656"	"GTEx--Coexpression"	"INPP5F"
"gene_set_query"	"735"	"0.4574"	"ZBTB7A"	"ZBTB7A"	"1"	"300"	"0.7785"	"1.0"	"0.6656"	"GTEx--Coexpression"	"FNDC3A"
"gene_set_query"	"736"	"0.458"	"TGIF2"	"TGIF2"	"1"	"300"	"0.7785"	"1.0"	"0.6656"	"GTEx--Coexpression"	"ANK2"
"gene_set_query"	"737"	"0.4586"	"HOXB6"	"HOXB6"	"1"	"300"	"0.7785"	"1.0"	"0.6656"	"GTEx--Coexpression"	"PDE8A"
"gene_set_query"	"738"	"0.4592"	"HOXB1"	"HOXB1"	"1"	"300"	"0.7785"	"1.0"	"0.6656"	"GTEx--Coexpression"	"SEMA4B"
"gene_set_query"	"739"	"0.4599"	"SIM2"	"SIM2"	"1"	"300"	"0.7785"	"1.0"	"0.6656"	"GTEx--Coexpression"	"SEMA4B"
"gene_set_query"	"740"	"0.4605"	"RORC"	"RORC"	"1"	"300"	"0.7785"	"1.0"	"0.6656"	"GTEx--Coexpression"	"KIAA1217"
"gene_set_query"	"741"	"0.4611"	"SOX15"	"SOX15"	"1"	"300"	"0.7785"	"1.0"	"0.6656"	"GTEx--Coexpression"	"SEMA4B"
"gene_set_query"	"742"	"0.4617"	"NFYC"	"NFYC"	"1"	"300"	"0.7785"	"1.0"	"0.6656"	"GTEx--Coexpression"	"CNN3"
"gene_set_query"	"743"	"0.4624"	"RAG1"	"RAG1"	"1"	"300"	"0.7785"	"1.0"	"0.6656"	"GTEx--Coexpression"	"SNTB1"
"gene_set_query"	"744"	"0.463"	"ZNF404"	"ZNF404"	"1"	"300"	"0.7785"	"1.0"	"0.6656"	"GTEx--Coexpression"	"ANK2"
"gene_set_query"	"745"	"0.4636"	"HBP1"	"HBP1"	"1"	"300"	"0.7785"	"1.0"	"0.6656"	"GTEx--Coexpression"	"STK3"
"gene_set_query"	"746"	"0.4642"	"FOXD4L3"	"FOXD4L3"	"1"	"300"	"0.7785"	"1.0"	"0.6656"	"GTEx--Coexpression"	"ANK2"
"gene_set_query"	"747"	"0.4648"	"ATOH7"	"ATOH7"	"1"	"300"	"0.7785"	"1.0"	"0.6656"	"GTEx--Coexpression"	"ANK2"
"gene_set_query"	"748"	"0.4655"	"ZNF112"	"ZNF112"	"1"	"300"	"0.7785"	"1.0"	"0.6656"	"GTEx--Coexpression"	"NRXN3"
"gene_set_query"	"749"	"0.4661"	"TBX6"	"TBX6"	"1"	"300"	"0.7785"	"1.0"	"0.6656"	"GTEx--Coexpression"	"SEMA4B"
"gene_set_query"	"750"	"0.4667"	"OTX1"	"OTX1"	"1"	"300"	"0.7785"	"1.0"	"0.6656"	"GTEx--Coexpression"	"MAML3"
"gene_set_query"	"751"	"0.4673"	"SATB1"	"SATB1"	"1"	"300"	"0.7785"	"1.0"	"0.6656"	"GTEx--Coexpression"	"PGM2L1"
"gene_set_query"	"752"	"0.468"	"ZNF282"	"ZNF282"	"1"	"300"	"0.7785"	"1.0"	"0.6656"	"GTEx--Coexpression"	"MAML3"
"gene_set_query"	"753"	"0.4686"	"ZNF142"	"ZNF142"	"1"	"300"	"0.7785"	"1.0"	"0.6656"	"GTEx--Coexpression"	"NRXN3"
"gene_set_query"	"754"	"0.4692"	"HMX3"	"HMX3"	"0"	"300"	"1.0"	"1.0"	"0.0"	"GTEx--Coexpression"	""
"gene_set_query"	"755"	"0.4698"	"KDM5B"	"KDM5B"	"0"	"300"	"1.0"	"1.0"	"0.0"	"GTEx--Coexpression"	""
"gene_set_query"	"756"	"0.4704"	"ZNF778"	"ZNF778"	"0"	"300"	"1.0"	"1.0"	"0.0"	"GTEx--Coexpression"	""
"gene_set_query"	"757"	"0.4711"	"ZBTB2"	"ZBTB2"	"0"	"300"	"1.0"	"1.0"	"0.0"	"GTEx--Coexpression"	""
"gene_set_query"	"758"	"0.4717"	"KDM2A"	"KDM2A"	"0"	"300"	"1.0"	"1.0"	"0.0"	"GTEx--Coexpression"	""
"gene_set_query"	"759"	"0.4723"	"NCOA3"	"NCOA3"	"0"	"300"	"1.0"	"1.0"	"0.0"	"GTEx--Coexpression"	""
"gene_set_query"	"760"	"0.4729"	"ZGPAT"	"ZGPAT"	"0"	"300"	"1.0"	"1.0"	"0.0"	"GTEx--Coexpression"	""
"gene_set_query"	"761"	"0.4736"	"HOXC13"	"HOXC13"	"0"	"300"	"1.0"	"1.0"	"0.0"	"GTEx--Coexpression"	""
"gene_set_query"	"762"	"0.4742"	"ZNF391"	"ZNF391"	"0"	"300"	"1.0"	"1.0"	"0.0"	"GTEx--Coexpression"	""
"gene_set_query"	"763"	"0.4748"	"HIVEP1"	"HIVEP1"	"0"	"300"	"1.0"	"1.0"	"0.0"	"GTEx--Coexpression"	""
"gene_set_query"	"764"	"0.4754"	"IRF4"	"IRF4"	"0"	"300"	"1.0"	"1.0"	"0.0"	"GTEx--Coexpression"	""
"gene_set_query"	"765"	"0.476"	"MESP2"	"MESP2"	"0"	"300"	"1.0"	"1.0"	"0.0"	"GTEx--Coexpression"	""
"gene_set_query"	"766"	"0.4767"	"POU2F2"	"POU2F2"	"0"	"300"	"1.0"	"1.0"	"0.0"	"GTEx--Coexpression"	""
"gene_set_query"	"767"	"0.4773"	"MBD1"	"MBD1"	"0"	"300"	"1.0"	"1.0"	"0.0"	"GTEx--Coexpression"	""
"gene_set_query"	"768"	"0.4779"	"CEBPE"	"CEBPE"	"0"	"300"	"1.0"	"1.0"	"0.0"	"GTEx--Coexpression"	""
"gene_set_query"	"769"	"0.4785"	"ZSCAN5C"	"ZSCAN5C"	"0"	"300"	"1.0"	"1.0"	"0.0"	"GTEx--Coexpression"	""
"gene_set_query"	"770"	"0.4792"	"ZNF267"	"ZNF267"	"0"	"300"	"1.0"	"1.0"	"0.0"	"GTEx--Coexpression"	""
"gene_set_query"	"771"	"0.4798"	"HMG20A"	"HMG20A"	"0"	"300"	"1.0"	"1.0"	"0.0"	"GTEx--Coexpression"	""
"gene_set_query"	"772"	"0.4804"	"SOX7"	"SOX7"	"0"	"300"	"1.0"	"1.0"	"0.0"	"GTEx--Coexpression"	""
"gene_set_query"	"773"	"0.481"	"ZNF581"	"ZNF581"	"0"	"300"	"1.0"	"1.0"	"0.0"	"GTEx--Coexpression"	""
"gene_set_query"	"774"	"0.4816"	"ANHX"	"ANHX"	"0"	"300"	"1.0"	"1.0"	"0.0"	"GTEx--Coexpression"	""
"gene_set_query"	"775"	"0.4823"	"ZNF648"	"ZNF648"	"0"	"300"	"1.0"	"1.0"	"0.0"	"GTEx--Coexpression"	""
"gene_set_query"	"776"	"0.4829"	"ZNF597"	"ZNF597"	"0"	"300"	"1.0"	"1.0"	"0.0"	"GTEx--Coexpression"	""
"gene_set_query"	"777"	"0.4835"	"ZNF319"	"ZNF319"	"0"	"300"	"1.0"	"1.0"	"0.0"	"GTEx--Coexpression"	""
"gene_set_query"	"778"	"0.4841"	"MLXIP"	"MLXIP"	"0"	"300"	"1.0"	"1.0"	"0.0"	"GTEx--Coexpression"	""
"gene_set_query"	"779"	"0.4848"	"SP2"	"SP2"	"0"	"300"	"1.0"	"1.0"	"0.0"	"GTEx--Coexpression"	""
"gene_set_query"	"780"	"0.4854"	"DLX3"	"DLX3"	"0"	"300"	"1.0"	"1.0"	"0.0"	"GTEx--Coexpression"	""
"gene_set_query"	"781"	"0.486"	"TCF24"	"TCF24"	"0"	"300"	"1.0"	"1.0"	"0.0"	"GTEx--Coexpression"	""
"gene_set_query"	"782"	"0.4866"	"NHLH1"	"NHLH1"	"0"	"300"	"1.0"	"1.0"	"0.0"	"GTEx--Coexpression"	""
"gene_set_query"	"783"	"0.4872"	"BRF2"	"BRF2"	"0"	"300"	"1.0"	"1.0"	"0.0"	"GTEx--Coexpression"	""
"gene_set_query"	"784"	"0.4879"	"NFATC2"	"NFATC2"	"0"	"300"	"1.0"	"1.0"	"0.0"	"GTEx--Coexpression"	""
"gene_set_query"	"785"	"0.4885"	"GTF2B"	"GTF2B"	"0"	"300"	"1.0"	"1.0"	"0.0"	"GTEx--Coexpression"	""
"gene_set_query"	"786"	"0.4891"	"ISX"	"ISX"	"0"	"300"	"1.0"	"1.0"	"0.0"	"GTEx--Coexpression"	""
"gene_set_query"	"787"	"0.4897"	"NR3C2"	"NR3C2"	"0"	"300"	"1.0"	"1.0"	"0.0"	"GTEx--Coexpression"	""
"gene_set_query"	"788"	"0.4904"	"ZNF714"	"ZNF714"	"0"	"300"	"1.0"	"1.0"	"0.0"	"GTEx--Coexpression"	""
"gene_set_query"	"789"	"0.491"	"ZNF543"	"ZNF543"	"0"	"300"	"1.0"	"1.0"	"0.0"	"GTEx--Coexpression"	""
"gene_set_query"	"790"	"0.4916"	"MTF1"	"MTF1"	"0"	"300"	"1.0"	"1.0"	"0.0"	"GTEx--Coexpression"	""
"gene_set_query"	"791"	"0.4922"	"ZNF598"	"ZNF598"	"0"	"300"	"1.0"	"1.0"	"0.0"	"GTEx--Coexpression"	""
"gene_set_query"	"792"	"0.4928"	"HES1"	"HES1"	"0"	"300"	"1.0"	"1.0"	"0.0"	"GTEx--Coexpression"	""
"gene_set_query"	"793"	"0.4935"	"ZNF669"	"ZNF669"	"0"	"300"	"1.0"	"1.0"	"0.0"	"GTEx--Coexpression"	""
"gene_set_query"	"794"	"0.4941"	"RARG"	"RARG"	"0"	"300"	"1.0"	"1.0"	"0.0"	"GTEx--Coexpression"	""
"gene_set_query"	"795"	"0.4947"	"ZNF429"	"ZNF429"	"0"	"300"	"1.0"	"1.0"	"0.0"	"GTEx--Coexpression"	""
"gene_set_query"	"796"	"0.4953"	"ZNF813"	"ZNF813"	"0"	"300"	"1.0"	"1.0"	"0.0"	"GTEx--Coexpression"	""
"gene_set_query"	"797"	"0.496"	"ERF"	"ERF"	"0"	"300"	"1.0"	"1.0"	"0.0"	"GTEx--Coexpression"	""
"gene_set_query"	"798"	"0.4966"	"REL"	"REL"	"0"	"300"	"1.0"	"1.0"	"0.0"	"GTEx--Coexpression"	""
"gene_set_query"	"799"	"0.4972"	"TFAP2A"	"TFAP2A"	"0"	"300"	"1.0"	"1.0"	"0.0"	"GTEx--Coexpression"	""
"gene_set_query"	"800"	"0.4978"	"GATAD2B"	"GATAD2B"	"0"	"300"	"1.0"	"1.0"	"0.0"	"GTEx--Coexpression"	""
"gene_set_query"	"801"	"0.4984"	"SP8"	"SP8"	"0"	"300"	"1.0"	"1.0"	"0.0"	"GTEx--Coexpression"	""
"gene_set_query"	"802"	"0.4991"	"E2F7"	"E2F7"	"0"	"300"	"1.0"	"1.0"	"0.0"	"GTEx--Coexpression"	""
"gene_set_query"	"803"	"0.4997"	"ZNF80"	"ZNF80"	"0"	"300"	"1.0"	"1.0"	"0.0"	"GTEx--Coexpression"	""
"gene_set_query"	"804"	"0.5003"	"GRHL1"	"GRHL1"	"0"	"300"	"1.0"	"1.0"	"0.0"	"GTEx--Coexpression"	""
"gene_set_query"	"805"	"0.5009"	"ZNF273"	"ZNF273"	"0"	"300"	"1.0"	"1.0"	"0.0"	"GTEx--Coexpression"	""
"gene_set_query"	"806"	"0.5016"	"ZNF750"	"ZNF750"	"0"	"300"	"1.0"	"1.0"	"0.0"	"GTEx--Coexpression"	""
"gene_set_query"	"807"	"0.5022"	"KLF4"	"KLF4"	"0"	"300"	"1.0"	"1.0"	"0.0"	"GTEx--Coexpression"	""
"gene_set_query"	"808"	"0.5028"	"DDIT3"	"DDIT3"	"0"	"300"	"1.0"	"1.0"	"0.0"	"GTEx--Coexpression"	""
"gene_set_query"	"809"	"0.5034"	"HOXB9"	"HOXB9"	"0"	"300"	"1.0"	"1.0"	"0.0"	"GTEx--Coexpression"	""
"gene_set_query"	"810"	"0.504"	"ASCL5"	"ASCL5"	"0"	"300"	"1.0"	"1.0"	"0.0"	"GTEx--Coexpression"	""
"gene_set_query"	"811"	"0.5047"	"IRX2"	"IRX2"	"0"	"300"	"1.0"	"1.0"	"0.0"	"GTEx--Coexpression"	""
"gene_set_query"	"812"	"0.5053"	"ZNF417"	"ZNF417"	"0"	"300"	"1.0"	"1.0"	"0.0"	"GTEx--Coexpression"	""
"gene_set_query"	"813"	"0.5059"	"POU2F3"	"POU2F3"	"0"	"300"	"1.0"	"1.0"	"0.0"	"GTEx--Coexpression"	""
"gene_set_query"	"814"	"0.5065"	"DNTTIP1"	"DNTTIP1"	"0"	"300"	"1.0"	"1.0"	"0.0"	"GTEx--Coexpression"	""
"gene_set_query"	"815"	"0.5072"	"CDX2"	"CDX2"	"0"	"300"	"1.0"	"1.0"	"0.0"	"GTEx--Coexpression"	""
"gene_set_query"	"816"	"0.5078"	"CBX2"	"CBX2"	"0"	"300"	"1.0"	"1.0"	"0.0"	"GTEx--Coexpression"	""
"gene_set_query"	"817"	"0.5084"	"TIGD2"	"TIGD2"	"0"	"300"	"1.0"	"1.0"	"0.0"	"GTEx--Coexpression"	""
"gene_set_query"	"818"	"0.509"	"GRHL2"	"GRHL2"	"0"	"300"	"1.0"	"1.0"	"0.0"	"GTEx--Coexpression"	""
"gene_set_query"	"819"	"0.5096"	"GLMP"	"GLMP"	"0"	"300"	"1.0"	"1.0"	"0.0"	"GTEx--Coexpression"	""
"gene_set_query"	"820"	"0.5103"	"ARID3C"	"ARID3C"	"0"	"300"	"1.0"	"1.0"	"0.0"	"GTEx--Coexpression"	""
"gene_set_query"	"821"	"0.5109"	"PIN1"	"PIN1"	"0"	"300"	"1.0"	"1.0"	"0.0"	"GTEx--Coexpression"	""
"gene_set_query"	"822"	"0.5115"	"ZSCAN21"	"ZSCAN21"	"0"	"300"	"1.0"	"1.0"	"0.0"	"GTEx--Coexpression"	""
"gene_set_query"	"823"	"0.5121"	"HSFX1"	"HSFX1"	"0"	"300"	"1.0"	"1.0"	"0.0"	"GTEx--Coexpression"	""
"gene_set_query"	"824"	"0.5128"	"ZNF584"	"ZNF584"	"0"	"300"	"1.0"	"1.0"	"0.0"	"GTEx--Coexpression"	""
"gene_set_query"	"825"	"0.5134"	"ZBTB3"	"ZBTB3"	"0"	"300"	"1.0"	"1.0"	"0.0"	"GTEx--Coexpression"	""
"gene_set_query"	"826"	"0.514"	"NFATC1"	"NFATC1"	"0"	"300"	"1.0"	"1.0"	"0.0"	"GTEx--Coexpression"	""
"gene_set_query"	"827"	"0.5146"	"SPI1"	"SPI1"	"0"	"300"	"1.0"	"1.0"	"0.0"	"GTEx--Coexpression"	""
"gene_set_query"	"828"	"0.5152"	"SMYD3"	"SMYD3"	"0"	"300"	"1.0"	"1.0"	"0.0"	"GTEx--Coexpression"	""
"gene_set_query"	"829"	"0.5159"	"ZXDA"	"ZXDA"	"0"	"300"	"1.0"	"1.0"	"0.0"	"GTEx--Coexpression"	""
"gene_set_query"	"830"	"0.5165"	"HOXA1"	"HOXA1"	"0"	"300"	"1.0"	"1.0"	"0.0"	"GTEx--Coexpression"	""
"gene_set_query"	"831"	"0.5171"	"SRY"	"SRY"	"0"	"300"	"1.0"	"1.0"	"0.0"	"GTEx--Coexpression"	""
"gene_set_query"	"832"	"0.5177"	"ZNF101"	"ZNF101"	"0"	"300"	"1.0"	"1.0"	"0.0"	"GTEx--Coexpression"	""
"gene_set_query"	"833"	"0.5184"	"ZSCAN4"	"ZSCAN4"	"0"	"300"	"1.0"	"1.0"	"0.0"	"GTEx--Coexpression"	""
"gene_set_query"	"834"	"0.519"	"ZNF568"	"ZNF568"	"0"	"300"	"1.0"	"1.0"	"0.0"	"GTEx--Coexpression"	""
"gene_set_query"	"835"	"0.5196"	"IRF6"	"IRF6"	"0"	"300"	"1.0"	"1.0"	"0.0"	"GTEx--Coexpression"	""
"gene_set_query"	"836"	"0.5202"	"ZNF850"	"ZNF850"	"0"	"300"	"1.0"	"1.0"	"0.0"	"GTEx--Coexpression"	""
"gene_set_query"	"837"	"0.5208"	"GCM1"	"GCM1"	"0"	"300"	"1.0"	"1.0"	"0.0"	"GTEx--Coexpression"	""
"gene_set_query"	"838"	"0.5215"	"IKZF5"	"IKZF5"	"0"	"300"	"1.0"	"1.0"	"0.0"	"GTEx--Coexpression"	""
"gene_set_query"	"839"	"0.5221"	"SP100"	"SP100"	"0"	"300"	"1.0"	"1.0"	"0.0"	"GTEx--Coexpression"	""
"gene_set_query"	"840"	"0.5227"	"ZNF790"	"ZNF790"	"0"	"300"	"1.0"	"1.0"	"0.0"	"GTEx--Coexpression"	""
"gene_set_query"	"841"	"0.5233"	"ZNF773"	"ZNF773"	"0"	"300"	"1.0"	"1.0"	"0.0"	"GTEx--Coexpression"	""
"gene_set_query"	"842"	"0.524"	"ZNF205"	"ZNF205"	"0"	"300"	"1.0"	"1.0"	"0.0"	"GTEx--Coexpression"	""
"gene_set_query"	"843"	"0.5246"	"ZNF134"	"ZNF134"	"0"	"300"	"1.0"	"1.0"	"0.0"	"GTEx--Coexpression"	""
"gene_set_query"	"844"	"0.5252"	"ZNF613"	"ZNF613"	"0"	"300"	"1.0"	"1.0"	"0.0"	"GTEx--Coexpression"	""
"gene_set_query"	"845"	"0.5258"	"LCORL"	"LCORL"	"0"	"300"	"1.0"	"1.0"	"0.0"	"GTEx--Coexpression"	""
"gene_set_query"	"846"	"0.5264"	"ZNF19"	"ZNF19"	"0"	"300"	"1.0"	"1.0"	"0.0"	"GTEx--Coexpression"	""
"gene_set_query"	"847"	"0.5271"	"ARID5A"	"ARID5A"	"0"	"300"	"1.0"	"1.0"	"0.0"	"GTEx--Coexpression"	""
"gene_set_query"	"848"	"0.5277"	"TEAD4"	"TEAD4"	"0"	"300"	"1.0"	"1.0"	"0.0"	"GTEx--Coexpression"	""
"gene_set_query"	"849"	"0.5283"	"ATF6"	"ATF6"	"0"	"300"	"1.0"	"1.0"	"0.0"	"GTEx--Coexpression"	""
"gene_set_query"	"850"	"0.5289"	"ZNF317"	"ZNF317"	"0"	"300"	"1.0"	"1.0"	"0.0"	"GTEx--Coexpression"	""
"gene_set_query"	"851"	"0.5296"	"NFX1"	"NFX1"	"0"	"300"	"1.0"	"1.0"	"0.0"	"GTEx--Coexpression"	""
"gene_set_query"	"852"	"0.5302"	"ZKSCAN3"	"ZKSCAN3"	"0"	"300"	"1.0"	"1.0"	"0.0"	"GTEx--Coexpression"	""
"gene_set_query"	"853"	"0.5308"	"ZNF831"	"ZNF831"	"0"	"300"	"1.0"	"1.0"	"0.0"	"GTEx--Coexpression"	""
"gene_set_query"	"854"	"0.5314"	"MYC"	"MYC"	"0"	"300"	"1.0"	"1.0"	"0.0"	"GTEx--Coexpression"	""
"gene_set_query"	"855"	"0.532"	"PHF21A"	"PHF21A"	"0"	"300"	"1.0"	"1.0"	"0.0"	"GTEx--Coexpression"	""
"gene_set_query"	"856"	"0.5327"	"IRX4"	"IRX4"	"0"	"300"	"1.0"	"1.0"	"0.0"	"GTEx--Coexpression"	""
"gene_set_query"	"857"	"0.5333"	"RBAK"	"RBAK"	"0"	"300"	"1.0"	"1.0"	"0.0"	"GTEx--Coexpression"	""
"gene_set_query"	"858"	"0.5339"	"CREB5"	"CREB5"	"0"	"300"	"1.0"	"1.0"	"0.0"	"GTEx--Coexpression"	""
"gene_set_query"	"859"	"0.5345"	"FOXI3"	"FOXI3"	"0"	"300"	"1.0"	"1.0"	"0.0"	"GTEx--Coexpression"	""
"gene_set_query"	"860"	"0.5352"	"CENPA"	"CENPA"	"0"	"300"	"1.0"	"1.0"	"0.0"	"GTEx--Coexpression"	""
"gene_set_query"	"861"	"0.5358"	"NR1I3"	"NR1I3"	"0"	"300"	"1.0"	"1.0"	"0.0"	"GTEx--Coexpression"	""
"gene_set_query"	"862"	"0.5364"	"ZFP69B"	"ZFP69B"	"0"	"300"	"1.0"	"1.0"	"0.0"	"GTEx--Coexpression"	""
"gene_set_query"	"863"	"0.537"	"MAFB"	"MAFB"	"0"	"300"	"1.0"	"1.0"	"0.0"	"GTEx--Coexpression"	""
"gene_set_query"	"864"	"0.5376"	"TFAP2C"	"TFAP2C"	"0"	"300"	"1.0"	"1.0"	"0.0"	"GTEx--Coexpression"	""
"gene_set_query"	"865"	"0.5383"	"HES3"	"HES3"	"0"	"300"	"1.0"	"1.0"	"0.0"	"GTEx--Coexpression"	""
"gene_set_query"	"866"	"0.5389"	"ZNF223"	"ZNF223"	"0"	"300"	"1.0"	"1.0"	"0.0"	"GTEx--Coexpression"	""
"gene_set_query"	"867"	"0.5395"	"ZNF99"	"ZNF99"	"0"	"300"	"1.0"	"1.0"	"0.0"	"GTEx--Coexpression"	""
"gene_set_query"	"868"	"0.5401"	"ZNF302"	"ZNF302"	"0"	"300"	"1.0"	"1.0"	"0.0"	"GTEx--Coexpression"	""
"gene_set_query"	"869"	"0.5408"	"RBPJL"	"RBPJL"	"0"	"300"	"1.0"	"1.0"	"0.0"	"GTEx--Coexpression"	""
"gene_set_query"	"870"	"0.5414"	"IKZF2"	"IKZF2"	"0"	"300"	"1.0"	"1.0"	"0.0"	"GTEx--Coexpression"	""
"gene_set_query"	"871"	"0.542"	"ZBTB32"	"ZBTB32"	"0"	"300"	"1.0"	"1.0"	"0.0"	"GTEx--Coexpression"	""
"gene_set_query"	"872"	"0.5426"	"ZNF565"	"ZNF565"	"0"	"300"	"1.0"	"1.0"	"0.0"	"GTEx--Coexpression"	""
"gene_set_query"	"873"	"0.5432"	"ZNF620"	"ZNF620"	"0"	"300"	"1.0"	"1.0"	"0.0"	"GTEx--Coexpression"	""
"gene_set_query"	"874"	"0.5439"	"CENPS"	"CENPS"	"0"	"300"	"1.0"	"1.0"	"0.0"	"GTEx--Coexpression"	""
"gene_set_query"	"875"	"0.5445"	"TCF20"	"TCF20"	"0"	"300"	"1.0"	"1.0"	"0.0"	"GTEx--Coexpression"	""
"gene_set_query"	"876"	"0.5451"	"ZNF324B"	"ZNF324B"	"0"	"300"	"1.0"	"1.0"	"0.0"	"GTEx--Coexpression"	""
"gene_set_query"	"877"	"0.5457"	"SP110"	"SP110"	"0"	"300"	"1.0"	"1.0"	"0.0"	"GTEx--Coexpression"	""
"gene_set_query"	"878"	"0.5464"	"SNAI3"	"SNAI3"	"0"	"300"	"1.0"	"1.0"	"0.0"	"GTEx--Coexpression"	""
"gene_set_query"	"879"	"0.547"	"ZNF681"	"ZNF681"	"0"	"300"	"1.0"	"1.0"	"0.0"	"GTEx--Coexpression"	""
"gene_set_query"	"880"	"0.5476"	"MYBL2"	"MYBL2"	"0"	"300"	"1.0"	"1.0"	"0.0"	"GTEx--Coexpression"	""
"gene_set_query"	"881"	"0.5482"	"HLX"	"HLX"	"0"	"300"	"1.0"	"1.0"	"0.0"	"GTEx--Coexpression"	""
"gene_set_query"	"882"	"0.5488"	"ZNF784"	"ZNF784"	"0"	"300"	"1.0"	"1.0"	"0.0"	"GTEx--Coexpression"	""
"gene_set_query"	"883"	"0.5495"	"ESRRB"	"ESRRB"	"0"	"300"	"1.0"	"1.0"	"0.0"	"GTEx--Coexpression"	""
"gene_set_query"	"884"	"0.5501"	"ZNF26"	"ZNF26"	"0"	"300"	"1.0"	"1.0"	"0.0"	"GTEx--Coexpression"	""
"gene_set_query"	"885"	"0.5507"	"GFI1B"	"GFI1B"	"0"	"300"	"1.0"	"1.0"	"0.0"	"GTEx--Coexpression"	""
"gene_set_query"	"886"	"0.5513"	"ZNF438"	"ZNF438"	"0"	"300"	"1.0"	"1.0"	"0.0"	"GTEx--Coexpression"	""
"gene_set_query"	"887"	"0.552"	"ZNF777"	"ZNF777"	"0"	"300"	"1.0"	"1.0"	"0.0"	"GTEx--Coexpression"	""
"gene_set_query"	"888"	"0.5526"	"ZNF541"	"ZNF541"	"0"	"300"	"1.0"	"1.0"	"0.0"	"GTEx--Coexpression"	""
"gene_set_query"	"889"	"0.5532"	"HSF1"	"HSF1"	"0"	"300"	"1.0"	"1.0"	"0.0"	"GTEx--Coexpression"	""
"gene_set_query"	"890"	"0.5538"	"ATF5"	"ATF5"	"0"	"300"	"1.0"	"1.0"	"0.0"	"GTEx--Coexpression"	""
"gene_set_query"	"891"	"0.5544"	"ZUP1"	"ZUP1"	"0"	"300"	"1.0"	"1.0"	"0.0"	"GTEx--Coexpression"	""
"gene_set_query"	"892"	"0.5551"	"ZNF550"	"ZNF550"	"0"	"300"	"1.0"	"1.0"	"0.0"	"GTEx--Coexpression"	""
"gene_set_query"	"893"	"0.5557"	"ZNF583"	"ZNF583"	"0"	"300"	"1.0"	"1.0"	"0.0"	"GTEx--Coexpression"	""
"gene_set_query"	"894"	"0.5563"	"ZNF256"	"ZNF256"	"0"	"300"	"1.0"	"1.0"	"0.0"	"GTEx--Coexpression"	""
"gene_set_query"	"895"	"0.5569"	"ZNF7"	"ZNF7"	"0"	"300"	"1.0"	"1.0"	"0.0"	"GTEx--Coexpression"	""
"gene_set_query"	"896"	"0.5576"	"HNF1A"	"HNF1A"	"0"	"300"	"1.0"	"1.0"	"0.0"	"GTEx--Coexpression"	""
"gene_set_query"	"897"	"0.5582"	"SNAPC4"	"SNAPC4"	"0"	"300"	"1.0"	"1.0"	"0.0"	"GTEx--Coexpression"	""
"gene_set_query"	"898"	"0.5588"	"CSRNP2"	"CSRNP2"	"0"	"300"	"1.0"	"1.0"	"0.0"	"GTEx--Coexpression"	""
"gene_set_query"	"899"	"0.5594"	"ZNF691"	"ZNF691"	"0"	"300"	"1.0"	"1.0"	"0.0"	"GTEx--Coexpression"	""
"gene_set_query"	"900"	"0.56"	"TP63"	"TP63"	"0"	"300"	"1.0"	"1.0"	"0.0"	"GTEx--Coexpression"	""
"gene_set_query"	"901"	"0.5607"	"CREB3L3"	"CREB3L3"	"0"	"300"	"1.0"	"1.0"	"0.0"	"GTEx--Coexpression"	""
"gene_set_query"	"902"	"0.5613"	"CASZ1"	"CASZ1"	"0"	"300"	"1.0"	"1.0"	"0.0"	"GTEx--Coexpression"	""
"gene_set_query"	"903"	"0.5619"	"ZNF92"	"ZNF92"	"0"	"300"	"1.0"	"1.0"	"0.0"	"GTEx--Coexpression"	""
"gene_set_query"	"904"	"0.5625"	"ZBED4"	"ZBED4"	"0"	"300"	"1.0"	"1.0"	"0.0"	"GTEx--Coexpression"	""
"gene_set_query"	"905"	"0.5632"	"TLX1"	"TLX1"	"0"	"300"	"1.0"	"1.0"	"0.0"	"GTEx--Coexpression"	""
"gene_set_query"	"906"	"0.5638"	"THAP7"	"THAP7"	"0"	"300"	"1.0"	"1.0"	"0.0"	"GTEx--Coexpression"	""
"gene_set_query"	"907"	"0.5644"	"E2F3"	"E2F3"	"0"	"300"	"1.0"	"1.0"	"0.0"	"GTEx--Coexpression"	""
"gene_set_query"	"908"	"0.565"	"RORA"	"RORA"	"0"	"300"	"1.0"	"1.0"	"0.0"	"GTEx--Coexpression"	""
"gene_set_query"	"909"	"0.5657"	"NAIF1"	"NAIF1"	"0"	"300"	"1.0"	"1.0"	"0.0"	"GTEx--Coexpression"	""
"gene_set_query"	"910"	"0.5663"	"TFAP4"	"TFAP4"	"0"	"300"	"1.0"	"1.0"	"0.0"	"GTEx--Coexpression"	""
"gene_set_query"	"911"	"0.5669"	"CHCHD3"	"CHCHD3"	"0"	"300"	"1.0"	"1.0"	"0.0"	"GTEx--Coexpression"	""
"gene_set_query"	"912"	"0.5675"	"ZNF212"	"ZNF212"	"0"	"300"	"1.0"	"1.0"	"0.0"	"GTEx--Coexpression"	""
"gene_set_query"	"913"	"0.5681"	"ZNF594"	"ZNF594"	"0"	"300"	"1.0"	"1.0"	"0.0"	"GTEx--Coexpression"	""
"gene_set_query"	"914"	"0.5688"	"ZNF730"	"ZNF730"	"0"	"300"	"1.0"	"1.0"	"0.0"	"GTEx--Coexpression"	""
"gene_set_query"	"915"	"0.5694"	"TCF7"	"TCF7"	"0"	"300"	"1.0"	"1.0"	"0.0"	"GTEx--Coexpression"	""
"gene_set_query"	"916"	"0.57"	"PLAGL2"	"PLAGL2"	"0"	"300"	"1.0"	"1.0"	"0.0"	"GTEx--Coexpression"	""
"gene_set_query"	"917"	"0.5706"	"BCL6"	"BCL6"	"0"	"300"	"1.0"	"1.0"	"0.0"	"GTEx--Coexpression"	""
"gene_set_query"	"918"	"0.5713"	"BATF3"	"BATF3"	"0"	"300"	"1.0"	"1.0"	"0.0"	"GTEx--Coexpression"	""
"gene_set_query"	"919"	"0.5719"	"HOXC10"	"HOXC10"	"0"	"300"	"1.0"	"1.0"	"0.0"	"GTEx--Coexpression"	""
"gene_set_query"	"920"	"0.5725"	"TET2"	"TET2"	"0"	"300"	"1.0"	"1.0"	"0.0"	"GTEx--Coexpression"	""
"gene_set_query"	"921"	"0.5731"	"ZIM3"	"ZIM3"	"0"	"300"	"1.0"	"1.0"	"0.0"	"GTEx--Coexpression"	""
"gene_set_query"	"922"	"0.5737"	"ZNF787"	"ZNF787"	"0"	"300"	"1.0"	"1.0"	"0.0"	"GTEx--Coexpression"	""
"gene_set_query"	"923"	"0.5744"	"PURA"	"PURA"	"0"	"300"	"1.0"	"1.0"	"0.0"	"GTEx--Coexpression"	""
"gene_set_query"	"924"	"0.575"	"LYL1"	"LYL1"	"0"	"300"	"1.0"	"1.0"	"0.0"	"GTEx--Coexpression"	""
"gene_set_query"	"925"	"0.5756"	"TBPL2"	"TBPL2"	"0"	"300"	"1.0"	"1.0"	"0.0"	"GTEx--Coexpression"	""
"gene_set_query"	"926"	"0.5762"	"L3MBTL1"	"L3MBTL1"	"0"	"300"	"1.0"	"1.0"	"0.0"	"GTEx--Coexpression"	""
"gene_set_query"	"927"	"0.5769"	"PA2G4"	"PA2G4"	"0"	"300"	"1.0"	"1.0"	"0.0"	"GTEx--Coexpression"	""
"gene_set_query"	"928"	"0.5775"	"NFYA"	"NFYA"	"0"	"300"	"1.0"	"1.0"	"0.0"	"GTEx--Coexpression"	""
"gene_set_query"	"929"	"0.5781"	"KDM2B"	"KDM2B"	"0"	"300"	"1.0"	"1.0"	"0.0"	"GTEx--Coexpression"	""
"gene_set_query"	"930"	"0.5787"	"DEAF1"	"DEAF1"	"0"	"300"	"1.0"	"1.0"	"0.0"	"GTEx--Coexpression"	""
"gene_set_query"	"931"	"0.5793"	"ZNF860"	"ZNF860"	"0"	"300"	"1.0"	"1.0"	"0.0"	"GTEx--Coexpression"	""
"gene_set_query"	"932"	"0.58"	"FOXJ1"	"FOXJ1"	"0"	"300"	"1.0"	"1.0"	"0.0"	"GTEx--Coexpression"	""
"gene_set_query"	"933"	"0.5806"	"HNF4A"	"HNF4A"	"0"	"300"	"1.0"	"1.0"	"0.0"	"GTEx--Coexpression"	""
"gene_set_query"	"934"	"0.5812"	"FOXN2"	"FOXN2"	"0"	"300"	"1.0"	"1.0"	"0.0"	"GTEx--Coexpression"	""
"gene_set_query"	"935"	"0.5818"	"ZNF705E"	"ZNF705E"	"0"	"300"	"1.0"	"1.0"	"0.0"	"GTEx--Coexpression"	""
"gene_set_query"	"936"	"0.5825"	"ZNF266"	"ZNF266"	"0"	"300"	"1.0"	"1.0"	"0.0"	"GTEx--Coexpression"	""
"gene_set_query"	"937"	"0.5831"	"ZBTB11"	"ZBTB11"	"0"	"300"	"1.0"	"1.0"	"0.0"	"GTEx--Coexpression"	""
"gene_set_query"	"938"	"0.5837"	"E2F8"	"E2F8"	"0"	"300"	"1.0"	"1.0"	"0.0"	"GTEx--Coexpression"	""
"gene_set_query"	"939"	"0.5843"	"MYBL1"	"MYBL1"	"0"	"300"	"1.0"	"1.0"	"0.0"	"GTEx--Coexpression"	""
"gene_set_query"	"940"	"0.5849"	"ZNF610"	"ZNF610"	"0"	"300"	"1.0"	"1.0"	"0.0"	"GTEx--Coexpression"	""
"gene_set_query"	"941"	"0.5856"	"TRAFD1"	"TRAFD1"	"0"	"300"	"1.0"	"1.0"	"0.0"	"GTEx--Coexpression"	""
"gene_set_query"	"942"	"0.5862"	"DLX4"	"DLX4"	"0"	"300"	"1.0"	"1.0"	"0.0"	"GTEx--Coexpression"	""
"gene_set_query"	"943"	"0.5868"	"ZNF483"	"ZNF483"	"0"	"300"	"1.0"	"1.0"	"0.0"	"GTEx--Coexpression"	""
"gene_set_query"	"944"	"0.5874"	"NFKB2"	"NFKB2"	"0"	"300"	"1.0"	"1.0"	"0.0"	"GTEx--Coexpression"	""
"gene_set_query"	"945"	"0.5881"	"ZNF16"	"ZNF16"	"0"	"300"	"1.0"	"1.0"	"0.0"	"GTEx--Coexpression"	""
"gene_set_query"	"946"	"0.5887"	"SCML4"	"SCML4"	"0"	"300"	"1.0"	"1.0"	"0.0"	"GTEx--Coexpression"	""
"gene_set_query"	"947"	"0.5893"	"ZBTB34"	"ZBTB34"	"0"	"300"	"1.0"	"1.0"	"0.0"	"GTEx--Coexpression"	""
"gene_set_query"	"948"	"0.5899"	"CDX1"	"CDX1"	"0"	"300"	"1.0"	"1.0"	"0.0"	"GTEx--Coexpression"	""
"gene_set_query"	"949"	"0.5905"	"ZSCAN5B"	"ZSCAN5B"	"0"	"300"	"1.0"	"1.0"	"0.0"	"GTEx--Coexpression"	""
"gene_set_query"	"950"	"0.5912"	"RFX4"	"RFX4"	"0"	"300"	"1.0"	"1.0"	"0.0"	"GTEx--Coexpression"	""
"gene_set_query"	"951"	"0.5918"	"ZSCAN31"	"ZSCAN31"	"0"	"300"	"1.0"	"1.0"	"0.0"	"GTEx--Coexpression"	""
"gene_set_query"	"952"	"0.5924"	"E2F2"	"E2F2"	"0"	"300"	"1.0"	"1.0"	"0.0"	"GTEx--Coexpression"	""
"gene_set_query"	"953"	"0.593"	"IRF8"	"IRF8"	"0"	"300"	"1.0"	"1.0"	"0.0"	"GTEx--Coexpression"	""
"gene_set_query"	"954"	"0.5937"	"ZNF124"	"ZNF124"	"0"	"300"	"1.0"	"1.0"	"0.0"	"GTEx--Coexpression"	""
"gene_set_query"	"955"	"0.5943"	"SP140"	"SP140"	"0"	"300"	"1.0"	"1.0"	"0.0"	"GTEx--Coexpression"	""
"gene_set_query"	"956"	"0.5949"	"BACH2"	"BACH2"	"0"	"300"	"1.0"	"1.0"	"0.0"	"GTEx--Coexpression"	""
"gene_set_query"	"957"	"0.5955"	"ZNF213"	"ZNF213"	"0"	"300"	"1.0"	"1.0"	"0.0"	"GTEx--Coexpression"	""
"gene_set_query"	"958"	"0.5961"	"ZNF66"	"ZNF66"	"0"	"300"	"1.0"	"1.0"	"0.0"	"GTEx--Coexpression"	""
"gene_set_query"	"959"	"0.5968"	"ZNF341"	"ZNF341"	"0"	"300"	"1.0"	"1.0"	"0.0"	"GTEx--Coexpression"	""
"gene_set_query"	"960"	"0.5974"	"ZNF354A"	"ZNF354A"	"0"	"300"	"1.0"	"1.0"	"0.0"	"GTEx--Coexpression"	""
"gene_set_query"	"961"	"0.598"	"USF1"	"USF1"	"0"	"300"	"1.0"	"1.0"	"0.0"	"GTEx--Coexpression"	""
"gene_set_query"	"962"	"0.5986"	"ZNF674"	"ZNF674"	"0"	"300"	"1.0"	"1.0"	"0.0"	"GTEx--Coexpression"	""
"gene_set_query"	"963"	"0.5993"	"NOBOX"	"NOBOX"	"0"	"300"	"1.0"	"1.0"	"0.0"	"GTEx--Coexpression"	""
"gene_set_query"	"964"	"0.5999"	"PROX1"	"PROX1"	"0"	"300"	"1.0"	"1.0"	"0.0"	"GTEx--Coexpression"	""
"gene_set_query"	"965"	"0.6005"	"ZNF646"	"ZNF646"	"0"	"300"	"1.0"	"1.0"	"0.0"	"GTEx--Coexpression"	""
"gene_set_query"	"966"	"0.6011"	"PRDM1"	"PRDM1"	"0"	"300"	"1.0"	"1.0"	"0.0"	"GTEx--Coexpression"	""
"gene_set_query"	"967"	"0.6017"	"CDC5L"	"CDC5L"	"0"	"300"	"1.0"	"1.0"	"0.0"	"GTEx--Coexpression"	""
"gene_set_query"	"968"	"0.6024"	"MYSM1"	"MYSM1"	"0"	"300"	"1.0"	"1.0"	"0.0"	"GTEx--Coexpression"	""
"gene_set_query"	"969"	"0.603"	"NR2C2"	"NR2C2"	"0"	"300"	"1.0"	"1.0"	"0.0"	"GTEx--Coexpression"	""
"gene_set_query"	"970"	"0.6036"	"ZNF224"	"ZNF224"	"0"	"300"	"1.0"	"1.0"	"0.0"	"GTEx--Coexpression"	""
"gene_set_query"	"971"	"0.6042"	"ZNF57"	"ZNF57"	"0"	"300"	"1.0"	"1.0"	"0.0"	"GTEx--Coexpression"	""
"gene_set_query"	"972"	"0.6049"	"RARA"	"RARA"	"0"	"300"	"1.0"	"1.0"	"0.0"	"GTEx--Coexpression"	""
"gene_set_query"	"973"	"0.6055"	"IKZF1"	"IKZF1"	"0"	"300"	"1.0"	"1.0"	"0.0"	"GTEx--Coexpression"	""
"gene_set_query"	"974"	"0.6061"	"ZNF560"	"ZNF560"	"0"	"300"	"1.0"	"1.0"	"0.0"	"GTEx--Coexpression"	""
"gene_set_query"	"975"	"0.6067"	"AHRR"	"AHRR"	"0"	"300"	"1.0"	"1.0"	"0.0"	"GTEx--Coexpression"	""
"gene_set_query"	"976"	"0.6073"	"DR1"	"DR1"	"0"	"300"	"1.0"	"1.0"	"0.0"	"GTEx--Coexpression"	""
"gene_set_query"	"977"	"0.608"	"ZNF724"	"ZNF724"	"0"	"300"	"1.0"	"1.0"	"0.0"	"GTEx--Coexpression"	""
"gene_set_query"	"978"	"0.6086"	"DPF1"	"DPF1"	"0"	"300"	"1.0"	"1.0"	"0.0"	"GTEx--Coexpression"	""
"gene_set_query"	"979"	"0.6092"	"KLF8"	"KLF8"	"0"	"300"	"1.0"	"1.0"	"0.0"	"GTEx--Coexpression"	""
"gene_set_query"	"980"	"0.6098"	"GATA1"	"GATA1"	"0"	"300"	"1.0"	"1.0"	"0.0"	"GTEx--Coexpression"	""
"gene_set_query"	"981"	"0.6105"	"BHLHE23"	"BHLHE23"	"0"	"300"	"1.0"	"1.0"	"0.0"	"GTEx--Coexpression"	""
"gene_set_query"	"982"	"0.6111"	"MYCL"	"MYCL"	"0"	"300"	"1.0"	"1.0"	"0.0"	"GTEx--Coexpression"	""
"gene_set_query"	"983"	"0.6117"	"CENPX"	"CENPX"	"0"	"300"	"1.0"	"1.0"	"0.0"	"GTEx--Coexpression"	""
"gene_set_query"	"984"	"0.6123"	"KLF5"	"KLF5"	"0"	"300"	"1.0"	"1.0"	"0.0"	"GTEx--Coexpression"	""
"gene_set_query"	"985"	"0.6129"	"ZNF45"	"ZNF45"	"0"	"300"	"1.0"	"1.0"	"0.0"	"GTEx--Coexpression"	""
"gene_set_query"	"986"	"0.6136"	"NR1H4"	"NR1H4"	"0"	"300"	"1.0"	"1.0"	"0.0"	"GTEx--Coexpression"	""
"gene_set_query"	"987"	"0.6142"	"ZNF653"	"ZNF653"	"0"	"300"	"1.0"	"1.0"	"0.0"	"GTEx--Coexpression"	""
"gene_set_query"	"988"	"0.6148"	"ZNF888"	"ZNF888"	"0"	"300"	"1.0"	"1.0"	"0.0"	"GTEx--Coexpression"	""
"gene_set_query"	"989"	"0.6154"	"MXD1"	"MXD1"	"0"	"300"	"1.0"	"1.0"	"0.0"	"GTEx--Coexpression"	""
"gene_set_query"	"990"	"0.6161"	"ZNF423"	"ZNF423"	"0"	"300"	"1.0"	"1.0"	"0.0"	"GTEx--Coexpression"	""
"gene_set_query"	"991"	"0.6167"	"FOXR1"	"FOXR1"	"0"	"300"	"1.0"	"1.0"	"0.0"	"GTEx--Coexpression"	""
"gene_set_query"	"992"	"0.6173"	"BNC1"	"BNC1"	"0"	"300"	"1.0"	"1.0"	"0.0"	"GTEx--Coexpression"	""
"gene_set_query"	"993"	"0.6179"	"STAT1"	"STAT1"	"0"	"300"	"1.0"	"1.0"	"0.0"	"GTEx--Coexpression"	""
"gene_set_query"	"994"	"0.6185"	"NEUROG2"	"NEUROG2"	"0"	"300"	"1.0"	"1.0"	"0.0"	"GTEx--Coexpression"	""
"gene_set_query"	"995"	"0.6192"	"DLX2"	"DLX2"	"0"	"300"	"1.0"	"1.0"	"0.0"	"GTEx--Coexpression"	""
"gene_set_query"	"996"	"0.6198"	"ETV6"	"ETV6"	"0"	"300"	"1.0"	"1.0"	"0.0"	"GTEx--Coexpression"	""
"gene_set_query"	"997"	"0.6204"	"CEBPG"	"CEBPG"	"0"	"300"	"1.0"	"1.0"	"0.0"	"GTEx--Coexpression"	""
"gene_set_query"	"998"	"0.621"	"ZNF766"	"ZNF766"	"0"	"300"	"1.0"	"1.0"	"0.0"	"GTEx--Coexpression"	""
"gene_set_query"	"999"	"0.6217"	"ZBTB7B"	"ZBTB7B"	"0"	"300"	"1.0"	"1.0"	"0.0"	"GTEx--Coexpression"	""
"gene_set_query"	"1000"	"0.6223"	"NKX28"	"NKX28"	"0"	"300"	"1.0"	"1.0"	"0.0"	"GTEx--Coexpression"	""
"gene_set_query"	"1001"	"0.6229"	"ZNF131"	"ZNF131"	"0"	"300"	"1.0"	"1.0"	"0.0"	"GTEx--Coexpression"	""
"gene_set_query"	"1002"	"0.6235"	"TAL2"	"TAL2"	"0"	"300"	"1.0"	"1.0"	"0.0"	"GTEx--Coexpression"	""
"gene_set_query"	"1003"	"0.6241"	"MIXL1"	"MIXL1"	"0"	"300"	"1.0"	"1.0"	"0.0"	"GTEx--Coexpression"	""
"gene_set_query"	"1004"	"0.6248"	"CIC"	"CIC"	"0"	"300"	"1.0"	"1.0"	"0.0"	"GTEx--Coexpression"	""
"gene_set_query"	"1005"	"0.6254"	"ZNF511"	"ZNF511"	"0"	"300"	"1.0"	"1.0"	"0.0"	"GTEx--Coexpression"	""
"gene_set_query"	"1006"	"0.626"	"IRX5"	"IRX5"	"0"	"300"	"1.0"	"1.0"	"0.0"	"GTEx--Coexpression"	""
"gene_set_query"	"1007"	"0.6266"	"MYOG"	"MYOG"	"0"	"300"	"1.0"	"1.0"	"0.0"	"GTEx--Coexpression"	""
"gene_set_query"	"1008"	"0.6273"	"OVOL2"	"OVOL2"	"0"	"300"	"1.0"	"1.0"	"0.0"	"GTEx--Coexpression"	""
"gene_set_query"	"1009"	"0.6279"	"SKOR2"	"SKOR2"	"0"	"300"	"1.0"	"1.0"	"0.0"	"GTEx--Coexpression"	""
"gene_set_query"	"1010"	"0.6285"	"CRX"	"CRX"	"0"	"300"	"1.0"	"1.0"	"0.0"	"GTEx--Coexpression"	""
"gene_set_query"	"1011"	"0.6291"	"ZNF396"	"ZNF396"	"0"	"300"	"1.0"	"1.0"	"0.0"	"GTEx--Coexpression"	""
"gene_set_query"	"1012"	"0.6297"	"LHX4"	"LHX4"	"0"	"300"	"1.0"	"1.0"	"0.0"	"GTEx--Coexpression"	""
"gene_set_query"	"1013"	"0.6304"	"ZNF619"	"ZNF619"	"0"	"300"	"1.0"	"1.0"	"0.0"	"GTEx--Coexpression"	""
"gene_set_query"	"1014"	"0.631"	"RXRG"	"RXRG"	"0"	"300"	"1.0"	"1.0"	"0.0"	"GTEx--Coexpression"	""
"gene_set_query"	"1015"	"0.6316"	"MYB"	"MYB"	"0"	"300"	"1.0"	"1.0"	"0.0"	"GTEx--Coexpression"	""
"gene_set_query"	"1016"	"0.6322"	"MLXIPL"	"MLXIPL"	"0"	"300"	"1.0"	"1.0"	"0.0"	"GTEx--Coexpression"	""
"gene_set_query"	"1017"	"0.6329"	"ZNF425"	"ZNF425"	"0"	"300"	"1.0"	"1.0"	"0.0"	"GTEx--Coexpression"	""
"gene_set_query"	"1018"	"0.6335"	"TIGD7"	"TIGD7"	"0"	"300"	"1.0"	"1.0"	"0.0"	"GTEx--Coexpression"	""
"gene_set_query"	"1019"	"0.6341"	"E2F1"	"E2F1"	"0"	"300"	"1.0"	"1.0"	"0.0"	"GTEx--Coexpression"	""
"gene_set_query"	"1020"	"0.6347"	"NKX12"	"NKX12"	"0"	"300"	"1.0"	"1.0"	"0.0"	"GTEx--Coexpression"	""
"gene_set_query"	"1021"	"0.6353"	"ZNF805"	"ZNF805"	"0"	"300"	"1.0"	"1.0"	"0.0"	"GTEx--Coexpression"	""
"gene_set_query"	"1022"	"0.636"	"SP5"	"SP5"	"0"	"300"	"1.0"	"1.0"	"0.0"	"GTEx--Coexpression"	""
"gene_set_query"	"1023"	"0.6366"	"NR2C1"	"NR2C1"	"0"	"300"	"1.0"	"1.0"	"0.0"	"GTEx--Coexpression"	""
"gene_set_query"	"1024"	"0.6372"	"ZNF735"	"ZNF735"	"0"	"300"	"1.0"	"1.0"	"0.0"	"GTEx--Coexpression"	""
"gene_set_query"	"1025"	"0.6378"	"ZNF98"	"ZNF98"	"0"	"300"	"1.0"	"1.0"	"0.0"	"GTEx--Coexpression"	""
"gene_set_query"	"1026"	"0.6385"	"GATA3"	"GATA3"	"0"	"300"	"1.0"	"1.0"	"0.0"	"GTEx--Coexpression"	""
"gene_set_query"	"1027"	"0.6391"	"ZNF284"	"ZNF284"	"0"	"300"	"1.0"	"1.0"	"0.0"	"GTEx--Coexpression"	""
"gene_set_query"	"1028"	"0.6397"	"AKNA"	"AKNA"	"0"	"300"	"1.0"	"1.0"	"0.0"	"GTEx--Coexpression"	""
"gene_set_query"	"1029"	"0.6403"	"BATF"	"BATF"	"0"	"300"	"1.0"	"1.0"	"0.0"	"GTEx--Coexpression"	""
"gene_set_query"	"1030"	"0.6409"	"IRF1"	"IRF1"	"0"	"300"	"1.0"	"1.0"	"0.0"	"GTEx--Coexpression"	""
"gene_set_query"	"1031"	"0.6416"	"ZNF77"	"ZNF77"	"0"	"300"	"1.0"	"1.0"	"0.0"	"GTEx--Coexpression"	""
"gene_set_query"	"1032"	"0.6422"	"CEBPA"	"CEBPA"	"0"	"300"	"1.0"	"1.0"	"0.0"	"GTEx--Coexpression"	""
"gene_set_query"	"1033"	"0.6428"	"ZNF169"	"ZNF169"	"0"	"300"	"1.0"	"1.0"	"0.0"	"GTEx--Coexpression"	""
"gene_set_query"	"1034"	"0.6434"	"ZNF350"	"ZNF350"	"0"	"300"	"1.0"	"1.0"	"0.0"	"GTEx--Coexpression"	""
"gene_set_query"	"1035"	"0.6441"	"FBXL19"	"FBXL19"	"0"	"300"	"1.0"	"1.0"	"0.0"	"GTEx--Coexpression"	""
"gene_set_query"	"1036"	"0.6447"	"ONECUT3"	"ONECUT3"	"0"	"300"	"1.0"	"1.0"	"0.0"	"GTEx--Coexpression"	""
"gene_set_query"	"1037"	"0.6453"	"PTF1A"	"PTF1A"	"0"	"300"	"1.0"	"1.0"	"0.0"	"GTEx--Coexpression"	""
"gene_set_query"	"1038"	"0.6459"	"EN1"	"EN1"	"0"	"300"	"1.0"	"1.0"	"0.0"	"GTEx--Coexpression"	""
"gene_set_query"	"1039"	"0.6465"	"NR2F6"	"NR2F6"	"0"	"300"	"1.0"	"1.0"	"0.0"	"GTEx--Coexpression"	""
"gene_set_query"	"1040"	"0.6472"	"PAX5"	"PAX5"	"0"	"300"	"1.0"	"1.0"	"0.0"	"GTEx--Coexpression"	""
"gene_set_query"	"1041"	"0.6478"	"ZNF430"	"ZNF430"	"0"	"300"	"1.0"	"1.0"	"0.0"	"GTEx--Coexpression"	""
"gene_set_query"	"1042"	"0.6484"	"POU2AF1"	"POU2AF1"	"0"	"300"	"1.0"	"1.0"	"0.0"	"GTEx--Coexpression"	""
"gene_set_query"	"1043"	"0.649"	"LMX1B"	"LMX1B"	"0"	"300"	"1.0"	"1.0"	"0.0"	"GTEx--Coexpression"	""
"gene_set_query"	"1044"	"0.6497"	"ONECUT1"	"ONECUT1"	"0"	"300"	"1.0"	"1.0"	"0.0"	"GTEx--Coexpression"	""
"gene_set_query"	"1045"	"0.6503"	"ZNF703"	"ZNF703"	"0"	"300"	"1.0"	"1.0"	"0.0"	"GTEx--Coexpression"	""
"gene_set_query"	"1046"	"0.6509"	"ZNF230"	"ZNF230"	"0"	"300"	"1.0"	"1.0"	"0.0"	"GTEx--Coexpression"	""
"gene_set_query"	"1047"	"0.6515"	"NR1I2"	"NR1I2"	"0"	"300"	"1.0"	"1.0"	"0.0"	"GTEx--Coexpression"	""
"gene_set_query"	"1048"	"0.6521"	"ZBTB39"	"ZBTB39"	"0"	"300"	"1.0"	"1.0"	"0.0"	"GTEx--Coexpression"	""
"gene_set_query"	"1049"	"0.6528"	"ZNF93"	"ZNF93"	"0"	"300"	"1.0"	"1.0"	"0.0"	"GTEx--Coexpression"	""
"gene_set_query"	"1050"	"0.6534"	"SP6"	"SP6"	"0"	"300"	"1.0"	"1.0"	"0.0"	"GTEx--Coexpression"	""
"gene_set_query"	"1051"	"0.654"	"ZNF589"	"ZNF589"	"0"	"300"	"1.0"	"1.0"	"0.0"	"GTEx--Coexpression"	""
"gene_set_query"	"1052"	"0.6546"	"ZNF181"	"ZNF181"	"0"	"300"	"1.0"	"1.0"	"0.0"	"GTEx--Coexpression"	""
"gene_set_query"	"1053"	"0.6553"	"NR1D1"	"NR1D1"	"0"	"300"	"1.0"	"1.0"	"0.0"	"GTEx--Coexpression"	""
"gene_set_query"	"1054"	"0.6559"	"NFE2"	"NFE2"	"0"	"300"	"1.0"	"1.0"	"0.0"	"GTEx--Coexpression"	""
"gene_set_query"	"1055"	"0.6565"	"ZNF195"	"ZNF195"	"0"	"300"	"1.0"	"1.0"	"0.0"	"GTEx--Coexpression"	""
"gene_set_query"	"1056"	"0.6571"	"TBX21"	"TBX21"	"0"	"300"	"1.0"	"1.0"	"0.0"	"GTEx--Coexpression"	""
"gene_set_query"	"1057"	"0.6577"	"VDR"	"VDR"	"0"	"300"	"1.0"	"1.0"	"0.0"	"GTEx--Coexpression"	""
"gene_set_query"	"1058"	"0.6584"	"ZFP41"	"ZFP41"	"0"	"300"	"1.0"	"1.0"	"0.0"	"GTEx--Coexpression"	""
"gene_set_query"	"1059"	"0.659"	"ZNF155"	"ZNF155"	"0"	"300"	"1.0"	"1.0"	"0.0"	"GTEx--Coexpression"	""
"gene_set_query"	"1060"	"0.6596"	"SATB2"	"SATB2"	"0"	"300"	"1.0"	"1.0"	"0.0"	"GTEx--Coexpression"	""
"gene_set_query"	"1061"	"0.6602"	"MXD3"	"MXD3"	"0"	"300"	"1.0"	"1.0"	"0.0"	"GTEx--Coexpression"	""
"gene_set_query"	"1062"	"0.6609"	"RLF"	"RLF"	"0"	"300"	"1.0"	"1.0"	"0.0"	"GTEx--Coexpression"	""
"gene_set_query"	"1063"	"0.6615"	"ZNF726"	"ZNF726"	"0"	"300"	"1.0"	"1.0"	"0.0"	"GTEx--Coexpression"	""
"gene_set_query"	"1064"	"0.6621"	"DLX5"	"DLX5"	"0"	"300"	"1.0"	"1.0"	"0.0"	"GTEx--Coexpression"	""
"gene_set_query"	"1065"	"0.6627"	"ZKSCAN1"	"ZKSCAN1"	"0"	"300"	"1.0"	"1.0"	"0.0"	"GTEx--Coexpression"	""
"gene_set_query"	"1066"	"0.6633"	"ZNF570"	"ZNF570"	"0"	"300"	"1.0"	"1.0"	"0.0"	"GTEx--Coexpression"	""
"gene_set_query"	"1067"	"0.664"	"IRX3"	"IRX3"	"0"	"300"	"1.0"	"1.0"	"0.0"	"GTEx--Coexpression"	""
"gene_set_query"	"1068"	"0.6646"	"STAT5B"	"STAT5B"	"0"	"300"	"1.0"	"1.0"	"0.0"	"GTEx--Coexpression"	""
"gene_set_query"	"1069"	"0.6652"	"ZNF556"	"ZNF556"	"0"	"300"	"1.0"	"1.0"	"0.0"	"GTEx--Coexpression"	""
"gene_set_query"	"1070"	"0.6658"	"EOMES"	"EOMES"	"0"	"300"	"1.0"	"1.0"	"0.0"	"GTEx--Coexpression"	""
"gene_set_query"	"1071"	"0.6665"	"EGR3"	"EGR3"	"0"	"300"	"1.0"	"1.0"	"0.0"	"GTEx--Coexpression"	""
"gene_set_query"	"1072"	"0.6671"	"ZFP14"	"ZFP14"	"0"	"300"	"1.0"	"1.0"	"0.0"	"GTEx--Coexpression"	""
"gene_set_query"	"1073"	"0.6677"	"MAX"	"MAX"	"0"	"300"	"1.0"	"1.0"	"0.0"	"GTEx--Coexpression"	""
"gene_set_query"	"1074"	"0.6683"	"ZNF823"	"ZNF823"	"0"	"300"	"1.0"	"1.0"	"0.0"	"GTEx--Coexpression"	""
"gene_set_query"	"1075"	"0.6689"	"TERB1"	"TERB1"	"0"	"300"	"1.0"	"1.0"	"0.0"	"GTEx--Coexpression"	""
"gene_set_query"	"1076"	"0.6696"	"NFKB1"	"NFKB1"	"0"	"300"	"1.0"	"1.0"	"0.0"	"GTEx--Coexpression"	""
"gene_set_query"	"1077"	"0.6702"	"STAT4"	"STAT4"	"0"	"300"	"1.0"	"1.0"	"0.0"	"GTEx--Coexpression"	""
"gene_set_query"	"1078"	"0.6708"	"TCF3"	"TCF3"	"0"	"300"	"1.0"	"1.0"	"0.0"	"GTEx--Coexpression"	""
"gene_set_query"	"1079"	"0.6714"	"ZNF770"	"ZNF770"	"0"	"300"	"1.0"	"1.0"	"0.0"	"GTEx--Coexpression"	""
"gene_set_query"	"1080"	"0.6721"	"ZSCAN18"	"ZSCAN18"	"0"	"300"	"1.0"	"1.0"	"0.0"	"GTEx--Coexpression"	""
"gene_set_query"	"1081"	"0.6727"	"THAP1"	"THAP1"	"0"	"300"	"1.0"	"1.0"	"0.0"	"GTEx--Coexpression"	""
"gene_set_query"	"1082"	"0.6733"	"LBX2"	"LBX2"	"0"	"300"	"1.0"	"1.0"	"0.0"	"GTEx--Coexpression"	""
"gene_set_query"	"1083"	"0.6739"	"FOXI1"	"FOXI1"	"0"	"300"	"1.0"	"1.0"	"0.0"	"GTEx--Coexpression"	""
"gene_set_query"	"1084"	"0.6745"	"HOXC9"	"HOXC9"	"0"	"300"	"1.0"	"1.0"	"0.0"	"GTEx--Coexpression"	""
"gene_set_query"	"1085"	"0.6752"	"ARID3A"	"ARID3A"	"0"	"300"	"1.0"	"1.0"	"0.0"	"GTEx--Coexpression"	""
"gene_set_query"	"1086"	"0.6758"	"ZSCAN29"	"ZSCAN29"	"0"	"300"	"1.0"	"1.0"	"0.0"	"GTEx--Coexpression"	""
"gene_set_query"	"1087"	"0.6764"	"RUNX3"	"RUNX3"	"0"	"300"	"1.0"	"1.0"	"0.0"	"GTEx--Coexpression"	""
"gene_set_query"	"1088"	"0.677"	"ZNF788P"	"ZNF788P"	"0"	"300"	"1.0"	"1.0"	"0.0"	"GTEx--Coexpression"	""
"gene_set_query"	"1089"	"0.6777"	"ZNF394"	"ZNF394"	"0"	"300"	"1.0"	"1.0"	"0.0"	"GTEx--Coexpression"	""
"gene_set_query"	"1090"	"0.6783"	"KLF1"	"KLF1"	"0"	"300"	"1.0"	"1.0"	"0.0"	"GTEx--Coexpression"	""
"gene_set_query"	"1091"	"0.6789"	"TBX20"	"TBX20"	"0"	"300"	"1.0"	"1.0"	"0.0"	"GTEx--Coexpression"	""
"gene_set_query"	"1092"	"0.6795"	"ZNF852"	"ZNF852"	"0"	"300"	"1.0"	"1.0"	"0.0"	"GTEx--Coexpression"	""
"gene_set_query"	"1093"	"0.6801"	"TFEB"	"TFEB"	"0"	"300"	"1.0"	"1.0"	"0.0"	"GTEx--Coexpression"	""
"gene_set_query"	"1094"	"0.6808"	"ZNF281"	"ZNF281"	"0"	"300"	"1.0"	"1.0"	"0.0"	"GTEx--Coexpression"	""
"gene_set_query"	"1095"	"0.6814"	"ZNF527"	"ZNF527"	"0"	"300"	"1.0"	"1.0"	"0.0"	"GTEx--Coexpression"	""
"gene_set_query"	"1096"	"0.682"	"ETS2"	"ETS2"	"0"	"300"	"1.0"	"1.0"	"0.0"	"GTEx--Coexpression"	""
"gene_set_query"	"1097"	"0.6826"	"ZNF222"	"ZNF222"	"0"	"300"	"1.0"	"1.0"	"0.0"	"GTEx--Coexpression"	""
"gene_set_query"	"1098"	"0.6833"	"ZNF367"	"ZNF367"	"0"	"300"	"1.0"	"1.0"	"0.0"	"GTEx--Coexpression"	""
"gene_set_query"	"1099"	"0.6839"	"ZNF492"	"ZNF492"	"0"	"300"	"1.0"	"1.0"	"0.0"	"GTEx--Coexpression"	""
"gene_set_query"	"1100"	"0.6845"	"ZNF426"	"ZNF426"	"0"	"300"	"1.0"	"1.0"	"0.0"	"GTEx--Coexpression"	""
"gene_set_query"	"1101"	"0.6851"	"ZNF35"	"ZNF35"	"0"	"300"	"1.0"	"1.0"	"0.0"	"GTEx--Coexpression"	""
"gene_set_query"	"1102"	"0.6857"	"SIX1"	"SIX1"	"0"	"300"	"1.0"	"1.0"	"0.0"	"GTEx--Coexpression"	""
"gene_set_query"	"1103"	"0.6864"	"ASCL4"	"ASCL4"	"0"	"300"	"1.0"	"1.0"	"0.0"	"GTEx--Coexpression"	""
"gene_set_query"	"1104"	"0.687"	"CREB3"	"CREB3"	"0"	"300"	"1.0"	"1.0"	"0.0"	"GTEx--Coexpression"	""
"gene_set_query"	"1105"	"0.6876"	"SP4"	"SP4"	"0"	"300"	"1.0"	"1.0"	"0.0"	"GTEx--Coexpression"	""
"gene_set_query"	"1106"	"0.6882"	"ZNF431"	"ZNF431"	"0"	"300"	"1.0"	"1.0"	"0.0"	"GTEx--Coexpression"	""
"gene_set_query"	"1107"	"0.6889"	"RREB1"	"RREB1"	"0"	"300"	"1.0"	"1.0"	"0.0"	"GTEx--Coexpression"	""
"gene_set_query"	"1108"	"0.6895"	"ZNF81"	"ZNF81"	"0"	"300"	"1.0"	"1.0"	"0.0"	"GTEx--Coexpression"	""
"gene_set_query"	"1109"	"0.6901"	"SGSM2"	"SGSM2"	"0"	"300"	"1.0"	"1.0"	"0.0"	"GTEx--Coexpression"	""
"gene_set_query"	"1110"	"0.6907"	"ZNF845"	"ZNF845"	"0"	"300"	"1.0"	"1.0"	"0.0"	"GTEx--Coexpression"	""
"gene_set_query"	"1111"	"0.6914"	"ZNF791"	"ZNF791"	"0"	"300"	"1.0"	"1.0"	"0.0"	"GTEx--Coexpression"	""
"gene_set_query"	"1112"	"0.692"	"ZNF879"	"ZNF879"	"0"	"300"	"1.0"	"1.0"	"0.0"	"GTEx--Coexpression"	""
"gene_set_query"	"1113"	"0.6926"	"TFE3"	"TFE3"	"0"	"300"	"1.0"	"1.0"	"0.0"	"GTEx--Coexpression"	""
"gene_set_query"	"1114"	"0.6932"	"PCGF6"	"PCGF6"	"0"	"300"	"1.0"	"1.0"	"0.0"	"GTEx--Coexpression"	""
"gene_set_query"	"1115"	"0.6938"	"ZNF765"	"ZNF765"	"0"	"300"	"1.0"	"1.0"	"0.0"	"GTEx--Coexpression"	""
"gene_set_query"	"1116"	"0.6945"	"ZNF821"	"ZNF821"	"0"	"300"	"1.0"	"1.0"	"0.0"	"GTEx--Coexpression"	""
"gene_set_query"	"1117"	"0.6951"	"ATF1"	"ATF1"	"0"	"300"	"1.0"	"1.0"	"0.0"	"GTEx--Coexpression"	""
"gene_set_query"	"1118"	"0.6957"	"ZNF688"	"ZNF688"	"0"	"300"	"1.0"	"1.0"	"0.0"	"GTEx--Coexpression"	""
"gene_set_query"	"1119"	"0.6963"	"ETV3"	"ETV3"	"0"	"300"	"1.0"	"1.0"	"0.0"	"GTEx--Coexpression"	""
"gene_set_query"	"1120"	"0.697"	"ZNF143"	"ZNF143"	"0"	"300"	"1.0"	"1.0"	"0.0"	"GTEx--Coexpression"	""
"gene_set_query"	"1121"	"0.6976"	"DMRTC2"	"DMRTC2"	"0"	"300"	"1.0"	"1.0"	"0.0"	"GTEx--Coexpression"	""
"gene_set_query"	"1122"	"0.6982"	"TBP"	"TBP"	"0"	"300"	"1.0"	"1.0"	"0.0"	"GTEx--Coexpression"	""
"gene_set_query"	"1123"	"0.6988"	"RFX5"	"RFX5"	"0"	"300"	"1.0"	"1.0"	"0.0"	"GTEx--Coexpression"	""
"gene_set_query"	"1124"	"0.6994"	"SMAD1"	"SMAD1"	"0"	"300"	"1.0"	"1.0"	"0.0"	"GTEx--Coexpression"	""
"gene_set_query"	"1125"	"0.7001"	"PAX3"	"PAX3"	"0"	"300"	"1.0"	"1.0"	"0.0"	"GTEx--Coexpression"	""
"gene_set_query"	"1126"	"0.7007"	"NFE4"	"NFE4"	"0"	"300"	"1.0"	"1.0"	"0.0"	"GTEx--Coexpression"	""
"gene_set_query"	"1127"	"0.7013"	"TTF1"	"TTF1"	"0"	"300"	"1.0"	"1.0"	"0.0"	"GTEx--Coexpression"	""
"gene_set_query"	"1128"	"0.7019"	"ZNF490"	"ZNF490"	"0"	"300"	"1.0"	"1.0"	"0.0"	"GTEx--Coexpression"	""
"gene_set_query"	"1129"	"0.7026"	"MYNN"	"MYNN"	"0"	"300"	"1.0"	"1.0"	"0.0"	"GTEx--Coexpression"	""
"gene_set_query"	"1130"	"0.7032"	"GTF3A"	"GTF3A"	"0"	"300"	"1.0"	"1.0"	"0.0"	"GTEx--Coexpression"	""
"gene_set_query"	"1131"	"0.7038"	"VENTX"	"VENTX"	"0"	"300"	"1.0"	"1.0"	"0.0"	"GTEx--Coexpression"	""
"gene_set_query"	"1132"	"0.7044"	"ZNF197"	"ZNF197"	"0"	"300"	"1.0"	"1.0"	"0.0"	"GTEx--Coexpression"	""
"gene_set_query"	"1133"	"0.705"	"SPIC"	"SPIC"	"0"	"300"	"1.0"	"1.0"	"0.0"	"GTEx--Coexpression"	""
"gene_set_query"	"1134"	"0.7057"	"ZFP28"	"ZFP28"	"0"	"300"	"1.0"	"1.0"	"0.0"	"GTEx--Coexpression"	""
"gene_set_query"	"1135"	"0.7063"	"IRF5"	"IRF5"	"0"	"300"	"1.0"	"1.0"	"0.0"	"GTEx--Coexpression"	""
"gene_set_query"	"1136"	"0.7069"	"CTCF"	"CTCF"	"0"	"300"	"1.0"	"1.0"	"0.0"	"GTEx--Coexpression"	""
"gene_set_query"	"1137"	"0.7075"	"ZNF772"	"ZNF772"	"0"	"300"	"1.0"	"1.0"	"0.0"	"GTEx--Coexpression"	""
"gene_set_query"	"1138"	"0.7082"	"NPAS2"	"NPAS2"	"0"	"300"	"1.0"	"1.0"	"0.0"	"GTEx--Coexpression"	""
"gene_set_query"	"1139"	"0.7088"	"ZNF444"	"ZNF444"	"0"	"300"	"1.0"	"1.0"	"0.0"	"GTEx--Coexpression"	""
"gene_set_query"	"1140"	"0.7094"	"CEBPB"	"CEBPB"	"0"	"300"	"1.0"	"1.0"	"0.0"	"GTEx--Coexpression"	""
"gene_set_query"	"1141"	"0.71"	"PRDM13"	"PRDM13"	"0"	"300"	"1.0"	"1.0"	"0.0"	"GTEx--Coexpression"	""
"gene_set_query"	"1142"	"0.7106"	"ESRRA"	"ESRRA"	"0"	"300"	"1.0"	"1.0"	"0.0"	"GTEx--Coexpression"	""
"gene_set_query"	"1143"	"0.7113"	"CDX4"	"CDX4"	"0"	"300"	"1.0"	"1.0"	"0.0"	"GTEx--Coexpression"	""
"gene_set_query"	"1144"	"0.7119"	"HOXA9"	"HOXA9"	"0"	"300"	"1.0"	"1.0"	"0.0"	"GTEx--Coexpression"	""
"gene_set_query"	"1145"	"0.7125"	"TET3"	"TET3"	"0"	"300"	"1.0"	"1.0"	"0.0"	"GTEx--Coexpression"	""
"gene_set_query"	"1146"	"0.7131"	"PREB"	"PREB"	"0"	"300"	"1.0"	"1.0"	"0.0"	"GTEx--Coexpression"	""
"gene_set_query"	"1147"	"0.7138"	"ZNF586"	"ZNF586"	"0"	"300"	"1.0"	"1.0"	"0.0"	"GTEx--Coexpression"	""
"gene_set_query"	"1148"	"0.7144"	"ELK4"	"ELK4"	"0"	"300"	"1.0"	"1.0"	"0.0"	"GTEx--Coexpression"	""
"gene_set_query"	"1149"	"0.715"	"ELF4"	"ELF4"	"0"	"300"	"1.0"	"1.0"	"0.0"	"GTEx--Coexpression"	""
"gene_set_query"	"1150"	"0.7156"	"ZNF783"	"ZNF783"	"0"	"300"	"1.0"	"1.0"	"0.0"	"GTEx--Coexpression"	""
"gene_set_query"	"1151"	"0.7162"	"ZNF776"	"ZNF776"	"0"	"300"	"1.0"	"1.0"	"0.0"	"GTEx--Coexpression"	""
"gene_set_query"	"1152"	"0.7169"	"POU4F2"	"POU4F2"	"0"	"300"	"1.0"	"1.0"	"0.0"	"GTEx--Coexpression"	""
"gene_set_query"	"1153"	"0.7175"	"ZNF180"	"ZNF180"	"0"	"300"	"1.0"	"1.0"	"0.0"	"GTEx--Coexpression"	""
"gene_set_query"	"1154"	"0.7181"	"DOT1L"	"DOT1L"	"0"	"300"	"1.0"	"1.0"	"0.0"	"GTEx--Coexpression"	""
"gene_set_query"	"1155"	"0.7187"	"KLF10"	"KLF10"	"0"	"300"	"1.0"	"1.0"	"0.0"	"GTEx--Coexpression"	""
"gene_set_query"	"1156"	"0.7194"	"HOXA7"	"HOXA7"	"0"	"300"	"1.0"	"1.0"	"0.0"	"GTEx--Coexpression"	""
"gene_set_query"	"1157"	"0.72"	"HELT"	"HELT"	"0"	"300"	"1.0"	"1.0"	"0.0"	"GTEx--Coexpression"	""
"gene_set_query"	"1158"	"0.7206"	"FOXI2"	"FOXI2"	"0"	"300"	"1.0"	"1.0"	"0.0"	"GTEx--Coexpression"	""
"gene_set_query"	"1159"	"0.7212"	"DNMT1"	"DNMT1"	"0"	"300"	"1.0"	"1.0"	"0.0"	"GTEx--Coexpression"	""
"gene_set_query"	"1160"	"0.7218"	"TFDP1"	"TFDP1"	"0"	"300"	"1.0"	"1.0"	"0.0"	"GTEx--Coexpression"	""
"gene_set_query"	"1161"	"0.7225"	"ISL2"	"ISL2"	"0"	"300"	"1.0"	"1.0"	"0.0"	"GTEx--Coexpression"	""
"gene_set_query"	"1162"	"0.7231"	"SPIB"	"SPIB"	"0"	"300"	"1.0"	"1.0"	"0.0"	"GTEx--Coexpression"	""
"gene_set_query"	"1163"	"0.7237"	"ZNF480"	"ZNF480"	"0"	"300"	"1.0"	"1.0"	"0.0"	"GTEx--Coexpression"	""
"gene_set_query"	"1164"	"0.7243"	"FOXM1"	"FOXM1"	"0"	"300"	"1.0"	"1.0"	"0.0"	"GTEx--Coexpression"	""
"gene_set_query"	"1165"	"0.725"	"HMX2"	"HMX2"	"0"	"300"	"1.0"	"1.0"	"0.0"	"GTEx--Coexpression"	""
"gene_set_query"	"1166"	"0.7256"	"ZNF695"	"ZNF695"	"0"	"300"	"1.0"	"1.0"	"0.0"	"GTEx--Coexpression"	""
"gene_set_query"	"1167"	"0.7262"	"ZNF574"	"ZNF574"	"0"	"300"	"1.0"	"1.0"	"0.0"	"GTEx--Coexpression"	""
"gene_set_query"	"1168"	"0.7268"	"ZNF467"	"ZNF467"	"0"	"300"	"1.0"	"1.0"	"0.0"	"GTEx--Coexpression"	""
"gene_set_query"	"1169"	"0.7274"	"ZNF174"	"ZNF174"	"0"	"300"	"1.0"	"1.0"	"0.0"	"GTEx--Coexpression"	""
"gene_set_query"	"1170"	"0.7281"	"ZNF91"	"ZNF91"	"0"	"300"	"1.0"	"1.0"	"0.0"	"GTEx--Coexpression"	""
"gene_set_query"	"1171"	"0.7287"	"ZBED9"	"ZBED9"	"0"	"300"	"1.0"	"1.0"	"0.0"	"GTEx--Coexpression"	""
"gene_set_query"	"1172"	"0.7293"	"PKNOX1"	"PKNOX1"	"0"	"300"	"1.0"	"1.0"	"0.0"	"GTEx--Coexpression"	""
"gene_set_query"	"1173"	"0.7299"	"OLIG3"	"OLIG3"	"0"	"300"	"1.0"	"1.0"	"0.0"	"GTEx--Coexpression"	""
"gene_set_query"	"1174"	"0.7306"	"ZSCAN10"	"ZSCAN10"	"0"	"300"	"1.0"	"1.0"	"0.0"	"GTEx--Coexpression"	""
"gene_set_query"	"1175"	"0.7312"	"ZNF878"	"ZNF878"	"0"	"300"	"1.0"	"1.0"	"0.0"	"GTEx--Coexpression"	""
"gene_set_query"	"1176"	"0.7318"	"ZGLP1"	"ZGLP1"	"0"	"300"	"1.0"	"1.0"	"0.0"	"GTEx--Coexpression"	""
"gene_set_query"	"1177"	"0.7324"	"OVOL3"	"OVOL3"	"0"	"300"	"1.0"	"1.0"	"0.0"	"GTEx--Coexpression"	""
"gene_set_query"	"1178"	"0.733"	"FOXP3"	"FOXP3"	"0"	"300"	"1.0"	"1.0"	"0.0"	"GTEx--Coexpression"	""
"gene_set_query"	"1179"	"0.7337"	"ARNTL2"	"ARNTL2"	"0"	"300"	"1.0"	"1.0"	"0.0"	"GTEx--Coexpression"	""
"gene_set_query"	"1180"	"0.7343"	"ZNF234"	"ZNF234"	"0"	"300"	"1.0"	"1.0"	"0.0"	"GTEx--Coexpression"	""
"gene_set_query"	"1181"	"0.7349"	"GMEB1"	"GMEB1"	"0"	"300"	"1.0"	"1.0"	"0.0"	"GTEx--Coexpression"	""
"gene_set_query"	"1182"	"0.7355"	"HMGA1"	"HMGA1"	"0"	"300"	"1.0"	"1.0"	"0.0"	"GTEx--Coexpression"	""
"gene_set_query"	"1183"	"0.7362"	"CCDC17"	"CCDC17"	"0"	"300"	"1.0"	"1.0"	"0.0"	"GTEx--Coexpression"	""
"gene_set_query"	"1184"	"0.7368"	"ZNF215"	"ZNF215"	"0"	"300"	"1.0"	"1.0"	"0.0"	"GTEx--Coexpression"	""
"gene_set_query"	"1185"	"0.7374"	"ZNF440"	"ZNF440"	"0"	"300"	"1.0"	"1.0"	"0.0"	"GTEx--Coexpression"	""
"gene_set_query"	"1186"	"0.738"	"MEF2B"	"MEF2B"	"0"	"300"	"1.0"	"1.0"	"0.0"	"GTEx--Coexpression"	""
"gene_set_query"	"1187"	"0.7386"	"HIC2"	"HIC2"	"0"	"300"	"1.0"	"1.0"	"0.0"	"GTEx--Coexpression"	""
"gene_set_query"	"1188"	"0.7393"	"MTERF3"	"MTERF3"	"0"	"300"	"1.0"	"1.0"	"0.0"	"GTEx--Coexpression"	""
"gene_set_query"	"1189"	"0.7399"	"ZNF530"	"ZNF530"	"0"	"300"	"1.0"	"1.0"	"0.0"	"GTEx--Coexpression"	""
"gene_set_query"	"1190"	"0.7405"	"HESX1"	"HESX1"	"0"	"300"	"1.0"	"1.0"	"0.0"	"GTEx--Coexpression"	""
"gene_set_query"	"1191"	"0.7411"	"GFI1"	"GFI1"	"0"	"300"	"1.0"	"1.0"	"0.0"	"GTEx--Coexpression"	""
"gene_set_query"	"1192"	"0.7418"	"ZNF132"	"ZNF132"	"0"	"300"	"1.0"	"1.0"	"0.0"	"GTEx--Coexpression"	""
"gene_set_query"	"1193"	"0.7424"	"TCFL5"	"TCFL5"	"0"	"300"	"1.0"	"1.0"	"0.0"	"GTEx--Coexpression"	""
"gene_set_query"	"1194"	"0.743"	"IRF7"	"IRF7"	"0"	"300"	"1.0"	"1.0"	"0.0"	"GTEx--Coexpression"	""
"gene_set_query"	"1195"	"0.7436"	"HOXC12"	"HOXC12"	"0"	"300"	"1.0"	"1.0"	"0.0"	"GTEx--Coexpression"	""
"gene_set_query"	"1196"	"0.7442"	"FOXN1"	"FOXN1"	"0"	"300"	"1.0"	"1.0"	"0.0"	"GTEx--Coexpression"	""
"gene_set_query"	"1197"	"0.7449"	"ZNF18"	"ZNF18"	"0"	"300"	"1.0"	"1.0"	"0.0"	"GTEx--Coexpression"	""
"gene_set_query"	"1198"	"0.7455"	"PRDM10"	"PRDM10"	"0"	"300"	"1.0"	"1.0"	"0.0"	"GTEx--Coexpression"	""
"gene_set_query"	"1199"	"0.7461"	"ZFP82"	"ZFP82"	"0"	"300"	"1.0"	"1.0"	"0.0"	"GTEx--Coexpression"	""
"gene_set_query"	"1200"	"0.7467"	"PITX2"	"PITX2"	"0"	"300"	"1.0"	"1.0"	"0.0"	"GTEx--Coexpression"	""
"gene_set_query"	"1201"	"0.7474"	"ZNF717"	"ZNF717"	"0"	"300"	"1.0"	"1.0"	"0.0"	"GTEx--Coexpression"	""
"gene_set_query"	"1202"	"0.748"	"KIN"	"KIN"	"0"	"300"	"1.0"	"1.0"	"0.0"	"GTEx--Coexpression"	""
"gene_set_query"	"1203"	"0.7486"	"IRF2"	"IRF2"	"0"	"300"	"1.0"	"1.0"	"0.0"	"GTEx--Coexpression"	""
"gene_set_query"	"1204"	"0.7492"	"ETV7"	"ETV7"	"0"	"300"	"1.0"	"1.0"	"0.0"	"GTEx--Coexpression"	""
"gene_set_query"	"1205"	"0.7498"	"RFX7"	"RFX7"	"0"	"300"	"1.0"	"1.0"	"0.0"	"GTEx--Coexpression"	""
"gene_set_query"	"1206"	"0.7505"	"DMRTB1"	"DMRTB1"	"0"	"300"	"1.0"	"1.0"	"0.0"	"GTEx--Coexpression"	""
"gene_set_query"	"1207"	"0.7511"	"ZNF189"	"ZNF189"	"0"	"300"	"1.0"	"1.0"	"0.0"	"GTEx--Coexpression"	""
"gene_set_query"	"1208"	"0.7517"	"NRF1"	"NRF1"	"0"	"300"	"1.0"	"1.0"	"0.0"	"GTEx--Coexpression"	""
"gene_set_query"	"1209"	"0.7523"	"DMRTA2"	"DMRTA2"	"0"	"300"	"1.0"	"1.0"	"0.0"	"GTEx--Coexpression"	""
"gene_set_query"	"1210"	"0.753"	"ZNF611"	"ZNF611"	"0"	"300"	"1.0"	"1.0"	"0.0"	"GTEx--Coexpression"	""
"gene_set_query"	"1211"	"0.7536"	"ZBTB49"	"ZBTB49"	"0"	"300"	"1.0"	"1.0"	"0.0"	"GTEx--Coexpression"	""
"gene_set_query"	"1212"	"0.7542"	"ZNF443"	"ZNF443"	"0"	"300"	"1.0"	"1.0"	"0.0"	"GTEx--Coexpression"	""
"gene_set_query"	"1213"	"0.7548"	"TAL1"	"TAL1"	"0"	"300"	"1.0"	"1.0"	"0.0"	"GTEx--Coexpression"	""
"gene_set_query"	"1214"	"0.7554"	"ETV5"	"ETV5"	"0"	"300"	"1.0"	"1.0"	"0.0"	"GTEx--Coexpression"	""
"gene_set_query"	"1215"	"0.7561"	"ZNF865"	"ZNF865"	"0"	"300"	"1.0"	"1.0"	"0.0"	"GTEx--Coexpression"	""
"gene_set_query"	"1216"	"0.7567"	"GRHL3"	"GRHL3"	"0"	"300"	"1.0"	"1.0"	"0.0"	"GTEx--Coexpression"	""
"gene_set_query"	"1217"	"0.7573"	"OVOL1"	"OVOL1"	"0"	"300"	"1.0"	"1.0"	"0.0"	"GTEx--Coexpression"	""
"gene_set_query"	"1218"	"0.7579"	"ZNF552"	"ZNF552"	"0"	"300"	"1.0"	"1.0"	"0.0"	"GTEx--Coexpression"	""
"gene_set_query"	"1219"	"0.7586"	"ZNF232"	"ZNF232"	"0"	"300"	"1.0"	"1.0"	"0.0"	"GTEx--Coexpression"	""
"gene_set_query"	"1220"	"0.7592"	"ZNF746"	"ZNF746"	"0"	"300"	"1.0"	"1.0"	"0.0"	"GTEx--Coexpression"	""
"gene_set_query"	"1221"	"0.7598"	"L3MBTL4"	"L3MBTL4"	"0"	"300"	"1.0"	"1.0"	"0.0"	"GTEx--Coexpression"	""
"gene_set_query"	"1222"	"0.7604"	"ZNF23"	"ZNF23"	"0"	"300"	"1.0"	"1.0"	"0.0"	"GTEx--Coexpression"	""
"gene_set_query"	"1223"	"0.761"	"ZNF253"	"ZNF253"	"0"	"300"	"1.0"	"1.0"	"0.0"	"GTEx--Coexpression"	""
"gene_set_query"	"1224"	"0.7617"	"ZNF296"	"ZNF296"	"0"	"300"	"1.0"	"1.0"	"0.0"	"GTEx--Coexpression"	""
"gene_set_query"	"1225"	"0.7623"	"CEBPZ"	"CEBPZ"	"0"	"300"	"1.0"	"1.0"	"0.0"	"GTEx--Coexpression"	""
"gene_set_query"	"1226"	"0.7629"	"ZSCAN16"	"ZSCAN16"	"0"	"300"	"1.0"	"1.0"	"0.0"	"GTEx--Coexpression"	""
"gene_set_query"	"1227"	"0.7635"	"TPRX1"	"TPRX1"	"0"	"300"	"1.0"	"1.0"	"0.0"	"GTEx--Coexpression"	""
"gene_set_query"	"1228"	"0.7642"	"RELB"	"RELB"	"0"	"300"	"1.0"	"1.0"	"0.0"	"GTEx--Coexpression"	""
"gene_set_query"	"1229"	"0.7648"	"CSRNP1"	"CSRNP1"	"0"	"300"	"1.0"	"1.0"	"0.0"	"GTEx--Coexpression"	""
"gene_set_query"	"1230"	"0.7654"	"ZNF577"	"ZNF577"	"0"	"299"	"1.0"	"1.0"	"0.0"	"GTEx--Coexpression"	""
"gene_set_query"	"1231"	"0.766"	"LIN28B"	"LIN28B"	"0"	"299"	"1.0"	"1.0"	"0.0"	"GTEx--Coexpression"	""
"gene_set_query"	"1232"	"0.7666"	"RAX2"	"RAX2"	"0"	"299"	"1.0"	"1.0"	"0.0"	"GTEx--Coexpression"	""
"gene_set_query"	"1233"	"0.7673"	"ZNF221"	"ZNF221"	"0"	"299"	"1.0"	"1.0"	"0.0"	"GTEx--Coexpression"	""
"gene_set_query"	"1234"	"0.7679"	"DMRT1"	"DMRT1"	"0"	"299"	"1.0"	"1.0"	"0.0"	"GTEx--Coexpression"	""
"gene_set_query"	"1235"	"0.7685"	"THAP2"	"THAP2"	"0"	"299"	"1.0"	"1.0"	"0.0"	"GTEx--Coexpression"	""
"gene_set_query"	"1236"	"0.7691"	"TIGD3"	"TIGD3"	"0"	"299"	"1.0"	"1.0"	"0.0"	"GTEx--Coexpression"	""
"gene_set_query"	"1237"	"0.7698"	"MEF2C"	"MEF2C"	"0"	"299"	"1.0"	"1.0"	"0.0"	"GTEx--Coexpression"	""
"gene_set_query"	"1238"	"0.7704"	"ZNF318"	"ZNF318"	"0"	"299"	"1.0"	"1.0"	"0.0"	"GTEx--Coexpression"	""
"gene_set_query"	"1239"	"0.771"	"YBX3"	"YBX3"	"0"	"299"	"1.0"	"1.0"	"0.0"	"GTEx--Coexpression"	""
"gene_set_query"	"1240"	"0.7716"	"PBX2"	"PBX2"	"0"	"299"	"1.0"	"1.0"	"0.0"	"GTEx--Coexpression"	""
"gene_set_query"	"1241"	"0.7722"	"ZXDB"	"ZXDB"	"0"	"299"	"1.0"	"1.0"	"0.0"	"GTEx--Coexpression"	""
"gene_set_query"	"1242"	"0.7729"	"ZNF276"	"ZNF276"	"0"	"299"	"1.0"	"1.0"	"0.0"	"GTEx--Coexpression"	""
"gene_set_query"	"1243"	"0.7735"	"ZNF799"	"ZNF799"	"0"	"299"	"1.0"	"1.0"	"0.0"	"GTEx--Coexpression"	""
"gene_set_query"	"1244"	"0.7741"	"THAP11"	"THAP11"	"0"	"299"	"1.0"	"1.0"	"0.0"	"GTEx--Coexpression"	""
"gene_set_query"	"1245"	"0.7747"	"ZNF526"	"ZNF526"	"0"	"299"	"1.0"	"1.0"	"0.0"	"GTEx--Coexpression"	""
"gene_set_query"	"1246"	"0.7754"	"ZNF696"	"ZNF696"	"0"	"299"	"1.0"	"1.0"	"0.0"	"GTEx--Coexpression"	""
"gene_set_query"	"1247"	"0.776"	"ZNF654"	"ZNF654"	"0"	"299"	"1.0"	"1.0"	"0.0"	"GTEx--Coexpression"	""
"gene_set_query"	"1248"	"0.7766"	"ZNF607"	"ZNF607"	"0"	"299"	"1.0"	"1.0"	"0.0"	"GTEx--Coexpression"	""
"gene_set_query"	"1249"	"0.7772"	"ZNF628"	"ZNF628"	"0"	"299"	"1.0"	"1.0"	"0.0"	"GTEx--Coexpression"	""
"gene_set_query"	"1250"	"0.7778"	"ZNF709"	"ZNF709"	"0"	"299"	"1.0"	"1.0"	"0.0"	"GTEx--Coexpression"	""
"gene_set_query"	"1251"	"0.7785"	"FOXK2"	"FOXK2"	"0"	"299"	"1.0"	"1.0"	"0.0"	"GTEx--Coexpression"	""
"gene_set_query"	"1252"	"0.7791"	"LTF"	"LTF"	"0"	"299"	"1.0"	"1.0"	"0.0"	"GTEx--Coexpression"	""
"gene_set_query"	"1253"	"0.7797"	"REPIN1"	"REPIN1"	"0"	"299"	"1.0"	"1.0"	"0.0"	"GTEx--Coexpression"	""
"gene_set_query"	"1254"	"0.7803"	"TFDP3"	"TFDP3"	"0"	"299"	"1.0"	"1.0"	"0.0"	"GTEx--Coexpression"	""
"gene_set_query"	"1255"	"0.781"	"ZNF564"	"ZNF564"	"0"	"299"	"1.0"	"1.0"	"0.0"	"GTEx--Coexpression"	""
"gene_set_query"	"1256"	"0.7816"	"GSC2"	"GSC2"	"0"	"299"	"1.0"	"1.0"	"0.0"	"GTEx--Coexpression"	""
"gene_set_query"	"1257"	"0.7822"	"RXRA"	"RXRA"	"0"	"299"	"1.0"	"1.0"	"0.0"	"GTEx--Coexpression"	""
"gene_set_query"	"1258"	"0.7828"	"NFATC3"	"NFATC3"	"0"	"299"	"1.0"	"1.0"	"0.0"	"GTEx--Coexpression"	""
"gene_set_query"	"1259"	"0.7834"	"ZNF416"	"ZNF416"	"0"	"299"	"1.0"	"1.0"	"0.0"	"GTEx--Coexpression"	""
"gene_set_query"	"1260"	"0.7841"	"ZNF749"	"ZNF749"	"0"	"299"	"1.0"	"1.0"	"0.0"	"GTEx--Coexpression"	""
"gene_set_query"	"1261"	"0.7847"	"ZNF582"	"ZNF582"	"0"	"299"	"1.0"	"1.0"	"0.0"	"GTEx--Coexpression"	""
"gene_set_query"	"1262"	"0.7853"	"ZNF641"	"ZNF641"	"0"	"299"	"1.0"	"1.0"	"0.0"	"GTEx--Coexpression"	""
"gene_set_query"	"1263"	"0.7859"	"LHX3"	"LHX3"	"0"	"299"	"1.0"	"1.0"	"0.0"	"GTEx--Coexpression"	""
"gene_set_query"	"1264"	"0.7866"	"NKX24"	"NKX24"	"0"	"299"	"1.0"	"1.0"	"0.0"	"GTEx--Coexpression"	""
"gene_set_query"	"1265"	"0.7872"	"DBX1"	"DBX1"	"0"	"299"	"1.0"	"1.0"	"0.0"	"GTEx--Coexpression"	""
"gene_set_query"	"1266"	"0.7878"	"ZNF3"	"ZNF3"	"0"	"299"	"1.0"	"1.0"	"0.0"	"GTEx--Coexpression"	""
"gene_set_query"	"1267"	"0.7884"	"ZBTB45"	"ZBTB45"	"0"	"299"	"1.0"	"1.0"	"0.0"	"GTEx--Coexpression"	""
"gene_set_query"	"1268"	"0.789"	"NFAT5"	"NFAT5"	"0"	"299"	"1.0"	"1.0"	"0.0"	"GTEx--Coexpression"	""
"gene_set_query"	"1269"	"0.7897"	"ZNF843"	"ZNF843"	"0"	"299"	"1.0"	"1.0"	"0.0"	"GTEx--Coexpression"	""
"gene_set_query"	"1270"	"0.7903"	"ZFHX2"	"ZFHX2"	"0"	"299"	"1.0"	"1.0"	"0.0"	"GTEx--Coexpression"	""
"gene_set_query"	"1271"	"0.7909"	"ZNF625"	"ZNF625"	"0"	"299"	"1.0"	"1.0"	"0.0"	"GTEx--Coexpression"	""
"gene_set_query"	"1272"	"0.7915"	"ZNF257"	"ZNF257"	"0"	"299"	"1.0"	"1.0"	"0.0"	"GTEx--Coexpression"	""
"gene_set_query"	"1273"	"0.7922"	"MLX"	"MLX"	"0"	"299"	"1.0"	"1.0"	"0.0"	"GTEx--Coexpression"	""
"gene_set_query"	"1274"	"0.7928"	"NR6A1"	"NR6A1"	"0"	"299"	"1.0"	"1.0"	"0.0"	"GTEx--Coexpression"	""
"gene_set_query"	"1275"	"0.7934"	"GBX1"	"GBX1"	"0"	"299"	"1.0"	"1.0"	"0.0"	"GTEx--Coexpression"	""
"gene_set_query"	"1276"	"0.794"	"ZNF561"	"ZNF561"	"0"	"299"	"1.0"	"1.0"	"0.0"	"GTEx--Coexpression"	""
"gene_set_query"	"1277"	"0.7946"	"ZNF711"	"ZNF711"	"0"	"299"	"1.0"	"1.0"	"0.0"	"GTEx--Coexpression"	""
"gene_set_query"	"1278"	"0.7953"	"ZNF780A"	"ZNF780A"	"0"	"299"	"1.0"	"1.0"	"0.0"	"GTEx--Coexpression"	""
"gene_set_query"	"1279"	"0.7959"	"PLAGL1"	"PLAGL1"	"0"	"299"	"1.0"	"1.0"	"0.0"	"GTEx--Coexpression"	""
"gene_set_query"	"1280"	"0.7965"	"FOXN4"	"FOXN4"	"0"	"299"	"1.0"	"1.0"	"0.0"	"GTEx--Coexpression"	""
"gene_set_query"	"1281"	"0.7971"	"WIZ"	"WIZ"	"0"	"299"	"1.0"	"1.0"	"0.0"	"GTEx--Coexpression"	""
"gene_set_query"	"1282"	"0.7978"	"PROP1"	"PROP1"	"0"	"299"	"1.0"	"1.0"	"0.0"	"GTEx--Coexpression"	""
"gene_set_query"	"1283"	"0.7984"	"RHOXF2B"	"RHOXF2B"	"0"	"299"	"1.0"	"1.0"	"0.0"	"GTEx--Coexpression"	""
"gene_set_query"	"1284"	"0.799"	"ZNF573"	"ZNF573"	"0"	"299"	"1.0"	"1.0"	"0.0"	"GTEx--Coexpression"	""
"gene_set_query"	"1285"	"0.7996"	"ZNF207"	"ZNF207"	"0"	"299"	"1.0"	"1.0"	"0.0"	"GTEx--Coexpression"	""
"gene_set_query"	"1286"	"0.8002"	"ZNF264"	"ZNF264"	"0"	"299"	"1.0"	"1.0"	"0.0"	"GTEx--Coexpression"	""
"gene_set_query"	"1287"	"0.8009"	"ZNF579"	"ZNF579"	"0"	"299"	"1.0"	"1.0"	"0.0"	"GTEx--Coexpression"	""
"gene_set_query"	"1288"	"0.8015"	"TP73"	"TP73"	"0"	"299"	"1.0"	"1.0"	"0.0"	"GTEx--Coexpression"	""
"gene_set_query"	"1289"	"0.8021"	"ZNF546"	"ZNF546"	"0"	"299"	"1.0"	"1.0"	"0.0"	"GTEx--Coexpression"	""
"gene_set_query"	"1290"	"0.8027"	"USF3"	"USF3"	"0"	"299"	"1.0"	"1.0"	"0.0"	"GTEx--Coexpression"	""
"gene_set_query"	"1291"	"0.8034"	"ZNF146"	"ZNF146"	"0"	"299"	"1.0"	"1.0"	"0.0"	"GTEx--Coexpression"	""
"gene_set_query"	"1292"	"0.804"	"ZNF177"	"ZNF177"	"0"	"299"	"1.0"	"1.0"	"0.0"	"GTEx--Coexpression"	""
"gene_set_query"	"1293"	"0.8046"	"YBX2"	"YBX2"	"0"	"299"	"1.0"	"1.0"	"0.0"	"GTEx--Coexpression"	""
"gene_set_query"	"1294"	"0.8052"	"GMEB2"	"GMEB2"	"0"	"299"	"1.0"	"1.0"	"0.0"	"GTEx--Coexpression"	""
"gene_set_query"	"1295"	"0.8058"	"ZNF729"	"ZNF729"	"0"	"299"	"1.0"	"1.0"	"0.0"	"GTEx--Coexpression"	""
"gene_set_query"	"1296"	"0.8065"	"ZNF701"	"ZNF701"	"0"	"299"	"1.0"	"1.0"	"0.0"	"GTEx--Coexpression"	""
"gene_set_query"	"1297"	"0.8071"	"ZNF516"	"ZNF516"	"0"	"299"	"1.0"	"1.0"	"0.0"	"GTEx--Coexpression"	""
"gene_set_query"	"1298"	"0.8077"	"TBX22"	"TBX22"	"0"	"299"	"1.0"	"1.0"	"0.0"	"GTEx--Coexpression"	""
"gene_set_query"	"1299"	"0.8083"	"ZNF728"	"ZNF728"	"0"	"299"	"1.0"	"1.0"	"0.0"	"GTEx--Coexpression"	""
"gene_set_query"	"1300"	"0.809"	"ZNF365"	"ZNF365"	"0"	"299"	"1.0"	"1.0"	"0.0"	"GTEx--Coexpression"	""
"gene_set_query"	"1301"	"0.8096"	"FOXO6"	"FOXO6"	"0"	"299"	"1.0"	"1.0"	"0.0"	"GTEx--Coexpression"	""
"gene_set_query"	"1302"	"0.8102"	"ZNF473"	"ZNF473"	"0"	"299"	"1.0"	"1.0"	"0.0"	"GTEx--Coexpression"	""
"gene_set_query"	"1303"	"0.8108"	"MBD4"	"MBD4"	"0"	"299"	"1.0"	"1.0"	"0.0"	"GTEx--Coexpression"	""
"gene_set_query"	"1304"	"0.8114"	"LEF1"	"LEF1"	"0"	"299"	"1.0"	"1.0"	"0.0"	"GTEx--Coexpression"	""
"gene_set_query"	"1305"	"0.8121"	"ZKSCAN4"	"ZKSCAN4"	"0"	"299"	"1.0"	"1.0"	"0.0"	"GTEx--Coexpression"	""
"gene_set_query"	"1306"	"0.8127"	"MTERF1"	"MTERF1"	"0"	"299"	"1.0"	"1.0"	"0.0"	"GTEx--Coexpression"	""
"gene_set_query"	"1307"	"0.8133"	"ZFP3"	"ZFP3"	"0"	"299"	"1.0"	"1.0"	"0.0"	"GTEx--Coexpression"	""
"gene_set_query"	"1308"	"0.8139"	"TBX10"	"TBX10"	"0"	"299"	"1.0"	"1.0"	"0.0"	"GTEx--Coexpression"	""
"gene_set_query"	"1309"	"0.8146"	"ZNF557"	"ZNF557"	"0"	"299"	"1.0"	"1.0"	"0.0"	"GTEx--Coexpression"	""
"gene_set_query"	"1310"	"0.8152"	"ZNF44"	"ZNF44"	"0"	"299"	"1.0"	"1.0"	"0.0"	"GTEx--Coexpression"	""
"gene_set_query"	"1311"	"0.8158"	"DRAP1"	"DRAP1"	"0"	"299"	"1.0"	"1.0"	"0.0"	"GTEx--Coexpression"	""
"gene_set_query"	"1312"	"0.8164"	"BAZ2A"	"BAZ2A"	"0"	"299"	"1.0"	"1.0"	"0.0"	"GTEx--Coexpression"	""
"gene_set_query"	"1313"	"0.8171"	"FOXH1"	"FOXH1"	"0"	"299"	"1.0"	"1.0"	"0.0"	"GTEx--Coexpression"	""
"gene_set_query"	"1314"	"0.8177"	"ZKSCAN7"	"ZKSCAN7"	"0"	"299"	"1.0"	"1.0"	"0.0"	"GTEx--Coexpression"	""
"gene_set_query"	"1315"	"0.8183"	"ZNF320"	"ZNF320"	"0"	"299"	"1.0"	"1.0"	"0.0"	"GTEx--Coexpression"	""
"gene_set_query"	"1316"	"0.8189"	"ZNF419"	"ZNF419"	"0"	"299"	"1.0"	"1.0"	"0.0"	"GTEx--Coexpression"	""
"gene_set_query"	"1317"	"0.8195"	"TBXT"	"TBXT"	"0"	"299"	"1.0"	"1.0"	"0.0"	"GTEx--Coexpression"	""
"gene_set_query"	"1318"	"0.8202"	"MESP1"	"MESP1"	"0"	"299"	"1.0"	"1.0"	"0.0"	"GTEx--Coexpression"	""
"gene_set_query"	"1319"	"0.8208"	"ZFAT"	"ZFAT"	"0"	"299"	"1.0"	"1.0"	"0.0"	"GTEx--Coexpression"	""
"gene_set_query"	"1320"	"0.8214"	"NFIC"	"NFIC"	"0"	"299"	"1.0"	"1.0"	"0.0"	"GTEx--Coexpression"	""
"gene_set_query"	"1321"	"0.822"	"SIX2"	"SIX2"	"0"	"299"	"1.0"	"1.0"	"0.0"	"GTEx--Coexpression"	""
"gene_set_query"	"1322"	"0.8227"	"RFX1"	"RFX1"	"0"	"299"	"1.0"	"1.0"	"0.0"	"GTEx--Coexpression"	""
"gene_set_query"	"1323"	"0.8233"	"ZNF614"	"ZNF614"	"0"	"299"	"1.0"	"1.0"	"0.0"	"GTEx--Coexpression"	""
"gene_set_query"	"1324"	"0.8239"	"ASCL1"	"ASCL1"	"0"	"299"	"1.0"	"1.0"	"0.0"	"GTEx--Coexpression"	""
"gene_set_query"	"1325"	"0.8245"	"POU5F2"	"POU5F2"	"0"	"299"	"1.0"	"1.0"	"0.0"	"GTEx--Coexpression"	""
"gene_set_query"	"1326"	"0.8251"	"PRMT3"	"PRMT3"	"0"	"299"	"1.0"	"1.0"	"0.0"	"GTEx--Coexpression"	""
"gene_set_query"	"1327"	"0.8258"	"ZNF75A"	"ZNF75A"	"0"	"299"	"1.0"	"1.0"	"0.0"	"GTEx--Coexpression"	""
"gene_set_query"	"1328"	"0.8264"	"ZNF485"	"ZNF485"	"0"	"299"	"1.0"	"1.0"	"0.0"	"GTEx--Coexpression"	""
"gene_set_query"	"1329"	"0.827"	"GZF1"	"GZF1"	"0"	"299"	"1.0"	"1.0"	"0.0"	"GTEx--Coexpression"	""
"gene_set_query"	"1330"	"0.8276"	"ZFP64"	"ZFP64"	"0"	"299"	"1.0"	"1.0"	"0.0"	"GTEx--Coexpression"	""
"gene_set_query"	"1331"	"0.8283"	"ZNF263"	"ZNF263"	"0"	"299"	"1.0"	"1.0"	"0.0"	"GTEx--Coexpression"	""
"gene_set_query"	"1332"	"0.8289"	"MYF6"	"MYF6"	"0"	"299"	"1.0"	"1.0"	"0.0"	"GTEx--Coexpression"	""
"gene_set_query"	"1333"	"0.8295"	"LCOR"	"LCOR"	"0"	"299"	"1.0"	"1.0"	"0.0"	"GTEx--Coexpression"	""
"gene_set_query"	"1334"	"0.8301"	"ZSCAN32"	"ZSCAN32"	"0"	"299"	"1.0"	"1.0"	"0.0"	"GTEx--Coexpression"	""
"gene_set_query"	"1335"	"0.8307"	"ZNF585B"	"ZNF585B"	"0"	"299"	"1.0"	"1.0"	"0.0"	"GTEx--Coexpression"	""
"gene_set_query"	"1336"	"0.8314"	"EMX2"	"EMX2"	"0"	"299"	"1.0"	"1.0"	"0.0"	"GTEx--Coexpression"	""
"gene_set_query"	"1337"	"0.832"	"ZNF12"	"ZNF12"	"0"	"299"	"1.0"	"1.0"	"0.0"	"GTEx--Coexpression"	""
"gene_set_query"	"1338"	"0.8326"	"ZNF497"	"ZNF497"	"0"	"299"	"1.0"	"1.0"	"0.0"	"GTEx--Coexpression"	""
"gene_set_query"	"1339"	"0.8332"	"TP53"	"TP53"	"0"	"299"	"1.0"	"1.0"	"0.0"	"GTEx--Coexpression"	""
"gene_set_query"	"1340"	"0.8339"	"LMX1A"	"LMX1A"	"0"	"299"	"1.0"	"1.0"	"0.0"	"GTEx--Coexpression"	""
"gene_set_query"	"1341"	"0.8345"	"TIGD5"	"TIGD5"	"0"	"299"	"1.0"	"1.0"	"0.0"	"GTEx--Coexpression"	""
"gene_set_query"	"1342"	"0.8351"	"ZNF200"	"ZNF200"	"0"	"299"	"1.0"	"1.0"	"0.0"	"GTEx--Coexpression"	""
"gene_set_query"	"1343"	"0.8357"	"ZNF771"	"ZNF771"	"0"	"299"	"1.0"	"1.0"	"0.0"	"GTEx--Coexpression"	""
"gene_set_query"	"1344"	"0.8363"	"GATA4"	"GATA4"	"0"	"299"	"1.0"	"1.0"	"0.0"	"GTEx--Coexpression"	""
"gene_set_query"	"1345"	"0.837"	"ESX1"	"ESX1"	"0"	"299"	"1.0"	"1.0"	"0.0"	"GTEx--Coexpression"	""
"gene_set_query"	"1346"	"0.8376"	"CENPBD1"	"CENPBD1"	"0"	"299"	"1.0"	"1.0"	"0.0"	"GTEx--Coexpression"	""
"gene_set_query"	"1347"	"0.8382"	"ZBTB48"	"ZBTB48"	"0"	"299"	"1.0"	"1.0"	"0.0"	"GTEx--Coexpression"	""
"gene_set_query"	"1348"	"0.8388"	"ZNF316"	"ZNF316"	"0"	"299"	"1.0"	"1.0"	"0.0"	"GTEx--Coexpression"	""
"gene_set_query"	"1349"	"0.8395"	"SLC2A4RG"	"SLC2A4RG"	"0"	"299"	"1.0"	"1.0"	"0.0"	"GTEx--Coexpression"	""
"gene_set_query"	"1350"	"0.8401"	"MTF2"	"MTF2"	"0"	"299"	"1.0"	"1.0"	"0.0"	"GTEx--Coexpression"	""
"gene_set_query"	"1351"	"0.8407"	"POU4F1"	"POU4F1"	"0"	"299"	"1.0"	"1.0"	"0.0"	"GTEx--Coexpression"	""
"gene_set_query"	"1352"	"0.8413"	"TFCP2"	"TFCP2"	"0"	"299"	"1.0"	"1.0"	"0.0"	"GTEx--Coexpression"	""
"gene_set_query"	"1353"	"0.8419"	"ZNF675"	"ZNF675"	"0"	"299"	"1.0"	"1.0"	"0.0"	"GTEx--Coexpression"	""
"gene_set_query"	"1354"	"0.8426"	"NRL"	"NRL"	"0"	"299"	"1.0"	"1.0"	"0.0"	"GTEx--Coexpression"	""
"gene_set_query"	"1355"	"0.8432"	"ARGFX"	"ARGFX"	"0"	"299"	"1.0"	"1.0"	"0.0"	"GTEx--Coexpression"	""
"gene_set_query"	"1356"	"0.8438"	"ZBTB24"	"ZBTB24"	"0"	"299"	"1.0"	"1.0"	"0.0"	"GTEx--Coexpression"	""
"gene_set_query"	"1357"	"0.8444"	"ZNF689"	"ZNF689"	"0"	"299"	"1.0"	"1.0"	"0.0"	"GTEx--Coexpression"	""
"gene_set_query"	"1358"	"0.8451"	"ZNF43"	"ZNF43"	"0"	"299"	"1.0"	"1.0"	"0.0"	"GTEx--Coexpression"	""
"gene_set_query"	"1359"	"0.8457"	"FLI1"	"FLI1"	"0"	"299"	"1.0"	"1.0"	"0.0"	"GTEx--Coexpression"	""
"gene_set_query"	"1360"	"0.8463"	"FOXQ1"	"FOXQ1"	"0"	"299"	"1.0"	"1.0"	"0.0"	"GTEx--Coexpression"	""
"gene_set_query"	"1361"	"0.8469"	"ZNF816"	"ZNF816"	"0"	"299"	"1.0"	"1.0"	"0.0"	"GTEx--Coexpression"	""
"gene_set_query"	"1362"	"0.8475"	"SETDB1"	"SETDB1"	"0"	"299"	"1.0"	"1.0"	"0.0"	"GTEx--Coexpression"	""
"gene_set_query"	"1363"	"0.8482"	"NEUROG1"	"NEUROG1"	"0"	"299"	"1.0"	"1.0"	"0.0"	"GTEx--Coexpression"	""
"gene_set_query"	"1364"	"0.8488"	"ASCL2"	"ASCL2"	"0"	"299"	"1.0"	"1.0"	"0.0"	"GTEx--Coexpression"	""
"gene_set_query"	"1365"	"0.8494"	"LIN28A"	"LIN28A"	"0"	"299"	"1.0"	"1.0"	"0.0"	"GTEx--Coexpression"	""
"gene_set_query"	"1366"	"0.85"	"DMRTA1"	"DMRTA1"	"0"	"299"	"1.0"	"1.0"	"0.0"	"GTEx--Coexpression"	""
"gene_set_query"	"1367"	"0.8507"	"ZNF524"	"ZNF524"	"0"	"299"	"1.0"	"1.0"	"0.0"	"GTEx--Coexpression"	""
"gene_set_query"	"1368"	"0.8513"	"FOSL1"	"FOSL1"	"0"	"299"	"1.0"	"1.0"	"0.0"	"GTEx--Coexpression"	""
"gene_set_query"	"1369"	"0.8519"	"PRDM9"	"PRDM9"	"0"	"299"	"1.0"	"1.0"	"0.0"	"GTEx--Coexpression"	""
"gene_set_query"	"1370"	"0.8525"	"NANOGNB"	"NANOGNB"	"0"	"299"	"1.0"	"1.0"	"0.0"	"GTEx--Coexpression"	""
"gene_set_query"	"1371"	"0.8531"	"ZHX1"	"ZHX1"	"0"	"299"	"1.0"	"1.0"	"0.0"	"GTEx--Coexpression"	""
"gene_set_query"	"1372"	"0.8538"	"PPARA"	"PPARA"	"0"	"299"	"1.0"	"1.0"	"0.0"	"GTEx--Coexpression"	""
"gene_set_query"	"1373"	"0.8544"	"NFE2L1"	"NFE2L1"	"0"	"299"	"1.0"	"1.0"	"0.0"	"GTEx--Coexpression"	""
"gene_set_query"	"1374"	"0.855"	"ZNF460"	"ZNF460"	"0"	"299"	"1.0"	"1.0"	"0.0"	"GTEx--Coexpression"	""
"gene_set_query"	"1375"	"0.8556"	"IRF9"	"IRF9"	"0"	"299"	"1.0"	"1.0"	"0.0"	"GTEx--Coexpression"	""
"gene_set_query"	"1376"	"0.8563"	"ZNF763"	"ZNF763"	"0"	"299"	"1.0"	"1.0"	"0.0"	"GTEx--Coexpression"	""
"gene_set_query"	"1377"	"0.8569"	"ZNF286A"	"ZNF286A"	"0"	"299"	"1.0"	"1.0"	"0.0"	"GTEx--Coexpression"	""
"gene_set_query"	"1378"	"0.8575"	"ZNF592"	"ZNF592"	"0"	"299"	"1.0"	"1.0"	"0.0"	"GTEx--Coexpression"	""
"gene_set_query"	"1379"	"0.8581"	"ZNF655"	"ZNF655"	"0"	"299"	"1.0"	"1.0"	"0.0"	"GTEx--Coexpression"	""
"gene_set_query"	"1380"	"0.8587"	"ZNF383"	"ZNF383"	"0"	"299"	"1.0"	"1.0"	"0.0"	"GTEx--Coexpression"	""
"gene_set_query"	"1381"	"0.8594"	"ZNF79"	"ZNF79"	"0"	"299"	"1.0"	"1.0"	"0.0"	"GTEx--Coexpression"	""
"gene_set_query"	"1382"	"0.86"	"ZNF346"	"ZNF346"	"0"	"299"	"1.0"	"1.0"	"0.0"	"GTEx--Coexpression"	""
"gene_set_query"	"1383"	"0.8606"	"CTCFL"	"CTCFL"	"0"	"299"	"1.0"	"1.0"	"0.0"	"GTEx--Coexpression"	""
"gene_set_query"	"1384"	"0.8612"	"DMRT3"	"DMRT3"	"0"	"299"	"1.0"	"1.0"	"0.0"	"GTEx--Coexpression"	""
"gene_set_query"	"1385"	"0.8619"	"ZNF517"	"ZNF517"	"0"	"299"	"1.0"	"1.0"	"0.0"	"GTEx--Coexpression"	""
"gene_set_query"	"1386"	"0.8625"	"ZNF17"	"ZNF17"	"0"	"299"	"1.0"	"1.0"	"0.0"	"GTEx--Coexpression"	""
"gene_set_query"	"1387"	"0.8631"	"ZNF292"	"ZNF292"	"0"	"299"	"1.0"	"1.0"	"0.0"	"GTEx--Coexpression"	""
"gene_set_query"	"1388"	"0.8637"	"ZNF551"	"ZNF551"	"0"	"299"	"1.0"	"1.0"	"0.0"	"GTEx--Coexpression"	""
"gene_set_query"	"1389"	"0.8643"	"ZNF837"	"ZNF837"	"0"	"299"	"1.0"	"1.0"	"0.0"	"GTEx--Coexpression"	""
"gene_set_query"	"1390"	"0.865"	"ZNF74"	"ZNF74"	"0"	"299"	"1.0"	"1.0"	"0.0"	"GTEx--Coexpression"	""
"gene_set_query"	"1391"	"0.8656"	"TBX19"	"TBX19"	"0"	"299"	"1.0"	"1.0"	"0.0"	"GTEx--Coexpression"	""
"gene_set_query"	"1392"	"0.8662"	"MYF5"	"MYF5"	"0"	"299"	"1.0"	"1.0"	"0.0"	"GTEx--Coexpression"	""
"gene_set_query"	"1393"	"0.8668"	"ZSCAN20"	"ZSCAN20"	"0"	"299"	"1.0"	"1.0"	"0.0"	"GTEx--Coexpression"	""
"gene_set_query"	"1394"	"0.8675"	"ZNF525"	"ZNF525"	"0"	"299"	"1.0"	"1.0"	"0.0"	"GTEx--Coexpression"	""
"gene_set_query"	"1395"	"0.8681"	"ZNF287"	"ZNF287"	"0"	"299"	"1.0"	"1.0"	"0.0"	"GTEx--Coexpression"	""
"gene_set_query"	"1396"	"0.8687"	"LEUTX"	"LEUTX"	"0"	"299"	"1.0"	"1.0"	"0.0"	"GTEx--Coexpression"	""
"gene_set_query"	"1397"	"0.8693"	"NKX11"	"NKX11"	"0"	"299"	"1.0"	"1.0"	"0.0"	"GTEx--Coexpression"	""
"gene_set_query"	"1398"	"0.8699"	"ZNF84"	"ZNF84"	"0"	"299"	"1.0"	"1.0"	"0.0"	"GTEx--Coexpression"	""
"gene_set_query"	"1399"	"0.8706"	"ZNF606"	"ZNF606"	"0"	"299"	"1.0"	"1.0"	"0.0"	"GTEx--Coexpression"	""
"gene_set_query"	"1400"	"0.8712"	"ZNF227"	"ZNF227"	"0"	"299"	"1.0"	"1.0"	"0.0"	"GTEx--Coexpression"	""
"gene_set_query"	"1401"	"0.8718"	"ZNF775"	"ZNF775"	"0"	"299"	"1.0"	"1.0"	"0.0"	"GTEx--Coexpression"	""
"gene_set_query"	"1402"	"0.8724"	"HOXA10"	"HOXA10"	"0"	"299"	"1.0"	"1.0"	"0.0"	"GTEx--Coexpression"	""
"gene_set_query"	"1403"	"0.8731"	"HSFY1"	"HSFY1"	"0"	"299"	"1.0"	"1.0"	"0.0"	"GTEx--Coexpression"	""
"gene_set_query"	"1404"	"0.8737"	"PHF1"	"PHF1"	"0"	"299"	"1.0"	"1.0"	"0.0"	"GTEx--Coexpression"	""
"gene_set_query"	"1405"	"0.8743"	"ZNF107"	"ZNF107"	"0"	"299"	"1.0"	"1.0"	"0.0"	"GTEx--Coexpression"	""
"gene_set_query"	"1406"	"0.8749"	"ZNF283"	"ZNF283"	"0"	"299"	"1.0"	"1.0"	"0.0"	"GTEx--Coexpression"	""
"gene_set_query"	"1407"	"0.8755"	"ZXDC"	"ZXDC"	"0"	"299"	"1.0"	"1.0"	"0.0"	"GTEx--Coexpression"	""
"gene_set_query"	"1408"	"0.8762"	"SIX6"	"SIX6"	"0"	"299"	"1.0"	"1.0"	"0.0"	"GTEx--Coexpression"	""
"gene_set_query"	"1409"	"0.8768"	"ZNF20"	"ZNF20"	"0"	"299"	"1.0"	"1.0"	"0.0"	"GTEx--Coexpression"	""
"gene_set_query"	"1410"	"0.8774"	"ZNF716"	"ZNF716"	"0"	"299"	"1.0"	"1.0"	"0.0"	"GTEx--Coexpression"	""
"gene_set_query"	"1411"	"0.878"	"NKX26"	"NKX26"	"0"	"299"	"1.0"	"1.0"	"0.0"	"GTEx--Coexpression"	""
"gene_set_query"	"1412"	"0.8787"	"ZNF334"	"ZNF334"	"0"	"299"	"1.0"	"1.0"	"0.0"	"GTEx--Coexpression"	""
"gene_set_query"	"1413"	"0.8793"	"ZNF571"	"ZNF571"	"0"	"299"	"1.0"	"1.0"	"0.0"	"GTEx--Coexpression"	""
"gene_set_query"	"1414"	"0.8799"	"ADNP2"	"ADNP2"	"0"	"299"	"1.0"	"1.0"	"0.0"	"GTEx--Coexpression"	""
"gene_set_query"	"1415"	"0.8805"	"LBX1"	"LBX1"	"0"	"299"	"1.0"	"1.0"	"0.0"	"GTEx--Coexpression"	""
"gene_set_query"	"1416"	"0.8811"	"ZNF684"	"ZNF684"	"0"	"299"	"1.0"	"1.0"	"0.0"	"GTEx--Coexpression"	""
"gene_set_query"	"1417"	"0.8818"	"CHAMP1"	"CHAMP1"	"0"	"299"	"1.0"	"1.0"	"0.0"	"GTEx--Coexpression"	""
"gene_set_query"	"1418"	"0.8824"	"HNF4G"	"HNF4G"	"0"	"299"	"1.0"	"1.0"	"0.0"	"GTEx--Coexpression"	""
"gene_set_query"	"1419"	"0.883"	"ZNF782"	"ZNF782"	"0"	"299"	"1.0"	"1.0"	"0.0"	"GTEx--Coexpression"	""
"gene_set_query"	"1420"	"0.8836"	"ZNF792"	"ZNF792"	"0"	"299"	"1.0"	"1.0"	"0.0"	"GTEx--Coexpression"	""
"gene_set_query"	"1421"	"0.8843"	"INSM1"	"INSM1"	"0"	"299"	"1.0"	"1.0"	"0.0"	"GTEx--Coexpression"	""
"gene_set_query"	"1422"	"0.8849"	"ZBTB6"	"ZBTB6"	"0"	"299"	"1.0"	"1.0"	"0.0"	"GTEx--Coexpression"	""
"gene_set_query"	"1423"	"0.8855"	"ATOH1"	"ATOH1"	"0"	"299"	"1.0"	"1.0"	"0.0"	"GTEx--Coexpression"	""
"gene_set_query"	"1424"	"0.8861"	"NFXL1"	"NFXL1"	"0"	"299"	"1.0"	"1.0"	"0.0"	"GTEx--Coexpression"	""
"gene_set_query"	"1425"	"0.8867"	"SIX4"	"SIX4"	"0"	"299"	"1.0"	"1.0"	"0.0"	"GTEx--Coexpression"	""
"gene_set_query"	"1426"	"0.8874"	"MYOD1"	"MYOD1"	"0"	"299"	"1.0"	"1.0"	"0.0"	"GTEx--Coexpression"	""
"gene_set_query"	"1427"	"0.888"	"ZFY"	"ZFY"	"0"	"299"	"1.0"	"1.0"	"0.0"	"GTEx--Coexpression"	""
"gene_set_query"	"1428"	"0.8886"	"ETV2"	"ETV2"	"0"	"299"	"1.0"	"1.0"	"0.0"	"GTEx--Coexpression"	""
"gene_set_query"	"1429"	"0.8892"	"FOXR2"	"FOXR2"	"0"	"299"	"1.0"	"1.0"	"0.0"	"GTEx--Coexpression"	""
"gene_set_query"	"1430"	"0.8899"	"ZNF41"	"ZNF41"	"0"	"299"	"1.0"	"1.0"	"0.0"	"GTEx--Coexpression"	""
"gene_set_query"	"1431"	"0.8905"	"ZNF808"	"ZNF808"	"0"	"299"	"1.0"	"1.0"	"0.0"	"GTEx--Coexpression"	""
"gene_set_query"	"1432"	"0.8911"	"ZNF85"	"ZNF85"	"0"	"299"	"1.0"	"1.0"	"0.0"	"GTEx--Coexpression"	""
"gene_set_query"	"1433"	"0.8917"	"BATF2"	"BATF2"	"0"	"299"	"1.0"	"1.0"	"0.0"	"GTEx--Coexpression"	""
"gene_set_query"	"1434"	"0.8923"	"PRDM14"	"PRDM14"	"0"	"299"	"1.0"	"1.0"	"0.0"	"GTEx--Coexpression"	""
"gene_set_query"	"1435"	"0.893"	"PHF20"	"PHF20"	"0"	"299"	"1.0"	"1.0"	"0.0"	"GTEx--Coexpression"	""
"gene_set_query"	"1436"	"0.8936"	"LIN54"	"LIN54"	"0"	"299"	"1.0"	"1.0"	"0.0"	"GTEx--Coexpression"	""
"gene_set_query"	"1437"	"0.8942"	"ARID3B"	"ARID3B"	"0"	"299"	"1.0"	"1.0"	"0.0"	"GTEx--Coexpression"	""
"gene_set_query"	"1438"	"0.8948"	"ZNF629"	"ZNF629"	"0"	"299"	"1.0"	"1.0"	"0.0"	"GTEx--Coexpression"	""
"gene_set_query"	"1439"	"0.8955"	"KAT7"	"KAT7"	"0"	"299"	"1.0"	"1.0"	"0.0"	"GTEx--Coexpression"	""
"gene_set_query"	"1440"	"0.8961"	"GATAD2A"	"GATAD2A"	"0"	"299"	"1.0"	"1.0"	"0.0"	"GTEx--Coexpression"	""
"gene_set_query"	"1441"	"0.8967"	"ZNF251"	"ZNF251"	"0"	"299"	"1.0"	"1.0"	"0.0"	"GTEx--Coexpression"	""
"gene_set_query"	"1442"	"0.8973"	"PAX7"	"PAX7"	"0"	"299"	"1.0"	"1.0"	"0.0"	"GTEx--Coexpression"	""
"gene_set_query"	"1443"	"0.8979"	"ATMIN"	"ATMIN"	"0"	"299"	"1.0"	"1.0"	"0.0"	"GTEx--Coexpression"	""
"gene_set_query"	"1444"	"0.8986"	"ZNF774"	"ZNF774"	"0"	"299"	"1.0"	"1.0"	"0.0"	"GTEx--Coexpression"	""
"gene_set_query"	"1445"	"0.8992"	"SP140L"	"SP140L"	"0"	"299"	"1.0"	"1.0"	"0.0"	"GTEx--Coexpression"	""
"gene_set_query"	"1446"	"0.8998"	"ZSCAN22"	"ZSCAN22"	"0"	"299"	"1.0"	"1.0"	"0.0"	"GTEx--Coexpression"	""
"gene_set_query"	"1447"	"0.9004"	"IRX6"	"IRX6"	"0"	"299"	"1.0"	"1.0"	"0.0"	"GTEx--Coexpression"	""
"gene_set_query"	"1448"	"0.9011"	"DPF3"	"DPF3"	"0"	"299"	"1.0"	"1.0"	"0.0"	"GTEx--Coexpression"	""
"gene_set_query"	"1449"	"0.9017"	"MEF2D"	"MEF2D"	"0"	"299"	"1.0"	"1.0"	"0.0"	"GTEx--Coexpression"	""
"gene_set_query"	"1450"	"0.9023"	"MAFA"	"MAFA"	"0"	"299"	"1.0"	"1.0"	"0.0"	"GTEx--Coexpression"	""
"gene_set_query"	"1451"	"0.9029"	"MAFG"	"MAFG"	"0"	"299"	"1.0"	"1.0"	"0.0"	"GTEx--Coexpression"	""
"gene_set_query"	"1452"	"0.9035"	"ETV4"	"ETV4"	"0"	"299"	"1.0"	"1.0"	"0.0"	"GTEx--Coexpression"	""
"gene_set_query"	"1453"	"0.9042"	"ZSCAN5A"	"ZSCAN5A"	"0"	"299"	"1.0"	"1.0"	"0.0"	"GTEx--Coexpression"	""
"gene_set_query"	"1454"	"0.9048"	"ZNF687"	"ZNF687"	"0"	"299"	"1.0"	"1.0"	"0.0"	"GTEx--Coexpression"	""
"gene_set_query"	"1455"	"0.9054"	"YY2"	"YY2"	"0"	"299"	"1.0"	"1.0"	"0.0"	"GTEx--Coexpression"	""
"gene_set_query"	"1456"	"0.906"	"ZNF408"	"ZNF408"	"0"	"299"	"1.0"	"1.0"	"0.0"	"GTEx--Coexpression"	""
"gene_set_query"	"1457"	"0.9067"	"MBD3"	"MBD3"	"0"	"299"	"1.0"	"1.0"	"0.0"	"GTEx--Coexpression"	""
"gene_set_query"	"1458"	"0.9073"	"TFEC"	"TFEC"	"0"	"299"	"1.0"	"1.0"	"0.0"	"GTEx--Coexpression"	""
"gene_set_query"	"1459"	"0.9079"	"RHOXF2"	"RHOXF2"	"0"	"299"	"1.0"	"1.0"	"0.0"	"GTEx--Coexpression"	""
"gene_set_query"	"1460"	"0.9085"	"MAZ"	"MAZ"	"0"	"299"	"1.0"	"1.0"	"0.0"	"GTEx--Coexpression"	""
"gene_set_query"	"1461"	"0.9091"	"TRERF1"	"TRERF1"	"0"	"299"	"1.0"	"1.0"	"0.0"	"GTEx--Coexpression"	""
"gene_set_query"	"1462"	"0.9098"	"ZNF225"	"ZNF225"	"0"	"299"	"1.0"	"1.0"	"0.0"	"GTEx--Coexpression"	""
"gene_set_query"	"1463"	"0.9104"	"ZNF609"	"ZNF609"	"0"	"299"	"1.0"	"1.0"	"0.0"	"GTEx--Coexpression"	""
"gene_set_query"	"1464"	"0.911"	"ALX3"	"ALX3"	"0"	"299"	"1.0"	"1.0"	"0.0"	"GTEx--Coexpression"	""
"gene_set_query"	"1465"	"0.9116"	"IKZF3"	"IKZF3"	"0"	"299"	"1.0"	"1.0"	"0.0"	"GTEx--Coexpression"	""
"gene_set_query"	"1466"	"0.9123"	"ZNF705D"	"ZNF705D"	"0"	"298"	"1.0"	"1.0"	"0.0"	"GTEx--Coexpression"	""
"gene_set_query"	"1467"	"0.9129"	"ZFP42"	"ZFP42"	"0"	"298"	"1.0"	"1.0"	"0.0"	"GTEx--Coexpression"	""
"gene_set_query"	"1468"	"0.9135"	"ARID2"	"ARID2"	"0"	"298"	"1.0"	"1.0"	"0.0"	"GTEx--Coexpression"	""
"gene_set_query"	"1469"	"0.9141"	"SETDB2"	"SETDB2"	"0"	"298"	"1.0"	"1.0"	"0.0"	"GTEx--Coexpression"	""
"gene_set_query"	"1470"	"0.9147"	"ZBTB38"	"ZBTB38"	"0"	"298"	"1.0"	"1.0"	"0.0"	"GTEx--Coexpression"	""
"gene_set_query"	"1471"	"0.9154"	"SOX30"	"SOX30"	"0"	"298"	"1.0"	"1.0"	"0.0"	"GTEx--Coexpression"	""
"gene_set_query"	"1472"	"0.916"	"ESR2"	"ESR2"	"0"	"298"	"1.0"	"1.0"	"0.0"	"GTEx--Coexpression"	""
"gene_set_query"	"1473"	"0.9166"	"ZNF148"	"ZNF148"	"0"	"298"	"1.0"	"1.0"	"0.0"	"GTEx--Coexpression"	""
"gene_set_query"	"1474"	"0.9172"	"BBX"	"BBX"	"0"	"298"	"1.0"	"1.0"	"0.0"	"GTEx--Coexpression"	""
"gene_set_query"	"1475"	"0.9179"	"YBX1"	"YBX1"	"0"	"298"	"1.0"	"1.0"	"0.0"	"GTEx--Coexpression"	""
"gene_set_query"	"1476"	"0.9185"	"NPAS1"	"NPAS1"	"0"	"298"	"1.0"	"1.0"	"0.0"	"GTEx--Coexpression"	""
"gene_set_query"	"1477"	"0.9191"	"RFX2"	"RFX2"	"0"	"298"	"1.0"	"1.0"	"0.0"	"GTEx--Coexpression"	""
"gene_set_query"	"1478"	"0.9197"	"HMGN3"	"HMGN3"	"0"	"298"	"1.0"	"1.0"	"0.0"	"GTEx--Coexpression"	""
"gene_set_query"	"1479"	"0.9203"	"MBD6"	"MBD6"	"0"	"298"	"1.0"	"1.0"	"0.0"	"GTEx--Coexpression"	""
"gene_set_query"	"1480"	"0.921"	"ZNF624"	"ZNF624"	"0"	"298"	"1.0"	"1.0"	"0.0"	"GTEx--Coexpression"	""
"gene_set_query"	"1481"	"0.9216"	"DMBX1"	"DMBX1"	"0"	"298"	"1.0"	"1.0"	"0.0"	"GTEx--Coexpression"	""
"gene_set_query"	"1482"	"0.9222"	"SPZ1"	"SPZ1"	"0"	"298"	"1.0"	"1.0"	"0.0"	"GTEx--Coexpression"	""
"gene_set_query"	"1483"	"0.9228"	"ZNF14"	"ZNF14"	"0"	"298"	"1.0"	"1.0"	"0.0"	"GTEx--Coexpression"	""
"gene_set_query"	"1484"	"0.9235"	"ZNF705A"	"ZNF705A"	"0"	"298"	"1.0"	"1.0"	"0.0"	"GTEx--Coexpression"	""
"gene_set_query"	"1485"	"0.9241"	"ZNF184"	"ZNF184"	"0"	"298"	"1.0"	"1.0"	"0.0"	"GTEx--Coexpression"	""
"gene_set_query"	"1486"	"0.9247"	"AKAP8L"	"AKAP8L"	"0"	"298"	"1.0"	"1.0"	"0.0"	"GTEx--Coexpression"	""
"gene_set_query"	"1487"	"0.9253"	"TOPORS"	"TOPORS"	"0"	"298"	"1.0"	"1.0"	"0.0"	"GTEx--Coexpression"	""
"gene_set_query"	"1488"	"0.9259"	"ZNF692"	"ZNF692"	"0"	"298"	"1.0"	"1.0"	"0.0"	"GTEx--Coexpression"	""
"gene_set_query"	"1489"	"0.9266"	"ZNF677"	"ZNF677"	"0"	"298"	"1.0"	"1.0"	"0.0"	"GTEx--Coexpression"	""
"gene_set_query"	"1490"	"0.9272"	"SAFB2"	"SAFB2"	"0"	"298"	"1.0"	"1.0"	"0.0"	"GTEx--Coexpression"	""
"gene_set_query"	"1491"	"0.9278"	"ZNF414"	"ZNF414"	"0"	"298"	"1.0"	"1.0"	"0.0"	"GTEx--Coexpression"	""
"gene_set_query"	"1492"	"0.9284"	"CREM"	"CREM"	"0"	"298"	"1.0"	"1.0"	"0.0"	"GTEx--Coexpression"	""
"gene_set_query"	"1493"	"0.9291"	"ZNF829"	"ZNF829"	"0"	"298"	"1.0"	"1.0"	"0.0"	"GTEx--Coexpression"	""
"gene_set_query"	"1494"	"0.9297"	"ZNF280C"	"ZNF280C"	"0"	"298"	"1.0"	"1.0"	"0.0"	"GTEx--Coexpression"	""
"gene_set_query"	"1495"	"0.9303"	"ZNF672"	"ZNF672"	"0"	"298"	"1.0"	"1.0"	"0.0"	"GTEx--Coexpression"	""
"gene_set_query"	"1496"	"0.9309"	"ZNF165"	"ZNF165"	"0"	"298"	"1.0"	"1.0"	"0.0"	"GTEx--Coexpression"	""
"gene_set_query"	"1497"	"0.9315"	"CREB1"	"CREB1"	"0"	"298"	"1.0"	"1.0"	"0.0"	"GTEx--Coexpression"	""
"gene_set_query"	"1498"	"0.9322"	"NKX25"	"NKX25"	"0"	"298"	"1.0"	"1.0"	"0.0"	"GTEx--Coexpression"	""
"gene_set_query"	"1499"	"0.9328"	"SON"	"SON"	"0"	"298"	"1.0"	"1.0"	"0.0"	"GTEx--Coexpression"	""
"gene_set_query"	"1500"	"0.9334"	"EMX1"	"EMX1"	"0"	"298"	"1.0"	"1.0"	"0.0"	"GTEx--Coexpression"	""
"gene_set_query"	"1501"	"0.934"	"CENPT"	"CENPT"	"0"	"298"	"1.0"	"1.0"	"0.0"	"GTEx--Coexpression"	""
"gene_set_query"	"1502"	"0.9347"	"HOMEZ"	"HOMEZ"	"0"	"298"	"1.0"	"1.0"	"0.0"	"GTEx--Coexpression"	""
"gene_set_query"	"1503"	"0.9353"	"ZBTB26"	"ZBTB26"	"0"	"298"	"1.0"	"1.0"	"0.0"	"GTEx--Coexpression"	""
"gene_set_query"	"1504"	"0.9359"	"ZNF830"	"ZNF830"	"0"	"298"	"1.0"	"1.0"	"0.0"	"GTEx--Coexpression"	""
"gene_set_query"	"1505"	"0.9365"	"FAM170A"	"FAM170A"	"0"	"298"	"1.0"	"1.0"	"0.0"	"GTEx--Coexpression"	""
"gene_set_query"	"1506"	"0.9371"	"PITX3"	"PITX3"	"0"	"298"	"1.0"	"1.0"	"0.0"	"GTEx--Coexpression"	""
"gene_set_query"	"1507"	"0.9378"	"ZNF780B"	"ZNF780B"	"0"	"298"	"1.0"	"1.0"	"0.0"	"GTEx--Coexpression"	""
"gene_set_query"	"1508"	"0.9384"	"MBNL2"	"MBNL2"	"0"	"298"	"1.0"	"1.0"	"0.0"	"GTEx--Coexpression"	""
"gene_set_query"	"1509"	"0.939"	"ZNF605"	"ZNF605"	"0"	"298"	"1.0"	"1.0"	"0.0"	"GTEx--Coexpression"	""
"gene_set_query"	"1510"	"0.9396"	"NME2"	"NME2"	"0"	"298"	"1.0"	"1.0"	"0.0"	"GTEx--Coexpression"	""
"gene_set_query"	"1511"	"0.9403"	"ZNF233"	"ZNF233"	"0"	"298"	"1.0"	"1.0"	"0.0"	"GTEx--Coexpression"	""
"gene_set_query"	"1512"	"0.9409"	"TBPL1"	"TBPL1"	"0"	"298"	"1.0"	"1.0"	"0.0"	"GTEx--Coexpression"	""
"gene_set_query"	"1513"	"0.9415"	"ZBTB17"	"ZBTB17"	"0"	"298"	"1.0"	"1.0"	"0.0"	"GTEx--Coexpression"	""
"gene_set_query"	"1514"	"0.9421"	"ZNF814"	"ZNF814"	"0"	"298"	"1.0"	"1.0"	"0.0"	"GTEx--Coexpression"	""
"gene_set_query"	"1515"	"0.9428"	"SOHLH2"	"SOHLH2"	"0"	"298"	"1.0"	"1.0"	"0.0"	"GTEx--Coexpression"	""
"gene_set_query"	"1516"	"0.9434"	"ZNF433"	"ZNF433"	"0"	"298"	"1.0"	"1.0"	"0.0"	"GTEx--Coexpression"	""
"gene_set_query"	"1517"	"0.944"	"TGIF2LY"	"TGIF2LY"	"0"	"298"	"1.0"	"1.0"	"0.0"	"GTEx--Coexpression"	""
"gene_set_query"	"1518"	"0.9446"	"ZNF133"	"ZNF133"	"0"	"298"	"1.0"	"1.0"	"0.0"	"GTEx--Coexpression"	""
"gene_set_query"	"1519"	"0.9452"	"REXO4"	"REXO4"	"0"	"298"	"1.0"	"1.0"	"0.0"	"GTEx--Coexpression"	""
"gene_set_query"	"1520"	"0.9459"	"ZNF335"	"ZNF335"	"0"	"298"	"1.0"	"1.0"	"0.0"	"GTEx--Coexpression"	""
"gene_set_query"	"1521"	"0.9465"	"ZNF623"	"ZNF623"	"0"	"298"	"1.0"	"1.0"	"0.0"	"GTEx--Coexpression"	""
"gene_set_query"	"1522"	"0.9471"	"ZNF707"	"ZNF707"	"0"	"298"	"1.0"	"1.0"	"0.0"	"GTEx--Coexpression"	""
"gene_set_query"	"1523"	"0.9477"	"ZNF580"	"ZNF580"	"0"	"298"	"1.0"	"1.0"	"0.0"	"GTEx--Coexpression"	""
"gene_set_query"	"1524"	"0.9484"	"ZNF567"	"ZNF567"	"0"	"298"	"1.0"	"1.0"	"0.0"	"GTEx--Coexpression"	""
"gene_set_query"	"1525"	"0.949"	"BACH1"	"BACH1"	"0"	"298"	"1.0"	"1.0"	"0.0"	"GTEx--Coexpression"	""
"gene_set_query"	"1526"	"0.9496"	"ZNF736"	"ZNF736"	"0"	"298"	"1.0"	"1.0"	"0.0"	"GTEx--Coexpression"	""
"gene_set_query"	"1527"	"0.9502"	"MTERF2"	"MTERF2"	"0"	"298"	"1.0"	"1.0"	"0.0"	"GTEx--Coexpression"	""
"gene_set_query"	"1528"	"0.9508"	"ZSCAN12"	"ZSCAN12"	"0"	"298"	"1.0"	"1.0"	"0.0"	"GTEx--Coexpression"	""
"gene_set_query"	"1529"	"0.9515"	"ZNF395"	"ZNF395"	"0"	"298"	"1.0"	"1.0"	"0.0"	"GTEx--Coexpression"	""
"gene_set_query"	"1530"	"0.9521"	"ARX"	"ARX"	"0"	"298"	"1.0"	"1.0"	"0.0"	"GTEx--Coexpression"	""
"gene_set_query"	"1531"	"0.9527"	"ZNF518B"	"ZNF518B"	"0"	"298"	"1.0"	"1.0"	"0.0"	"GTEx--Coexpression"	""
"gene_set_query"	"1532"	"0.9533"	"HMGA2"	"HMGA2"	"0"	"298"	"1.0"	"1.0"	"0.0"	"GTEx--Coexpression"	""
"gene_set_query"	"1533"	"0.954"	"MSC"	"MSC"	"0"	"298"	"1.0"	"1.0"	"0.0"	"GTEx--Coexpression"	""
"gene_set_query"	"1534"	"0.9546"	"HSF2"	"HSF2"	"0"	"298"	"1.0"	"1.0"	"0.0"	"GTEx--Coexpression"	""
"gene_set_query"	"1535"	"0.9552"	"KLF17"	"KLF17"	"0"	"298"	"1.0"	"1.0"	"0.0"	"GTEx--Coexpression"	""
"gene_set_query"	"1536"	"0.9558"	"E2F6"	"E2F6"	"0"	"298"	"1.0"	"1.0"	"0.0"	"GTEx--Coexpression"	""
"gene_set_query"	"1537"	"0.9564"	"ZNF679"	"ZNF679"	"0"	"298"	"1.0"	"1.0"	"0.0"	"GTEx--Coexpression"	""
"gene_set_query"	"1538"	"0.9571"	"ZNF513"	"ZNF513"	"0"	"298"	"1.0"	"1.0"	"0.0"	"GTEx--Coexpression"	""
"gene_set_query"	"1539"	"0.9577"	"SOX4"	"SOX4"	"0"	"298"	"1.0"	"1.0"	"0.0"	"GTEx--Coexpression"	""
"gene_set_query"	"1540"	"0.9583"	"ZBTB9"	"ZBTB9"	"0"	"298"	"1.0"	"1.0"	"0.0"	"GTEx--Coexpression"	""
"gene_set_query"	"1541"	"0.9589"	"CLOCK"	"CLOCK"	"0"	"298"	"1.0"	"1.0"	"0.0"	"GTEx--Coexpression"	""
"gene_set_query"	"1542"	"0.9596"	"ZNF239"	"ZNF239"	"0"	"298"	"1.0"	"1.0"	"0.0"	"GTEx--Coexpression"	""
"gene_set_query"	"1543"	"0.9602"	"MSANTD3"	"MSANTD3"	"0"	"298"	"1.0"	"1.0"	"0.0"	"GTEx--Coexpression"	""
"gene_set_query"	"1544"	"0.9608"	"CUX2"	"CUX2"	"0"	"298"	"1.0"	"1.0"	"0.0"	"GTEx--Coexpression"	""
"gene_set_query"	"1545"	"0.9614"	"THAP4"	"THAP4"	"0"	"298"	"1.0"	"1.0"	"0.0"	"GTEx--Coexpression"	""
"gene_set_query"	"1546"	"0.962"	"ZNF740"	"ZNF740"	"0"	"298"	"1.0"	"1.0"	"0.0"	"GTEx--Coexpression"	""
"gene_set_query"	"1547"	"0.9627"	"L3MBTL3"	"L3MBTL3"	"0"	"298"	"1.0"	"1.0"	"0.0"	"GTEx--Coexpression"	""
"gene_set_query"	"1548"	"0.9633"	"SOX6"	"SOX6"	"0"	"298"	"1.0"	"1.0"	"0.0"	"GTEx--Coexpression"	""
"gene_set_query"	"1549"	"0.9639"	"ZNF211"	"ZNF211"	"0"	"298"	"1.0"	"1.0"	"0.0"	"GTEx--Coexpression"	""
"gene_set_query"	"1550"	"0.9645"	"RBPJ"	"RBPJ"	"0"	"298"	"1.0"	"1.0"	"0.0"	"GTEx--Coexpression"	""
"gene_set_query"	"1551"	"0.9652"	"ZNF705B"	"ZNF705B"	"0"	"298"	"1.0"	"1.0"	"0.0"	"GTEx--Coexpression"	""
"gene_set_query"	"1552"	"0.9658"	"SNAPC5"	"SNAPC5"	"0"	"298"	"1.0"	"1.0"	"0.0"	"GTEx--Coexpression"	""
"gene_set_query"	"1553"	"0.9664"	"ZNF718"	"ZNF718"	"0"	"298"	"1.0"	"1.0"	"0.0"	"GTEx--Coexpression"	""
"gene_set_query"	"1554"	"0.967"	"RFX8"	"RFX8"	"0"	"298"	"1.0"	"1.0"	"0.0"	"GTEx--Coexpression"	""
"gene_set_query"	"1555"	"0.9676"	"MTERF4"	"MTERF4"	"0"	"298"	"1.0"	"1.0"	"0.0"	"GTEx--Coexpression"	""
"gene_set_query"	"1556"	"0.9683"	"ZNF512B"	"ZNF512B"	"0"	"298"	"1.0"	"1.0"	"0.0"	"GTEx--Coexpression"	""
"gene_set_query"	"1557"	"0.9689"	"ARHGAP35"	"ARHGAP35"	"0"	"298"	"1.0"	"1.0"	"0.0"	"GTEx--Coexpression"	""
"gene_set_query"	"1558"	"0.9695"	"ZNF683"	"ZNF683"	"0"	"298"	"1.0"	"1.0"	"0.0"	"GTEx--Coexpression"	""
"gene_set_query"	"1559"	"0.9701"	"SOHLH1"	"SOHLH1"	"0"	"298"	"1.0"	"1.0"	"0.0"	"GTEx--Coexpression"	""
"gene_set_query"	"1560"	"0.9708"	"ZNF789"	"ZNF789"	"0"	"298"	"1.0"	"1.0"	"0.0"	"GTEx--Coexpression"	""
"gene_set_query"	"1561"	"0.9714"	"ZNF439"	"ZNF439"	"0"	"298"	"1.0"	"1.0"	"0.0"	"GTEx--Coexpression"	""
"gene_set_query"	"1562"	"0.972"	"ZNF705G"	"ZNF705G"	"0"	"298"	"1.0"	"1.0"	"0.0"	"GTEx--Coexpression"	""
"gene_set_query"	"1563"	"0.9726"	"ZFP91"	"ZFP91"	"0"	"298"	"1.0"	"1.0"	"0.0"	"GTEx--Coexpression"	""
"gene_set_query"	"1564"	"0.9732"	"ZNF668"	"ZNF668"	"0"	"298"	"1.0"	"1.0"	"0.0"	"GTEx--Coexpression"	""
"gene_set_query"	"1565"	"0.9739"	"ZNF626"	"ZNF626"	"0"	"298"	"1.0"	"1.0"	"0.0"	"GTEx--Coexpression"	""
"gene_set_query"	"1566"	"0.9745"	"ZBED1"	"ZBED1"	"0"	"298"	"1.0"	"1.0"	"0.0"	"GTEx--Coexpression"	""
"gene_set_query"	"1567"	"0.9751"	"ZNF768"	"ZNF768"	"0"	"298"	"1.0"	"1.0"	"0.0"	"GTEx--Coexpression"	""
"gene_set_query"	"1568"	"0.9757"	"THAP3"	"THAP3"	"0"	"298"	"1.0"	"1.0"	"0.0"	"GTEx--Coexpression"	""
"gene_set_query"	"1569"	"0.9764"	"IRF3"	"IRF3"	"0"	"298"	"1.0"	"1.0"	"0.0"	"GTEx--Coexpression"	""
"gene_set_query"	"1570"	"0.977"	"ZNF32"	"ZNF32"	"0"	"298"	"1.0"	"1.0"	"0.0"	"GTEx--Coexpression"	""
"gene_set_query"	"1571"	"0.9776"	"MYPOP"	"MYPOP"	"0"	"298"	"1.0"	"1.0"	"0.0"	"GTEx--Coexpression"	""
"gene_set_query"	"1572"	"0.9782"	"HSF5"	"HSF5"	"0"	"298"	"1.0"	"1.0"	"0.0"	"GTEx--Coexpression"	""
"gene_set_query"	"1573"	"0.9788"	"SRCAP"	"SRCAP"	"0"	"298"	"1.0"	"1.0"	"0.0"	"GTEx--Coexpression"	""
"gene_set_query"	"1574"	"0.9795"	"ZNF479"	"ZNF479"	"0"	"297"	"1.0"	"1.0"	"0.0"	"GTEx--Coexpression"	""
"gene_set_query"	"1575"	"0.9801"	"TCF15"	"TCF15"	"0"	"297"	"1.0"	"1.0"	"0.0"	"GTEx--Coexpression"	""
"gene_set_query"	"1576"	"0.9807"	"CPXCR1"	"CPXCR1"	"0"	"297"	"1.0"	"1.0"	"0.0"	"GTEx--Coexpression"	""
"gene_set_query"	"1577"	"0.9813"	"ZNF76"	"ZNF76"	"0"	"297"	"1.0"	"1.0"	"0.0"	"GTEx--Coexpression"	""
"gene_set_query"	"1578"	"0.982"	"DPRX"	"DPRX"	"0"	"297"	"1.0"	"1.0"	"0.0"	"GTEx--Coexpression"	""
"gene_set_query"	"1579"	"0.9826"	"KCMF1"	"KCMF1"	"0"	"297"	"1.0"	"1.0"	"0.0"	"GTEx--Coexpression"	""
"gene_set_query"	"1580"	"0.9832"	"CXXC1"	"CXXC1"	"0"	"297"	"1.0"	"1.0"	"0.0"	"GTEx--Coexpression"	""
"gene_set_query"	"1581"	"0.9838"	"ZNF761"	"ZNF761"	"0"	"297"	"1.0"	"1.0"	"0.0"	"GTEx--Coexpression"	""
"gene_set_query"	"1582"	"0.9844"	"ZBTB43"	"ZBTB43"	"0"	"297"	"1.0"	"1.0"	"0.0"	"GTEx--Coexpression"	""
"gene_set_query"	"1583"	"0.9851"	"ZNF474"	"ZNF474"	"0"	"297"	"1.0"	"1.0"	"0.0"	"GTEx--Coexpression"	""
"gene_set_query"	"1584"	"0.9857"	"E4F1"	"E4F1"	"0"	"297"	"1.0"	"1.0"	"0.0"	"GTEx--Coexpression"	""
"gene_set_query"	"1585"	"0.9863"	"EVX2"	"EVX2"	"0"	"297"	"1.0"	"1.0"	"0.0"	"GTEx--Coexpression"	""
"gene_set_query"	"1586"	"0.9869"	"ZBTB20"	"ZBTB20"	"0"	"297"	"1.0"	"1.0"	"0.0"	"GTEx--Coexpression"	""
"gene_set_query"	"1587"	"0.9876"	"ZNF487"	"ZNF487"	"0"	"297"	"1.0"	"1.0"	"0.0"	"GTEx--Coexpression"	""
"gene_set_query"	"1588"	"0.9882"	"ZNF358"	"ZNF358"	"0"	"297"	"1.0"	"1.0"	"0.0"	"GTEx--Coexpression"	""
"gene_set_query"	"1589"	"0.9888"	"PATZ1"	"PATZ1"	"0"	"297"	"1.0"	"1.0"	"0.0"	"GTEx--Coexpression"	""
"gene_set_query"	"1590"	"0.9894"	"ZNF182"	"ZNF182"	"0"	"297"	"1.0"	"1.0"	"0.0"	"GTEx--Coexpression"	""
"gene_set_query"	"1591"	"0.99"	"ZNF28"	"ZNF28"	"0"	"297"	"1.0"	"1.0"	"0.0"	"GTEx--Coexpression"	""
"gene_set_query"	"1592"	"0.9907"	"GATA5"	"GATA5"	"0"	"297"	"1.0"	"1.0"	"0.0"	"GTEx--Coexpression"	""
"gene_set_query"	"1593"	"0.9913"	"HSF4"	"HSF4"	"0"	"297"	"1.0"	"1.0"	"0.0"	"GTEx--Coexpression"	""
"gene_set_query"	"1594"	"0.9919"	"MSANTD4"	"MSANTD4"	"0"	"297"	"1.0"	"1.0"	"0.0"	"GTEx--Coexpression"	""
"gene_set_query"	"1595"	"0.9925"	"ZNF268"	"ZNF268"	"0"	"297"	"1.0"	"1.0"	"0.0"	"GTEx--Coexpression"	""
"gene_set_query"	"1596"	"0.9932"	"ANKZF1"	"ANKZF1"	"0"	"297"	"1.0"	"1.0"	"0.0"	"GTEx--Coexpression"	""
"gene_set_query"	"1597"	"0.9938"	"ZNF33A"	"ZNF33A"	"0"	"297"	"1.0"	"1.0"	"0.0"	"GTEx--Coexpression"	""
"gene_set_query"	"1598"	"0.9944"	"RXRB"	"RXRB"	"0"	"297"	"1.0"	"1.0"	"0.0"	"GTEx--Coexpression"	""
"gene_set_query"	"1599"	"0.995"	"RBCK1"	"RBCK1"	"0"	"297"	"1.0"	"1.0"	"0.0"	"GTEx--Coexpression"	""
"gene_set_query"	"1600"	"0.9956"	"TGIF2LX"	"TGIF2LX"	"0"	"297"	"1.0"	"1.0"	"0.0"	"GTEx--Coexpression"	""
"gene_set_query"	"1601"	"0.9963"	"USF2"	"USF2"	"0"	"297"	"1.0"	"1.0"	"0.0"	"GTEx--Coexpression"	""
"gene_set_query"	"1602"	"0.9969"	"MZF1"	"MZF1"	"0"	"297"	"1.0"	"1.0"	"0.0"	"GTEx--Coexpression"	""
"gene_set_query"	"1603"	"0.9975"	"ZNF518A"	"ZNF518A"	"0"	"297"	"1.0"	"1.0"	"0.0"	"GTEx--Coexpression"	""
"gene_set_query"	"1604"	"0.9981"	"CBLL2"	"CBLL2"	"0"	"297"	"1.0"	"1.0"	"0.0"	"GTEx--Coexpression"	""
"gene_set_query"	"1605"	"0.9988"	"ZNF563"	"ZNF563"	"0"	"297"	"1.0"	"1.0"	"0.0"	"GTEx--Coexpression"	""
"gene_set_query"	"1606"	"0.9994"	"TIGD4"	"TIGD4"	"0"	"296"	"1.0"	"1.0"	"0.0"	"GTEx--Coexpression"	""
"gene_set_query"	"1607"	"1.0"	"ZIM2"	"ZIM2"	"0"	"296"	"1.0"	"1.0"	"0.0"	"GTEx--Coexpression"	""