Query Name	Rank	Scaled Rank	Set_name	TF	Intersect	Set length	FET p-value	FDR	Odds Ratio	Library	Overlapping_Genes
"gene_set_query"	"1"	"7.123E-4"	"OLIG1"	"OLIG1"	"22"	"295"	"9.351E-19"	"1.31E-15"	"17.44"	"Enrichr--Queries"	"PLEKHB1,PTGDS,BCAS1,GPR37,PLLP,APLP1,SOX10,CLDN11,RHOU,MAPT,LPAR1,MOBP,SPOCK1,APOD,TSPAN2,MOG,WSCD1,CMTM5,TUBB4A,FA2H,SYT11,PLP1"
"gene_set_query"	"2"	"0.001425"	"SOX10"	"SOX10"	"21"	"296"	"1.427E-17"	"1.0E-14"	"16.52"	"Enrichr--Queries"	"PLEKHB1,PTGDS,BCAS1,GPR37,PLLP,CLDN11,RHOU,MAPT,MYRF,KCNA1,LPAR1,MOBP,APOD,PLEKHH1,MOG,CMTM5,TUBB4A,FA2H,NFASC,GJB1,PLP1"
"gene_set_query"	"3"	"0.002137"	"OLIG2"	"OLIG2"	"19"	"294"	"2.248E-15"	"1.05E-12"	"14.95"	"Enrichr--Queries"	"PLEKHB1,GRM3,PPP1R16B,GPR37,PLLP,SOX10,CLDN11,RHOU,MAPT,LPAR1,MOBP,MAP7,SPOCK1,APOD,MOG,WSCD1,CMTM5,TUBB4A,PLP1"
"gene_set_query"	"4"	"0.002849"	"SOX8"	"SOX8"	"14"	"297"	"4.809E-10"	"1.69E-7"	"10.7"	"Enrichr--Queries"	"PLEKHB1,PTGDS,PPP1R16B,GPR37,PLLP,SOX10,SYTL2,CLDN11,RHOU,LPAR1,SPOCK1,APOD,TUBB4A,PLP1"
"gene_set_query"	"5"	"0.003561"	"ST18"	"ST18"	"12"	"297"	"4.022E-8"	"1.13E-5"	"9.111"	"Enrichr--Queries"	"EDIL3,ANKS1B,GPR37,ERMN,CLDN11,LPAR1,SPOCK3,SPOCK1,PCDH9,PEX5L,NFASC,PLP1"
"gene_set_query"	"6"	"0.004274"	"ZNF488"	"ZNF488"	"10"	"293"	"2.232E-6"	"4.9E-4"	"7.646"	"Enrichr--Queries"	"PLLP,LIMCH1,SYTL2,CLDN11,RHOU,LPAR1,KLK6,UGT8,SPOCK1,FA2H"
"gene_set_query"	"7"	"0.004986"	"ZNF804B"	"ZNF804B"	"10"	"296"	"2.441E-6"	"4.9E-4"	"7.566"	"Enrichr--Queries"	"GRM3,PDE4B,EDIL3,ANKS1B,SLC24A2,LPAR1,NKAIN2,SPOCK3,NCAM2,PCDH9"
"gene_set_query"	"8"	"0.005698"	"ZNF662"	"ZNF662"	"9"	"293"	"1.577E-5"	"0.00199"	"6.857"	"Enrichr--Queries"	"PDE4B,LIMCH1,SYTL2,CLDN11,RHOU,LPAR1,SPOCK1,PCDH9,NFASC"
"gene_set_query"	"9"	"0.00641"	"RORB"	"RORB"	"9"	"297"	"1.753E-5"	"0.00199"	"6.762"	"Enrichr--Queries"	"PDE4B,EDIL3,ANKS1B,ARAP2,SLC24A2,LPAR1,SPOCK1,NCAM2,PCDH9"
"gene_set_query"	"10"	"0.007123"	"ZNF536"	"ZNF536"	"9"	"297"	"1.753E-5"	"0.00199"	"6.762"	"Enrichr--Queries"	"EDIL3,ANKS1B,GPR37,LPAR1,SPOCK3,SPOCK1,PCDH9,NFASC,PLP1"
"gene_set_query"	"11"	"0.007835"	"ZNF483"	"ZNF483"	"9"	"298"	"1.8E-5"	"0.00199"	"6.739"	"Enrichr--Queries"	"PLEKHB1,EDIL3,SYTL2,DNM3,LPAR1,UGT8,NCAM2,PCDH9,NFASC"
"gene_set_query"	"12"	"0.008547"	"ZNF385C"	"ZNF385C"	"9"	"298"	"1.8E-5"	"0.00199"	"6.739"	"Enrichr--Queries"	"PLEKHB1,BCAS1,RHOU,MYRF,LPAR1,NKAIN1,PLEKHH1,TUBB4A,FA2H"
"gene_set_query"	"13"	"0.009259"	"SCRT1"	"SCRT1"	"9"	"299"	"1.847E-5"	"0.00199"	"6.716"	"Enrichr--Queries"	"STMN4,APLP1,MAPT,SEMA7A,KCNA1,LPAR1,SPOCK1,NFASC,PPP2R2C"
"gene_set_query"	"14"	"0.009972"	"FOXD4L6"	"FOXD4L6"	"8"	"293"	"1.012E-4"	"0.00906"	"6.074"	"Enrichr--Queries"	"GRM3,EDIL3,ARAP2,RHOU,LPAR1,NKAIN1,EYA4,NFASC"
"gene_set_query"	"15"	"0.01068"	"ARNT2"	"ARNT2"	"8"	"296"	"1.085E-4"	"0.00906"	"6.011"	"Enrichr--Queries"	"PDE4B,LIMCH1,SYTL2,LPAR1,SPOCK1,PCDH9,PPP2R2C,SYT11"
"gene_set_query"	"16"	"0.0114"	"ZNF365"	"ZNF365"	"8"	"297"	"1.11E-4"	"0.00906"	"5.99"	"Enrichr--Queries"	"LIMCH1,SYTL2,DNM3,LPAR1,SPOCK1,TSPAN2,PCDH9,SYT11"
"gene_set_query"	"17"	"0.01211"	"MYT1L"	"MYT1L"	"8"	"298"	"1.136E-4"	"0.00906"	"5.969"	"Enrichr--Queries"	"ANKS1B,MAPT,SLC24A2,LPAR1,SPOCK1,PCDH9,NFASC,PPP2R2C"
"gene_set_query"	"18"	"0.01282"	"ZNF385D"	"ZNF385D"	"8"	"299"	"1.162E-4"	"0.00906"	"5.949"	"Enrichr--Queries"	"PDE4B,EDIL3,ANKS1B,LPAR1,SPOCK3,SPOCK1,NCAM2,PCDH9"
"gene_set_query"	"19"	"0.01353"	"ZNF439"	"ZNF439"	"7"	"295"	"6.076E-4"	"0.0249"	"5.26"	"Enrichr--Queries"	"PDE4B,PLEKHG1,SYTL2,LPAR1,TSPAN2,PCDH9,SYT11"
"gene_set_query"	"20"	"0.01425"	"PRDM16"	"PRDM16"	"7"	"295"	"6.076E-4"	"0.0249"	"5.26"	"Enrichr--Queries"	"PDE4B,PLEKHG1,LIMCH1,MAPT,LPAR1,PCDH9,NFASC"
"gene_set_query"	"21"	"0.01496"	"TIGD4"	"TIGD4"	"7"	"295"	"6.076E-4"	"0.0249"	"5.26"	"Enrichr--Queries"	"PDE4B,PLS1,TMOD1,LIMCH1,LPAR1,TSPAN2,PLEKHH1"
"gene_set_query"	"22"	"0.01567"	"PROX1"	"PROX1"	"7"	"296"	"6.197E-4"	"0.0249"	"5.241"	"Enrichr--Queries"	"EDIL3,LIMCH1,RHOU,LPAR1,CLMN,PCDH9,NFASC"
"gene_set_query"	"23"	"0.01638"	"PRDM8"	"PRDM8"	"7"	"296"	"6.197E-4"	"0.0249"	"5.241"	"Enrichr--Queries"	"PDE4B,SYTL2,RHOU,SEMA7A,LPAR1,SPOCK1,TSPAN2"
"gene_set_query"	"24"	"0.01709"	"ZNF391"	"ZNF391"	"7"	"296"	"6.197E-4"	"0.0249"	"5.241"	"Enrichr--Queries"	"PDE4B,PLEKHG1,SYTL2,LPAR1,TSPAN2,PCDH9,TTLL7"
"gene_set_query"	"25"	"0.01781"	"ZNF300"	"ZNF300"	"7"	"296"	"6.197E-4"	"0.0249"	"5.241"	"Enrichr--Queries"	"PDE4B,SYTL2,RHOU,LPAR1,SPOCK1,PCDH9,SYT11"
"gene_set_query"	"26"	"0.01852"	"DPF3"	"DPF3"	"7"	"296"	"6.197E-4"	"0.0249"	"5.241"	"Enrichr--Queries"	"PDE4B,LIMCH1,MAPT,LPAR1,CLMN,SPOCK1,PCDH9"
"gene_set_query"	"27"	"0.01923"	"SIM2"	"SIM2"	"7"	"297"	"6.32E-4"	"0.0249"	"5.223"	"Enrichr--Queries"	"LIMCH1,RHOU,LPAR1,SPOCK1,APOD,EYA4,PPP2R2C"
"gene_set_query"	"28"	"0.01994"	"NPAS3"	"NPAS3"	"7"	"297"	"6.32E-4"	"0.0249"	"5.223"	"Enrichr--Queries"	"PDE4B,ANKS1B,LIMCH1,LPAR1,SPOCK1,PCDH9,EYA4"
"gene_set_query"	"29"	"0.02066"	"DMRTA1"	"DMRTA1"	"7"	"297"	"6.32E-4"	"0.0249"	"5.223"	"Enrichr--Queries"	"PDE4B,EDIL3,LIMCH1,SYTL2,LPAR1,SPOCK1,PCDH9"
"gene_set_query"	"30"	"0.02137"	"ZNF528"	"ZNF528"	"7"	"297"	"6.32E-4"	"0.0249"	"5.223"	"Enrichr--Queries"	"PDE4B,EDIL3,SYTL2,LPAR1,SPOCK1,PCDH9,SYT11"
"gene_set_query"	"31"	"0.02208"	"ZNF354C"	"ZNF354C"	"7"	"297"	"6.32E-4"	"0.0249"	"5.223"	"Enrichr--Queries"	"EDIL3,SYTL2,CLDN11,LPAR1,UGT8,SPOCK1,SYT11"
"gene_set_query"	"32"	"0.02279"	"CBLL2"	"CBLL2"	"7"	"298"	"6.445E-4"	"0.0249"	"5.205"	"Enrichr--Queries"	"ANO4,SLC24A2,LPAR1,NKAIN2,SPOCK1,HS3ST1,NFASC"
"gene_set_query"	"33"	"0.0235"	"ZNF491"	"ZNF491"	"7"	"298"	"6.445E-4"	"0.0249"	"5.205"	"Enrichr--Queries"	"PDE4B,SYTL2,MYRF,LPAR1,PCDH9,TTLL7,SYT11"
"gene_set_query"	"34"	"0.02422"	"ZNF540"	"ZNF540"	"7"	"298"	"6.445E-4"	"0.0249"	"5.205"	"Enrichr--Queries"	"FAM13C,ANKS1B,SYTL2,DNM3,MAPT,LPAR1,PCDH9"
"gene_set_query"	"35"	"0.02493"	"ZNF415"	"ZNF415"	"7"	"298"	"6.445E-4"	"0.0249"	"5.205"	"Enrichr--Queries"	"EDIL3,LIMCH1,SYTL2,LPAR1,MAP7,SPOCK1,PCDH9"
"gene_set_query"	"36"	"0.02564"	"DACH2"	"DACH2"	"7"	"299"	"6.571E-4"	"0.0249"	"5.187"	"Enrichr--Queries"	"EDIL3,ANKS1B,LPAR1,NKAIN2,SPOCK3,NCAM2,PCDH9"
"gene_set_query"	"37"	"0.02635"	"CPXCR1"	"CPXCR1"	"7"	"299"	"6.571E-4"	"0.0249"	"5.187"	"Enrichr--Queries"	"ARAP2,LPAR1,NKAIN2,SPOCK3,NCAM2,HS3ST1,PEX5L"
"gene_set_query"	"38"	"0.02707"	"ZNF667"	"ZNF667"	"6"	"293"	"0.002986"	"0.0617"	"4.524"	"Enrichr--Queries"	"PDE4B,LPAR1,UGT8,SPOCK1,PCDH9,SYT11"
"gene_set_query"	"39"	"0.02778"	"ALX1"	"ALX1"	"6"	"295"	"0.003086"	"0.0617"	"4.493"	"Enrichr--Queries"	"EDIL3,SOX10,LPAR1,SPOCK1,PCDH9,EYA4"
"gene_set_query"	"40"	"0.02849"	"TFAP2D"	"TFAP2D"	"6"	"295"	"0.003086"	"0.0617"	"4.493"	"Enrichr--Queries"	"GRM3,LPAR1,NKAIN2,SPOCK3,PCDH9,EYA4"
"gene_set_query"	"41"	"0.0292"	"PKNOX2"	"PKNOX2"	"6"	"295"	"0.003086"	"0.0617"	"4.493"	"Enrichr--Queries"	"PDE4B,LIMCH1,MAPT,LPAR1,SPOCK1,PCDH9"
"gene_set_query"	"42"	"0.02991"	"ZNF404"	"ZNF404"	"6"	"295"	"0.003086"	"0.0617"	"4.493"	"Enrichr--Queries"	"PDE4B,EDIL3,SYTL2,LPAR1,SPOCK1,PCDH9"
"gene_set_query"	"43"	"0.03063"	"SATB2"	"SATB2"	"6"	"295"	"0.003086"	"0.0617"	"4.493"	"Enrichr--Queries"	"PDE4B,LIMCH1,SYTL2,LPAR1,SPOCK1,PCDH9"
"gene_set_query"	"44"	"0.03134"	"ZNF704"	"ZNF704"	"6"	"295"	"0.003086"	"0.0617"	"4.493"	"Enrichr--Queries"	"PLEKHG1,LIMCH1,SYTL2,RHOU,LPAR1,CLMN"
"gene_set_query"	"45"	"0.03205"	"ZFP37"	"ZFP37"	"6"	"295"	"0.003086"	"0.0617"	"4.493"	"Enrichr--Queries"	"PDE4B,LIMCH1,ARAP2,LPAR1,PCDH9,TTLL7"
"gene_set_query"	"46"	"0.03276"	"ZNF618"	"ZNF618"	"6"	"295"	"0.003086"	"0.0617"	"4.493"	"Enrichr--Queries"	"PDE4B,LIMCH1,LPAR1,CLMN,SPOCK1,SLC12A2"
"gene_set_query"	"47"	"0.03348"	"ZNF382"	"ZNF382"	"6"	"295"	"0.003086"	"0.0617"	"4.493"	"Enrichr--Queries"	"PDE4B,PPP1R16B,SYTL2,LPAR1,TTLL7,SYT11"
"gene_set_query"	"48"	"0.03419"	"ZMAT4"	"ZMAT4"	"6"	"296"	"0.003137"	"0.0617"	"4.477"	"Enrichr--Queries"	"EDIL3,ANKS1B,LPAR1,SPOCK3,SPOCK1,PCDH9"
"gene_set_query"	"49"	"0.0349"	"ZNF214"	"ZNF214"	"6"	"296"	"0.003137"	"0.0617"	"4.477"	"Enrichr--Queries"	"FAM13C,PDE4B,ANKS1B,PLEKHG1,RHOU,LPAR1"
"gene_set_query"	"50"	"0.03561"	"ZNF711"	"ZNF711"	"6"	"296"	"0.003137"	"0.0617"	"4.477"	"Enrichr--Queries"	"EDIL3,LIMCH1,SYTL2,LPAR1,SLAIN1,PCDH9"
"gene_set_query"	"51"	"0.03632"	"TCF23"	"TCF23"	"6"	"296"	"0.003137"	"0.0617"	"4.477"	"Enrichr--Queries"	"ADAMTS4,PLLP,GPD1,SEMA7A,LPAR1,HS3ST1"
"gene_set_query"	"52"	"0.03704"	"NEUROD1"	"NEUROD1"	"6"	"296"	"0.003137"	"0.0617"	"4.477"	"Enrichr--Queries"	"APLP1,MAPT,SLC24A2,LPAR1,SPOCK1,NFASC"
"gene_set_query"	"53"	"0.03775"	"ZNF649"	"ZNF649"	"6"	"296"	"0.003137"	"0.0617"	"4.477"	"Enrichr--Queries"	"PDE4B,RHOU,SLAIN1,UGT8,MAP7,SYT11"
"gene_set_query"	"54"	"0.03846"	"FOXP2"	"FOXP2"	"6"	"296"	"0.003137"	"0.0617"	"4.477"	"Enrichr--Queries"	"EDIL3,ANKS1B,LIMCH1,LPAR1,PCDH9,EYA4"
"gene_set_query"	"55"	"0.03917"	"CUX2"	"CUX2"	"6"	"297"	"0.003189"	"0.0617"	"4.462"	"Enrichr--Queries"	"ANKS1B,PPP1R16B,MAPT,LPAR1,SPOCK1,NFASC"
"gene_set_query"	"56"	"0.03989"	"ZNF471"	"ZNF471"	"6"	"297"	"0.003189"	"0.0617"	"4.462"	"Enrichr--Queries"	"FAM13C,PDE4B,EDIL3,SYTL2,LPAR1,PCDH9"
"gene_set_query"	"57"	"0.0406"	"ZNF568"	"ZNF568"	"6"	"297"	"0.003189"	"0.0617"	"4.462"	"Enrichr--Queries"	"PDE4B,ANKS1B,SYTL2,LPAR1,PCDH9,NFASC"
"gene_set_query"	"58"	"0.04131"	"ZNF660"	"ZNF660"	"6"	"297"	"0.003189"	"0.0617"	"4.462"	"Enrichr--Queries"	"PPP1R16B,LPAR1,CLMN,TTLL7,NFASC,SYT11"
"gene_set_query"	"59"	"0.04202"	"SOX5"	"SOX5"	"6"	"297"	"0.003189"	"0.0617"	"4.462"	"Enrichr--Queries"	"PDE4B,EDIL3,ANKS1B,LIMCH1,LPAR1,PCDH9"
"gene_set_query"	"60"	"0.04274"	"FOXN4"	"FOXN4"	"6"	"297"	"0.003189"	"0.0617"	"4.462"	"Enrichr--Queries"	"RHOU,MAPT,LPAR1,NKAIN1,NFASC,PPP2R2C"
"gene_set_query"	"61"	"0.04345"	"FOXO6"	"FOXO6"	"6"	"297"	"0.003189"	"0.0617"	"4.462"	"Enrichr--Queries"	"LIMCH1,RHOU,MAPT,LPAR1,SPOCK1,PPP2R2C"
"gene_set_query"	"62"	"0.04416"	"POU3F4"	"POU3F4"	"6"	"297"	"0.003189"	"0.0617"	"4.462"	"Enrichr--Queries"	"GRM3,EDIL3,ANKS1B,LPAR1,SPOCK3,PLP1"
"gene_set_query"	"63"	"0.04487"	"ESRRG"	"ESRRG"	"6"	"298"	"0.003241"	"0.0617"	"4.446"	"Enrichr--Queries"	"PDE4B,ANKS1B,LIMCH1,DNM3,LPAR1,PCDH9"
"gene_set_query"	"64"	"0.04558"	"ZMAT1"	"ZMAT1"	"6"	"298"	"0.003241"	"0.0617"	"4.446"	"Enrichr--Queries"	"PLEKHB1,PDE4B,ARAP2,SYTL2,LPAR1,CLMN"
"gene_set_query"	"65"	"0.0463"	"ZNF774"	"ZNF774"	"6"	"298"	"0.003241"	"0.0617"	"4.446"	"Enrichr--Queries"	"PDE4B,SAMD12,LIMCH1,RHOU,MAPT,LPAR1"
"gene_set_query"	"66"	"0.04701"	"ZNF804A"	"ZNF804A"	"6"	"298"	"0.003241"	"0.0617"	"4.446"	"Enrichr--Queries"	"PDE4B,EDIL3,GPR37,LPAR1,SPOCK1,PCDH9"
"gene_set_query"	"67"	"0.04772"	"ZNF596"	"ZNF596"	"6"	"298"	"0.003241"	"0.0617"	"4.446"	"Enrichr--Queries"	"PDE4B,PLEKHG1,SYTL2,RHOU,LPAR1,PCDH9"
"gene_set_query"	"68"	"0.04843"	"PROX2"	"PROX2"	"6"	"298"	"0.003241"	"0.0617"	"4.446"	"Enrichr--Queries"	"PLEKHB1,SAMD12,ANKS1B,LPAR1,CLMN,NCAM2"
"gene_set_query"	"69"	"0.04915"	"ZNF429"	"ZNF429"	"6"	"298"	"0.003241"	"0.0617"	"4.446"	"Enrichr--Queries"	"EDIL3,RHOU,LPAR1,CLMN,TSPAN2,TTLL7"
"gene_set_query"	"70"	"0.04986"	"ZNF677"	"ZNF677"	"6"	"298"	"0.003241"	"0.0617"	"4.446"	"Enrichr--Queries"	"PDE4B,LIMCH1,CLDN11,LPAR1,TSPAN2,PCDH9"
"gene_set_query"	"71"	"0.05057"	"ZNF648"	"ZNF648"	"6"	"298"	"0.003241"	"0.0617"	"4.446"	"Enrichr--Queries"	"PDE4B,ANKS1B,RHOU,LPAR1,NKAIN1,NFASC"
"gene_set_query"	"72"	"0.05128"	"ZNF454"	"ZNF454"	"6"	"299"	"0.003294"	"0.0617"	"4.431"	"Enrichr--Queries"	"CLDN11,KCNA1,LPAR1,SPOCK1,TSPAN2,NCAM2"
"gene_set_query"	"73"	"0.05199"	"POU6F2"	"POU6F2"	"6"	"299"	"0.003294"	"0.0617"	"4.431"	"Enrichr--Queries"	"ANKS1B,LPAR1,NKAIN2,SPOCK1,NCAM2,PCDH9"
"gene_set_query"	"74"	"0.05271"	"ZNF546"	"ZNF546"	"6"	"299"	"0.003294"	"0.0617"	"4.431"	"Enrichr--Queries"	"LIMCH1,SYTL2,LPAR1,PCDH9,SYT11,TMEM117"
"gene_set_query"	"75"	"0.05342"	"MYT1"	"MYT1"	"6"	"299"	"0.003294"	"0.0617"	"4.431"	"Enrichr--Queries"	"STMN4,ANKS1B,APLP1,MAPT,LPAR1,NFASC"
"gene_set_query"	"76"	"0.05413"	"ZNF311"	"ZNF311"	"5"	"287"	"0.01227"	"0.183"	"3.837"	"Enrichr--Queries"	"PDE4B,SYTL2,LPAR1,SPOCK1,PCDH9"
"gene_set_query"	"77"	"0.05484"	"POU3F1"	"POU3F1"	"5"	"294"	"0.01348"	"0.183"	"3.744"	"Enrichr--Queries"	"PDE4B,PPP1R16B,LPAR1,SPOCK1,PPP2R2C"
"gene_set_query"	"78"	"0.05556"	"ZNF43"	"ZNF43"	"5"	"294"	"0.01348"	"0.183"	"3.744"	"Enrichr--Queries"	"PDE4B,EDIL3,SYTL2,LPAR1,SLC12A2"
"gene_set_query"	"79"	"0.05627"	"NR3C2"	"NR3C2"	"5"	"295"	"0.01365"	"0.183"	"3.731"	"Enrichr--Queries"	"PDE4B,LIMCH1,SYTL2,LPAR1,PCDH9"
"gene_set_query"	"80"	"0.05698"	"THRB"	"THRB"	"5"	"295"	"0.01365"	"0.183"	"3.731"	"Enrichr--Queries"	"EDIL3,LIMCH1,LPAR1,SPOCK1,PCDH9"
"gene_set_query"	"81"	"0.05769"	"ZNF626"	"ZNF626"	"5"	"295"	"0.01365"	"0.183"	"3.731"	"Enrichr--Queries"	"PDE4B,EDIL3,SYTL2,LPAR1,SYT11"
"gene_set_query"	"82"	"0.0584"	"ZNF624"	"ZNF624"	"5"	"295"	"0.01365"	"0.183"	"3.731"	"Enrichr--Queries"	"PDE4B,PLEKHG1,RHOU,LPAR1,PCDH9"
"gene_set_query"	"83"	"0.05912"	"ATOH7"	"ATOH7"	"5"	"295"	"0.01365"	"0.183"	"3.731"	"Enrichr--Queries"	"CLDN11,KCNA1,LPAR1,TSPAN2,NFASC"
"gene_set_query"	"84"	"0.05983"	"ZIC1"	"ZIC1"	"5"	"295"	"0.01365"	"0.183"	"3.731"	"Enrichr--Queries"	"PTGDS,CLDN11,LPAR1,SPOCK1,APOD"
"gene_set_query"	"85"	"0.06054"	"ZFPM2"	"ZFPM2"	"5"	"295"	"0.01365"	"0.183"	"3.731"	"Enrichr--Queries"	"PDE4B,EDIL3,LPAR1,SPOCK1,PCDH9"
"gene_set_query"	"86"	"0.06125"	"DACH1"	"DACH1"	"5"	"295"	"0.01365"	"0.183"	"3.731"	"Enrichr--Queries"	"PDE4B,EDIL3,LPAR1,TSPAN2,PCDH9"
"gene_set_query"	"87"	"0.06197"	"OVOL2"	"OVOL2"	"5"	"296"	"0.01384"	"0.183"	"3.718"	"Enrichr--Queries"	"PLS1,RHOU,LPAR1,MAP7,FA2H"
"gene_set_query"	"88"	"0.06268"	"PGR"	"PGR"	"5"	"296"	"0.01384"	"0.183"	"3.718"	"Enrichr--Queries"	"SYTL2,MAPT,LPAR1,NCAM2,PCDH9"
"gene_set_query"	"89"	"0.06339"	"MKX"	"MKX"	"5"	"296"	"0.01384"	"0.183"	"3.718"	"Enrichr--Queries"	"EDIL3,LIMCH1,SYTL2,LPAR1,EYA4"
"gene_set_query"	"90"	"0.0641"	"ZFHX4"	"ZFHX4"	"5"	"296"	"0.01384"	"0.183"	"3.718"	"Enrichr--Queries"	"EDIL3,LIMCH1,LPAR1,PCDH9,EYA4"
"gene_set_query"	"91"	"0.06481"	"TBX10"	"TBX10"	"5"	"296"	"0.01384"	"0.183"	"3.718"	"Enrichr--Queries"	"PLEKHB1,BCAS1,RHOU,LPAR1,NKAIN1"
"gene_set_query"	"92"	"0.06553"	"BACH2"	"BACH2"	"5"	"296"	"0.01384"	"0.183"	"3.718"	"Enrichr--Queries"	"PDE4B,PPP1R16B,PLEKHG1,LPAR1,PCDH9"
"gene_set_query"	"93"	"0.06624"	"ZFP2"	"ZFP2"	"5"	"296"	"0.01384"	"0.183"	"3.718"	"Enrichr--Queries"	"LIMCH1,SYTL2,MAPT,LPAR1,TSPAN2"
"gene_set_query"	"94"	"0.06695"	"ZNF532"	"ZNF532"	"5"	"296"	"0.01384"	"0.183"	"3.718"	"Enrichr--Queries"	"PDE4B,LIMCH1,SYTL2,LPAR1,SPOCK1"
"gene_set_query"	"95"	"0.06766"	"RXRG"	"RXRG"	"5"	"296"	"0.01384"	"0.183"	"3.718"	"Enrichr--Queries"	"PDE4B,GPD1,LPAR1,APOD,PLP1"
"gene_set_query"	"96"	"0.06838"	"HNF1A"	"HNF1A"	"5"	"297"	"0.01402"	"0.183"	"3.705"	"Enrichr--Queries"	"GPD1,MAPT,MYRF,LPAR1,GJB1"
"gene_set_query"	"97"	"0.06909"	"ZNF577"	"ZNF577"	"5"	"297"	"0.01402"	"0.183"	"3.705"	"Enrichr--Queries"	"PDE4B,SYTL2,LPAR1,SLAIN1,PLEKHH1"
"gene_set_query"	"98"	"0.0698"	"DZIP1"	"DZIP1"	"5"	"297"	"0.01402"	"0.183"	"3.705"	"Enrichr--Queries"	"EDIL3,LIMCH1,SYTL2,LPAR1,SYT11"
"gene_set_query"	"99"	"0.07051"	"ZNF658"	"ZNF658"	"5"	"297"	"0.01402"	"0.183"	"3.705"	"Enrichr--Queries"	"EDIL3,SYTL2,RHOU,LPAR1,KLK6"
"gene_set_query"	"100"	"0.07123"	"ZNF713"	"ZNF713"	"5"	"297"	"0.01402"	"0.183"	"3.705"	"Enrichr--Queries"	"PDE4B,PLEKHG1,LPAR1,PCDH9,SYT11"
"gene_set_query"	"101"	"0.07194"	"ETV1"	"ETV1"	"5"	"297"	"0.01402"	"0.183"	"3.705"	"Enrichr--Queries"	"PDE4B,EDIL3,LIMCH1,LPAR1,SPOCK1"
"gene_set_query"	"102"	"0.07265"	"SOX6"	"SOX6"	"5"	"297"	"0.01402"	"0.183"	"3.705"	"Enrichr--Queries"	"PDE4B,LIMCH1,LPAR1,PCDH9,EYA4"
"gene_set_query"	"103"	"0.07336"	"ZNF396"	"ZNF396"	"5"	"297"	"0.01402"	"0.183"	"3.705"	"Enrichr--Queries"	"PLEKHB1,PDE4B,SYTL2,RHOU,LPAR1"
"gene_set_query"	"104"	"0.07407"	"ZNF135"	"ZNF135"	"5"	"298"	"0.0142"	"0.183"	"3.693"	"Enrichr--Queries"	"PDE4B,LIMCH1,LPAR1,SPOCK1,PCDH9"
"gene_set_query"	"105"	"0.07479"	"ZNF385B"	"ZNF385B"	"5"	"298"	"0.0142"	"0.183"	"3.693"	"Enrichr--Queries"	"PDE4B,ANKS1B,LPAR1,SPOCK1,PCDH9"
"gene_set_query"	"106"	"0.0755"	"CAMTA1"	"CAMTA1"	"5"	"298"	"0.0142"	"0.183"	"3.693"	"Enrichr--Queries"	"PDE4B,ANKS1B,MAPT,LPAR1,NFASC"
"gene_set_query"	"107"	"0.07621"	"ARGFX"	"ARGFX"	"5"	"298"	"0.0142"	"0.183"	"3.693"	"Enrichr--Queries"	"SAMD12,ANO4,MYRF,LPAR1,NFASC"
"gene_set_query"	"108"	"0.07692"	"ZNF132"	"ZNF132"	"5"	"298"	"0.0142"	"0.183"	"3.693"	"Enrichr--Queries"	"PLEKHG1,CLDN11,LPAR1,SPOCK1,PCDH9"
"gene_set_query"	"109"	"0.07764"	"ZSCAN1"	"ZSCAN1"	"5"	"298"	"0.0142"	"0.183"	"3.693"	"Enrichr--Queries"	"KNDC1,ANKS1B,KCNA1,LPAR1,TUBB4A"
"gene_set_query"	"110"	"0.07835"	"ZKSCAN2"	"ZKSCAN2"	"5"	"299"	"0.01439"	"0.184"	"3.68"	"Enrichr--Queries"	"ANKS1B,SLC24A2,LPAR1,PCDH9,NFASC"
"gene_set_query"	"111"	"0.07906"	"ZNF683"	"ZNF683"	"4"	"289"	"0.04843"	"0.361"	"3.037"	"Enrichr--Queries"	"PTGDS,PPP1R16B,SYTL2,S1PR5"
"gene_set_query"	"112"	"0.07977"	"ZNF831"	"ZNF831"	"4"	"292"	"0.04994"	"0.361"	"3.005"	"Enrichr--Queries"	"PPP1R16B,SYTL2,S1PR5,SYT11"
"gene_set_query"	"113"	"0.08048"	"ZIC4"	"ZIC4"	"4"	"293"	"0.05044"	"0.361"	"2.995"	"Enrichr--Queries"	"CLDN11,LPAR1,SPOCK1,EYA4"
"gene_set_query"	"114"	"0.0812"	"TIGD7"	"TIGD7"	"4"	"293"	"0.05044"	"0.361"	"2.995"	"Enrichr--Queries"	"SYTL2,RHOU,LPAR1,SYT11"
"gene_set_query"	"115"	"0.08191"	"ASCL1"	"ASCL1"	"4"	"294"	"0.05095"	"0.361"	"2.985"	"Enrichr--Queries"	"MAPT,LPAR1,SPOCK1,PCDH9"
"gene_set_query"	"116"	"0.08262"	"SHOX2"	"SHOX2"	"4"	"294"	"0.05095"	"0.361"	"2.985"	"Enrichr--Queries"	"EDIL3,LPAR1,SPOCK1,EYA4"
"gene_set_query"	"117"	"0.08333"	"RARB"	"RARB"	"4"	"294"	"0.05095"	"0.361"	"2.985"	"Enrichr--Queries"	"PDE4B,LIMCH1,LPAR1,PCDH9"
"gene_set_query"	"118"	"0.08405"	"HOXD1"	"HOXD1"	"4"	"294"	"0.05095"	"0.361"	"2.985"	"Enrichr--Queries"	"CLDN11,LPAR1,SPOCK1,EYA4"
"gene_set_query"	"119"	"0.08476"	"TSHZ3"	"TSHZ3"	"4"	"294"	"0.05095"	"0.361"	"2.985"	"Enrichr--Queries"	"EDIL3,LPAR1,SPOCK1,PCDH9"
"gene_set_query"	"120"	"0.08547"	"PRDM5"	"PRDM5"	"4"	"294"	"0.05095"	"0.361"	"2.985"	"Enrichr--Queries"	"EDIL3,SYTL2,LPAR1,EYA4"
"gene_set_query"	"121"	"0.08618"	"MEIS1"	"MEIS1"	"4"	"295"	"0.05147"	"0.361"	"2.974"	"Enrichr--Queries"	"PDE4B,LIMCH1,LPAR1,PCDH9"
"gene_set_query"	"122"	"0.08689"	"TBX22"	"TBX22"	"4"	"295"	"0.05147"	"0.361"	"2.974"	"Enrichr--Queries"	"ERMN,LPAR1,APOD,EYA4"
"gene_set_query"	"123"	"0.08761"	"AR"	"AR"	"4"	"295"	"0.05147"	"0.361"	"2.974"	"Enrichr--Queries"	"EDIL3,LIMCH1,LPAR1,APOD"
"gene_set_query"	"124"	"0.08832"	"HOXC13"	"HOXC13"	"4"	"295"	"0.05147"	"0.361"	"2.974"	"Enrichr--Queries"	"LIMCH1,LPAR1,APOD,PPP2R2C"
"gene_set_query"	"125"	"0.08903"	"ZNF418"	"ZNF418"	"4"	"295"	"0.05147"	"0.361"	"2.974"	"Enrichr--Queries"	"SYTL2,LPAR1,PLEKHH1,PCDH9"
"gene_set_query"	"126"	"0.08974"	"SIM1"	"SIM1"	"4"	"295"	"0.05147"	"0.361"	"2.974"	"Enrichr--Queries"	"EDIL3,LPAR1,PCDH9,EYA4"
"gene_set_query"	"127"	"0.09046"	"ZBTB16"	"ZBTB16"	"4"	"295"	"0.05147"	"0.361"	"2.974"	"Enrichr--Queries"	"PTGDS,RHOU,LPAR1,APOD"
"gene_set_query"	"128"	"0.09117"	"POU3F2"	"POU3F2"	"4"	"295"	"0.05147"	"0.361"	"2.974"	"Enrichr--Queries"	"MAPT,LPAR1,SPOCK1,PCDH9"
"gene_set_query"	"129"	"0.09188"	"TBX18"	"TBX18"	"4"	"295"	"0.05147"	"0.361"	"2.974"	"Enrichr--Queries"	"EDIL3,LPAR1,PCDH9,EYA4"
"gene_set_query"	"130"	"0.09259"	"PRDM13"	"PRDM13"	"4"	"295"	"0.05147"	"0.361"	"2.974"	"Enrichr--Queries"	"LPAR1,SPOCK1,EYA4,PPP2R2C"
"gene_set_query"	"131"	"0.0933"	"ZNF177"	"ZNF177"	"4"	"295"	"0.05147"	"0.361"	"2.974"	"Enrichr--Queries"	"LIMCH1,LPAR1,SPOCK1,PCDH9"
"gene_set_query"	"132"	"0.09402"	"EBF1"	"EBF1"	"4"	"295"	"0.05147"	"0.361"	"2.974"	"Enrichr--Queries"	"PDE4B,LIMCH1,LPAR1,PCDH9"
"gene_set_query"	"133"	"0.09473"	"SALL3"	"SALL3"	"4"	"295"	"0.05147"	"0.361"	"2.974"	"Enrichr--Queries"	"ANKS1B,LPAR1,SPOCK1,WSCD1"
"gene_set_query"	"134"	"0.09544"	"ISL1"	"ISL1"	"4"	"296"	"0.05198"	"0.361"	"2.964"	"Enrichr--Queries"	"LIMCH1,LPAR1,SPOCK1,EYA4"
"gene_set_query"	"135"	"0.09615"	"NHLH2"	"NHLH2"	"4"	"296"	"0.05198"	"0.361"	"2.964"	"Enrichr--Queries"	"MAPT,LPAR1,SPOCK1,NFASC"
"gene_set_query"	"136"	"0.09687"	"ZNF583"	"ZNF583"	"4"	"296"	"0.05198"	"0.361"	"2.964"	"Enrichr--Queries"	"PDE4B,SYTL2,LPAR1,PCDH9"
"gene_set_query"	"137"	"0.09758"	"FOXG1"	"FOXG1"	"4"	"296"	"0.05198"	"0.361"	"2.964"	"Enrichr--Queries"	"ANKS1B,LPAR1,SPOCK1,PCDH9"
"gene_set_query"	"138"	"0.09829"	"HLF"	"HLF"	"4"	"296"	"0.05198"	"0.361"	"2.964"	"Enrichr--Queries"	"PPP1R16B,LIMCH1,LPAR1,TSPAN2"
"gene_set_query"	"139"	"0.099"	"ZNF556"	"ZNF556"	"4"	"296"	"0.05198"	"0.361"	"2.964"	"Enrichr--Queries"	"PPP1R16B,MAP7,PCDH9,HS3ST1"
"gene_set_query"	"140"	"0.09972"	"ZNF827"	"ZNF827"	"4"	"296"	"0.05198"	"0.361"	"2.964"	"Enrichr--Queries"	"PDE4B,LIMCH1,SYTL2,LPAR1"
"gene_set_query"	"141"	"0.1004"	"ZNF799"	"ZNF799"	"4"	"296"	"0.05198"	"0.361"	"2.964"	"Enrichr--Queries"	"LIMCH1,SYTL2,RHOU,LPAR1"
"gene_set_query"	"142"	"0.1011"	"LMX1A"	"LMX1A"	"4"	"296"	"0.05198"	"0.361"	"2.964"	"Enrichr--Queries"	"LPAR1,SPOCK1,EYA4,NFASC"
"gene_set_query"	"143"	"0.1019"	"TP73"	"TP73"	"4"	"296"	"0.05198"	"0.361"	"2.964"	"Enrichr--Queries"	"MAPT,LPAR1,NFASC,PPP2R2C"
"gene_set_query"	"144"	"0.1026"	"ZNF502"	"ZNF502"	"4"	"296"	"0.05198"	"0.361"	"2.964"	"Enrichr--Queries"	"PDE4B,SYTL2,CLDN11,LPAR1"
"gene_set_query"	"145"	"0.1033"	"NR2F1"	"NR2F1"	"4"	"296"	"0.05198"	"0.361"	"2.964"	"Enrichr--Queries"	"LIMCH1,LPAR1,SPOCK1,PCDH9"
"gene_set_query"	"146"	"0.104"	"ZBTB47"	"ZBTB47"	"4"	"296"	"0.05198"	"0.361"	"2.964"	"Enrichr--Queries"	"LIMCH1,MYRF,LPAR1,SPOCK1"
"gene_set_query"	"147"	"0.1047"	"ELF5"	"ELF5"	"4"	"296"	"0.05198"	"0.361"	"2.964"	"Enrichr--Queries"	"BCAS1,LIMCH1,KLK6,APOD"
"gene_set_query"	"148"	"0.1054"	"ZNF248"	"ZNF248"	"4"	"296"	"0.05198"	"0.361"	"2.964"	"Enrichr--Queries"	"PDE4B,DNM3,LPAR1,PCDH9"
"gene_set_query"	"149"	"0.1061"	"ATOH8"	"ATOH8"	"4"	"296"	"0.05198"	"0.361"	"2.964"	"Enrichr--Queries"	"PDE4B,LIMCH1,RHOU,LPAR1"
"gene_set_query"	"150"	"0.1068"	"DLX1"	"DLX1"	"4"	"296"	"0.05198"	"0.361"	"2.964"	"Enrichr--Queries"	"SYTL2,LPAR1,SPOCK1,PCDH9"
"gene_set_query"	"151"	"0.1075"	"TFCP2L1"	"TFCP2L1"	"4"	"296"	"0.05198"	"0.361"	"2.964"	"Enrichr--Queries"	"PLLP,LPAR1,CLMN,PLEKHH1"
"gene_set_query"	"152"	"0.1083"	"EBF3"	"EBF3"	"4"	"296"	"0.05198"	"0.361"	"2.964"	"Enrichr--Queries"	"CLDN11,LPAR1,SPOCK1,PCDH9"
"gene_set_query"	"153"	"0.109"	"SIX2"	"SIX2"	"4"	"296"	"0.05198"	"0.361"	"2.964"	"Enrichr--Queries"	"LIMCH1,LPAR1,SPOCK1,EYA4"
"gene_set_query"	"154"	"0.1097"	"KLF15"	"KLF15"	"4"	"296"	"0.05198"	"0.361"	"2.964"	"Enrichr--Queries"	"GPD1,RHOU,LPAR1,APOD"
"gene_set_query"	"155"	"0.1104"	"LHX4"	"LHX4"	"4"	"296"	"0.05198"	"0.361"	"2.964"	"Enrichr--Queries"	"ANKS1B,DNM3,LPAR1,NFASC"
"gene_set_query"	"156"	"0.1111"	"ESR1"	"ESR1"	"4"	"296"	"0.05198"	"0.361"	"2.964"	"Enrichr--Queries"	"PDE4B,SYTL2,MAPT,LPAR1"
"gene_set_query"	"157"	"0.1118"	"TSHZ2"	"TSHZ2"	"4"	"296"	"0.05198"	"0.361"	"2.964"	"Enrichr--Queries"	"PLEKHG1,LIMCH1,LPAR1,PCDH9"
"gene_set_query"	"158"	"0.1125"	"NEUROD2"	"NEUROD2"	"4"	"296"	"0.05198"	"0.361"	"2.964"	"Enrichr--Queries"	"MAPT,KCNA1,LPAR1,SPOCK1"
"gene_set_query"	"159"	"0.1132"	"HNF4A"	"HNF4A"	"4"	"297"	"0.0525"	"0.361"	"2.954"	"Enrichr--Queries"	"GPD1,MYRF,LPAR1,GJB1"
"gene_set_query"	"160"	"0.114"	"NEUROD6"	"NEUROD6"	"4"	"297"	"0.0525"	"0.361"	"2.954"	"Enrichr--Queries"	"GRM3,SLC24A2,LPAR1,SPOCK1"
"gene_set_query"	"161"	"0.1147"	"NPAS4"	"NPAS4"	"4"	"297"	"0.0525"	"0.361"	"2.954"	"Enrichr--Queries"	"CLDN11,SEMA7A,LPAR1,TSPAN2"
"gene_set_query"	"162"	"0.1154"	"EOMES"	"EOMES"	"4"	"297"	"0.0525"	"0.361"	"2.954"	"Enrichr--Queries"	"SYTL2,RHOU,LPAR1,S1PR5"
"gene_set_query"	"163"	"0.1161"	"ZNF835"	"ZNF835"	"4"	"297"	"0.0525"	"0.361"	"2.954"	"Enrichr--Queries"	"ANKS1B,LPAR1,MAP7,PCDH9"
"gene_set_query"	"164"	"0.1168"	"ZNF287"	"ZNF287"	"4"	"297"	"0.0525"	"0.361"	"2.954"	"Enrichr--Queries"	"PLEKHB1,SYTL2,LPAR1,TSPAN2"
"gene_set_query"	"165"	"0.1175"	"HNF4G"	"HNF4G"	"4"	"297"	"0.0525"	"0.361"	"2.954"	"Enrichr--Queries"	"EDIL3,PLS1,GPR37,LPAR1"
"gene_set_query"	"166"	"0.1182"	"ZNF438"	"ZNF438"	"4"	"297"	"0.0525"	"0.361"	"2.954"	"Enrichr--Queries"	"PDE4B,SYTL2,RHOU,LPAR1"
"gene_set_query"	"167"	"0.1189"	"ZNF251"	"ZNF251"	"4"	"297"	"0.0525"	"0.361"	"2.954"	"Enrichr--Queries"	"PLEKHB1,SYTL2,LPAR1,SPOCK1"
"gene_set_query"	"168"	"0.1197"	"DBX2"	"DBX2"	"4"	"297"	"0.0525"	"0.361"	"2.954"	"Enrichr--Queries"	"CLDN11,LPAR1,WSCD1,PPP2R2C"
"gene_set_query"	"169"	"0.1204"	"ASCL3"	"ASCL3"	"4"	"297"	"0.0525"	"0.361"	"2.954"	"Enrichr--Queries"	"NINJ2,GPD1,LPAR1,APOD"
"gene_set_query"	"170"	"0.1211"	"CREB3L4"	"CREB3L4"	"4"	"297"	"0.0525"	"0.361"	"2.954"	"Enrichr--Queries"	"BCAS1,SYTL2,RHOU,APOD"
"gene_set_query"	"171"	"0.1218"	"EGR3"	"EGR3"	"4"	"297"	"0.0525"	"0.361"	"2.954"	"Enrichr--Queries"	"PDE4B,SEMA7A,LPAR1,APOD"
"gene_set_query"	"172"	"0.1225"	"ZNF470"	"ZNF470"	"4"	"297"	"0.0525"	"0.361"	"2.954"	"Enrichr--Queries"	"PDE4B,SYTL2,LPAR1,PCDH9"
"gene_set_query"	"173"	"0.1232"	"PAX4"	"PAX4"	"4"	"297"	"0.0525"	"0.361"	"2.954"	"Enrichr--Queries"	"FAM13C,ERMN,GPD1,KCNA1"
"gene_set_query"	"174"	"0.1239"	"SPDEF"	"SPDEF"	"4"	"297"	"0.0525"	"0.361"	"2.954"	"Enrichr--Queries"	"BCAS1,PLS1,SYTL2,MAP7"
"gene_set_query"	"175"	"0.1246"	"SOHLH2"	"SOHLH2"	"4"	"297"	"0.0525"	"0.361"	"2.954"	"Enrichr--Queries"	"PDE4B,LPAR1,SPOCK1,PPP2R2C"
"gene_set_query"	"176"	"0.1254"	"ZNF114"	"ZNF114"	"4"	"297"	"0.0525"	"0.361"	"2.954"	"Enrichr--Queries"	"PLEKHG1,LIMCH1,LPAR1,SPOCK1"
"gene_set_query"	"177"	"0.1261"	"ZNF705D"	"ZNF705D"	"4"	"297"	"0.0525"	"0.361"	"2.954"	"Enrichr--Queries"	"ANKS1B,LPAR1,NKAIN2,PCDH9"
"gene_set_query"	"178"	"0.1268"	"ZNF676"	"ZNF676"	"4"	"297"	"0.0525"	"0.361"	"2.954"	"Enrichr--Queries"	"EDIL3,LPAR1,NCAM2,PCDH9"
"gene_set_query"	"179"	"0.1275"	"KLF12"	"KLF12"	"4"	"297"	"0.0525"	"0.361"	"2.954"	"Enrichr--Queries"	"PDE4B,LIMCH1,LPAR1,PCDH9"
"gene_set_query"	"180"	"0.1282"	"SCRT2"	"SCRT2"	"4"	"297"	"0.0525"	"0.361"	"2.954"	"Enrichr--Queries"	"PPP1R16B,MAPT,LPAR1,NFASC"
"gene_set_query"	"181"	"0.1289"	"ZNF233"	"ZNF233"	"4"	"297"	"0.0525"	"0.361"	"2.954"	"Enrichr--Queries"	"PDE4B,RHOU,MAPT,LPAR1"
"gene_set_query"	"182"	"0.1296"	"MEIS3"	"MEIS3"	"4"	"297"	"0.0525"	"0.361"	"2.954"	"Enrichr--Queries"	"APLP1,LPAR1,SPOCK1,SYT11"
"gene_set_query"	"183"	"0.1303"	"RORC"	"RORC"	"4"	"297"	"0.0525"	"0.361"	"2.954"	"Enrichr--Queries"	"PLEKHB1,PTGDS,GPD1,RHOU"
"gene_set_query"	"184"	"0.1311"	"ZNF671"	"ZNF671"	"4"	"297"	"0.0525"	"0.361"	"2.954"	"Enrichr--Queries"	"PDE4B,SYTL2,LPAR1,PCDH9"
"gene_set_query"	"185"	"0.1318"	"SETBP1"	"SETBP1"	"4"	"298"	"0.05302"	"0.361"	"2.944"	"Enrichr--Queries"	"PDE4B,LIMCH1,LPAR1,PCDH9"
"gene_set_query"	"186"	"0.1325"	"HSF4"	"HSF4"	"4"	"298"	"0.05302"	"0.361"	"2.944"	"Enrichr--Queries"	"PTGDS,MAPT,LPAR1,FA2H"
"gene_set_query"	"187"	"0.1332"	"HDX"	"HDX"	"4"	"298"	"0.05302"	"0.361"	"2.944"	"Enrichr--Queries"	"PDE4B,LPAR1,PCDH9,TTLL7"
"gene_set_query"	"188"	"0.1339"	"ZBTB46"	"ZBTB46"	"4"	"298"	"0.05302"	"0.361"	"2.944"	"Enrichr--Queries"	"PPP1R16B,LIMCH1,SEMA7A,LPAR1"
"gene_set_query"	"189"	"0.1346"	"INSM2"	"INSM2"	"4"	"298"	"0.05302"	"0.361"	"2.944"	"Enrichr--Queries"	"ANKS1B,MAPT,LPAR1,SPOCK1"
"gene_set_query"	"190"	"0.1353"	"ZNF154"	"ZNF154"	"4"	"298"	"0.05302"	"0.361"	"2.944"	"Enrichr--Queries"	"PDE4B,CLDN11,LPAR1,PCDH9"
"gene_set_query"	"191"	"0.136"	"ZNF208"	"ZNF208"	"4"	"298"	"0.05302"	"0.361"	"2.944"	"Enrichr--Queries"	"EDIL3,SYTL2,LPAR1,UGT8"
"gene_set_query"	"192"	"0.1368"	"ZNF157"	"ZNF157"	"4"	"298"	"0.05302"	"0.361"	"2.944"	"Enrichr--Queries"	"ANKS1B,LPAR1,NKAIN1,PLP1"
"gene_set_query"	"193"	"0.1375"	"SEBOX"	"SEBOX"	"4"	"298"	"0.05302"	"0.361"	"2.944"	"Enrichr--Queries"	"PTGDS,PLS1,GPD1,LPAR1"
"gene_set_query"	"194"	"0.1382"	"TFAP2E"	"TFAP2E"	"4"	"298"	"0.05302"	"0.361"	"2.944"	"Enrichr--Queries"	"PDE4B,PTGDS,LPAR1,FA2H"
"gene_set_query"	"195"	"0.1389"	"ZNF70"	"ZNF70"	"4"	"298"	"0.05302"	"0.361"	"2.944"	"Enrichr--Queries"	"RHOU,LPAR1,PCDH9,SYT11"
"gene_set_query"	"196"	"0.1396"	"ZNF763"	"ZNF763"	"4"	"298"	"0.05302"	"0.361"	"2.944"	"Enrichr--Queries"	"SYTL2,RHOU,LPAR1,PCDH9"
"gene_set_query"	"197"	"0.1403"	"FOXA3"	"FOXA3"	"4"	"298"	"0.05302"	"0.361"	"2.944"	"Enrichr--Queries"	"PLEKHB1,PLS1,RHOU,GJB1"
"gene_set_query"	"198"	"0.141"	"ZNF229"	"ZNF229"	"4"	"298"	"0.05302"	"0.361"	"2.944"	"Enrichr--Queries"	"PDE4B,LPAR1,PCDH9,NFASC"
"gene_set_query"	"199"	"0.1417"	"ZNF552"	"ZNF552"	"4"	"298"	"0.05302"	"0.361"	"2.944"	"Enrichr--Queries"	"BCAS1,SYTL2,CLMN,MAP7"
"gene_set_query"	"200"	"0.1425"	"ZNF257"	"ZNF257"	"4"	"298"	"0.05302"	"0.361"	"2.944"	"Enrichr--Queries"	"PDE4B,LPAR1,NCAM2,PCDH9"
"gene_set_query"	"201"	"0.1432"	"ZNF773"	"ZNF773"	"4"	"298"	"0.05302"	"0.361"	"2.944"	"Enrichr--Queries"	"PDE4B,SYTL2,LPAR1,CLMN"
"gene_set_query"	"202"	"0.1439"	"ZNF578"	"ZNF578"	"4"	"298"	"0.05302"	"0.361"	"2.944"	"Enrichr--Queries"	"PDE4B,PLEKHG1,LPAR1,NCAM2"
"gene_set_query"	"203"	"0.1446"	"ZNF613"	"ZNF613"	"4"	"298"	"0.05302"	"0.361"	"2.944"	"Enrichr--Queries"	"SYTL2,RHOU,LPAR1,MAP7"
"gene_set_query"	"204"	"0.1453"	"ZNF572"	"ZNF572"	"4"	"298"	"0.05302"	"0.361"	"2.944"	"Enrichr--Queries"	"PDE4B,RHOU,LPAR1,MAP7"
"gene_set_query"	"205"	"0.146"	"ZSCAN18"	"ZSCAN18"	"4"	"298"	"0.05302"	"0.361"	"2.944"	"Enrichr--Queries"	"PLEKHB1,PDE4B,LIMCH1,LPAR1"
"gene_set_query"	"206"	"0.1467"	"SCML4"	"SCML4"	"4"	"299"	"0.05354"	"0.361"	"2.934"	"Enrichr--Queries"	"PDE4B,PPP1R16B,SYTL2,LPAR1"
"gene_set_query"	"207"	"0.1474"	"ISX"	"ISX"	"4"	"299"	"0.05354"	"0.361"	"2.934"	"Enrichr--Queries"	"EDIL3,BCAS1,GPD1,LPAR1"
"gene_set_query"	"208"	"0.1481"	"ZNF610"	"ZNF610"	"4"	"299"	"0.05354"	"0.361"	"2.934"	"Enrichr--Queries"	"LIMCH1,SYTL2,RHOU,PCDH9"
"gene_set_query"	"209"	"0.1489"	"FOXE3"	"FOXE3"	"3"	"289"	"0.1538"	"0.603"	"2.27"	"Enrichr--Queries"	"KCNA1,LPAR1,FA2H"
"gene_set_query"	"210"	"0.1496"	"HMX1"	"HMX1"	"3"	"290"	"0.1549"	"0.603"	"2.262"	"Enrichr--Queries"	"LPAR1,SPOCK1,PPP2R2C"
"gene_set_query"	"211"	"0.1503"	"HOXC12"	"HOXC12"	"3"	"290"	"0.1549"	"0.603"	"2.262"	"Enrichr--Queries"	"LPAR1,APOD,PPP2R2C"
"gene_set_query"	"212"	"0.151"	"BNC2"	"BNC2"	"3"	"292"	"0.1571"	"0.603"	"2.246"	"Enrichr--Queries"	"EDIL3,LPAR1,SPOCK1"
"gene_set_query"	"213"	"0.1517"	"FOXL2"	"FOXL2"	"3"	"292"	"0.1571"	"0.603"	"2.246"	"Enrichr--Queries"	"LIMCH1,LPAR1,SPOCK1"
"gene_set_query"	"214"	"0.1524"	"FERD3L"	"FERD3L"	"3"	"292"	"0.1571"	"0.603"	"2.246"	"Enrichr--Queries"	"CLDN11,LPAR1,EYA4"
"gene_set_query"	"215"	"0.1531"	"ZNF717"	"ZNF717"	"3"	"292"	"0.1571"	"0.603"	"2.246"	"Enrichr--Queries"	"PDE4B,SYTL2,LPAR1"
"gene_set_query"	"216"	"0.1538"	"ZFY"	"ZFY"	"3"	"292"	"0.1571"	"0.603"	"2.246"	"Enrichr--Queries"	"PDE4B,SYTL2,LPAR1"
"gene_set_query"	"217"	"0.1546"	"FOXD4L5"	"FOXD4L5"	"3"	"292"	"0.1571"	"0.603"	"2.246"	"Enrichr--Queries"	"RHOU,LPAR1,SPOCK3"
"gene_set_query"	"218"	"0.1553"	"GCM2"	"GCM2"	"3"	"293"	"0.1582"	"0.603"	"2.239"	"Enrichr--Queries"	"ANKS1B,LPAR1,EYA4"
"gene_set_query"	"219"	"0.156"	"FOXD3"	"FOXD3"	"3"	"293"	"0.1582"	"0.603"	"2.239"	"Enrichr--Queries"	"SOX10,LPAR1,PLP1"
"gene_set_query"	"220"	"0.1567"	"DMBX1"	"DMBX1"	"3"	"293"	"0.1582"	"0.603"	"2.239"	"Enrichr--Queries"	"RHOU,LPAR1,FA2H"
"gene_set_query"	"221"	"0.1574"	"ZNF57"	"ZNF57"	"3"	"293"	"0.1582"	"0.603"	"2.239"	"Enrichr--Queries"	"PLS1,SYTL2,RHOU"
"gene_set_query"	"222"	"0.1581"	"ZNF597"	"ZNF597"	"3"	"294"	"0.1593"	"0.603"	"2.231"	"Enrichr--Queries"	"PDE4B,SYTL2,LPAR1"
"gene_set_query"	"223"	"0.1588"	"ESX1"	"ESX1"	"3"	"294"	"0.1593"	"0.603"	"2.231"	"Enrichr--Queries"	"LPAR1,HS3ST1,PPP2R2C"
"gene_set_query"	"224"	"0.1595"	"GLIS1"	"GLIS1"	"3"	"294"	"0.1593"	"0.603"	"2.231"	"Enrichr--Queries"	"LIMCH1,LPAR1,SPOCK1"
"gene_set_query"	"225"	"0.1603"	"ZNF474"	"ZNF474"	"3"	"294"	"0.1593"	"0.603"	"2.231"	"Enrichr--Queries"	"LIMCH1,LPAR1,TSPAN2"
"gene_set_query"	"226"	"0.161"	"ASCL4"	"ASCL4"	"3"	"294"	"0.1593"	"0.603"	"2.231"	"Enrichr--Queries"	"PDE4B,ANKS1B,LPAR1"
"gene_set_query"	"227"	"0.1617"	"FEV"	"FEV"	"3"	"294"	"0.1593"	"0.603"	"2.231"	"Enrichr--Queries"	"LPAR1,APOD,NFASC"
"gene_set_query"	"228"	"0.1624"	"IRX6"	"IRX6"	"3"	"294"	"0.1593"	"0.603"	"2.231"	"Enrichr--Queries"	"LPAR1,PCDH9,EYA4"
"gene_set_query"	"229"	"0.1631"	"ATOH1"	"ATOH1"	"3"	"294"	"0.1593"	"0.603"	"2.231"	"Enrichr--Queries"	"LPAR1,SPOCK1,EYA4"
"gene_set_query"	"230"	"0.1638"	"ZNF595"	"ZNF595"	"3"	"294"	"0.1593"	"0.603"	"2.231"	"Enrichr--Queries"	"PDE4B,RHOU,LPAR1"
"gene_set_query"	"231"	"0.1645"	"OSR2"	"OSR2"	"3"	"294"	"0.1593"	"0.603"	"2.231"	"Enrichr--Queries"	"LIMCH1,LPAR1,APOD"
"gene_set_query"	"232"	"0.1652"	"ALX4"	"ALX4"	"3"	"294"	"0.1593"	"0.603"	"2.231"	"Enrichr--Queries"	"LIMCH1,LPAR1,EYA4"
"gene_set_query"	"233"	"0.166"	"MEF2C"	"MEF2C"	"3"	"294"	"0.1593"	"0.603"	"2.231"	"Enrichr--Queries"	"PDE4B,LIMCH1,LPAR1"
"gene_set_query"	"234"	"0.1667"	"ZNF75D"	"ZNF75D"	"3"	"294"	"0.1593"	"0.603"	"2.231"	"Enrichr--Queries"	"SYTL2,LPAR1,SYT11"
"gene_set_query"	"235"	"0.1674"	"FOXI2"	"FOXI2"	"3"	"294"	"0.1593"	"0.603"	"2.231"	"Enrichr--Queries"	"SOX10,CLDN11,LPAR1"
"gene_set_query"	"236"	"0.1681"	"MEOX1"	"MEOX1"	"3"	"294"	"0.1593"	"0.603"	"2.231"	"Enrichr--Queries"	"LIMCH1,LPAR1,APOD"
"gene_set_query"	"237"	"0.1688"	"FOXS1"	"FOXS1"	"3"	"294"	"0.1593"	"0.603"	"2.231"	"Enrichr--Queries"	"ADAMTS4,SEMA7A,LPAR1"
"gene_set_query"	"238"	"0.1695"	"FEZF2"	"FEZF2"	"3"	"294"	"0.1593"	"0.603"	"2.231"	"Enrichr--Queries"	"KCNA1,LPAR1,SPOCK1"
"gene_set_query"	"239"	"0.1702"	"SMAD9"	"SMAD9"	"3"	"295"	"0.1604"	"0.603"	"2.223"	"Enrichr--Queries"	"EDIL3,LIMCH1,LPAR1"
"gene_set_query"	"240"	"0.1709"	"ZNF83"	"ZNF83"	"3"	"295"	"0.1604"	"0.603"	"2.223"	"Enrichr--Queries"	"LIMCH1,SYTL2,LPAR1"
"gene_set_query"	"241"	"0.1717"	"PAX7"	"PAX7"	"3"	"295"	"0.1604"	"0.603"	"2.223"	"Enrichr--Queries"	"LPAR1,EYA4,NFASC"
"gene_set_query"	"242"	"0.1724"	"MESP1"	"MESP1"	"3"	"295"	"0.1604"	"0.603"	"2.223"	"Enrichr--Queries"	"LIMCH1,RHOU,SPOCK1"
"gene_set_query"	"243"	"0.1731"	"NPAS2"	"NPAS2"	"3"	"295"	"0.1604"	"0.603"	"2.223"	"Enrichr--Queries"	"PDE4B,LIMCH1,LPAR1"
"gene_set_query"	"244"	"0.1738"	"TFAP2B"	"TFAP2B"	"3"	"295"	"0.1604"	"0.603"	"2.223"	"Enrichr--Queries"	"EDIL3,LPAR1,EYA4"
"gene_set_query"	"245"	"0.1745"	"DMRTB1"	"DMRTB1"	"3"	"295"	"0.1604"	"0.603"	"2.223"	"Enrichr--Queries"	"LPAR1,WSCD1,NFASC"
"gene_set_query"	"246"	"0.1752"	"ZNF189"	"ZNF189"	"3"	"295"	"0.1604"	"0.603"	"2.223"	"Enrichr--Queries"	"SYTL2,LPAR1,SLC12A2"
"gene_set_query"	"247"	"0.1759"	"CRX"	"CRX"	"3"	"295"	"0.1604"	"0.603"	"2.223"	"Enrichr--Queries"	"SOX10,LPAR1,MOG"
"gene_set_query"	"248"	"0.1766"	"ZNF514"	"ZNF514"	"3"	"295"	"0.1604"	"0.603"	"2.223"	"Enrichr--Queries"	"LIMCH1,SYTL2,LPAR1"
"gene_set_query"	"249"	"0.1774"	"ZNF521"	"ZNF521"	"3"	"295"	"0.1604"	"0.603"	"2.223"	"Enrichr--Queries"	"PDE4B,LIMCH1,LPAR1"
"gene_set_query"	"250"	"0.1781"	"ZNF366"	"ZNF366"	"3"	"295"	"0.1604"	"0.603"	"2.223"	"Enrichr--Queries"	"PDE4B,PTGDS,PPP1R16B"
"gene_set_query"	"251"	"0.1788"	"MITF"	"MITF"	"3"	"295"	"0.1604"	"0.603"	"2.223"	"Enrichr--Queries"	"PDE4B,LIMCH1,LPAR1"
"gene_set_query"	"252"	"0.1795"	"LMX1B"	"LMX1B"	"3"	"295"	"0.1604"	"0.603"	"2.223"	"Enrichr--Queries"	"LPAR1,SPOCK1,NFASC"
"gene_set_query"	"253"	"0.1802"	"PAX6"	"PAX6"	"3"	"295"	"0.1604"	"0.603"	"2.223"	"Enrichr--Queries"	"LPAR1,SPOCK1,NFASC"
"gene_set_query"	"254"	"0.1809"	"HOXB3"	"HOXB3"	"3"	"295"	"0.1604"	"0.603"	"2.223"	"Enrichr--Queries"	"PDE4B,LIMCH1,LPAR1"
"gene_set_query"	"255"	"0.1816"	"PRDM6"	"PRDM6"	"3"	"295"	"0.1604"	"0.603"	"2.223"	"Enrichr--Queries"	"EDIL3,LPAR1,EYA4"
"gene_set_query"	"256"	"0.1823"	"FOXI1"	"FOXI1"	"3"	"295"	"0.1604"	"0.603"	"2.223"	"Enrichr--Queries"	"SOX10,LPAR1,KLK6"
"gene_set_query"	"257"	"0.183"	"ZNF608"	"ZNF608"	"3"	"295"	"0.1604"	"0.603"	"2.223"	"Enrichr--Queries"	"PDE4B,LIMCH1,LPAR1"
"gene_set_query"	"258"	"0.1838"	"ZNF497"	"ZNF497"	"3"	"295"	"0.1604"	"0.603"	"2.223"	"Enrichr--Queries"	"MYRF,LPAR1,PCDH9"
"gene_set_query"	"259"	"0.1845"	"HOXD3"	"HOXD3"	"3"	"295"	"0.1604"	"0.603"	"2.223"	"Enrichr--Queries"	"CLDN11,LPAR1,EYA4"
"gene_set_query"	"260"	"0.1852"	"CREB5"	"CREB5"	"3"	"295"	"0.1604"	"0.603"	"2.223"	"Enrichr--Queries"	"PDE4B,RHOU,LPAR1"
"gene_set_query"	"261"	"0.1859"	"LHX8"	"LHX8"	"3"	"295"	"0.1604"	"0.603"	"2.223"	"Enrichr--Queries"	"CLDN11,LPAR1,EYA4"
"gene_set_query"	"262"	"0.1866"	"ZNF80"	"ZNF80"	"3"	"295"	"0.1604"	"0.603"	"2.223"	"Enrichr--Queries"	"PDE4B,PTGDS,ERMN"
"gene_set_query"	"263"	"0.1873"	"DLX5"	"DLX5"	"3"	"295"	"0.1604"	"0.603"	"2.223"	"Enrichr--Queries"	"LIMCH1,LPAR1,EYA4"
"gene_set_query"	"264"	"0.188"	"NPAS1"	"NPAS1"	"3"	"296"	"0.1616"	"0.603"	"2.216"	"Enrichr--Queries"	"CLDN11,SEMA7A,LPAR1"
"gene_set_query"	"265"	"0.1887"	"CTCFL"	"CTCFL"	"3"	"296"	"0.1616"	"0.603"	"2.216"	"Enrichr--Queries"	"BCAS1,PPP1R16B,LPAR1"
"gene_set_query"	"266"	"0.1895"	"NR5A2"	"NR5A2"	"3"	"296"	"0.1616"	"0.603"	"2.216"	"Enrichr--Queries"	"PDE4B,RHOU,LPAR1"
"gene_set_query"	"267"	"0.1902"	"PBX1"	"PBX1"	"3"	"296"	"0.1616"	"0.603"	"2.216"	"Enrichr--Queries"	"PDE4B,LIMCH1,LPAR1"
"gene_set_query"	"268"	"0.1909"	"ZFP82"	"ZFP82"	"3"	"296"	"0.1616"	"0.603"	"2.216"	"Enrichr--Queries"	"PDE4B,SYTL2,LPAR1"
"gene_set_query"	"269"	"0.1916"	"KLF17"	"KLF17"	"3"	"296"	"0.1616"	"0.603"	"2.216"	"Enrichr--Queries"	"LPAR1,SPOCK1,TSPAN2"
"gene_set_query"	"270"	"0.1923"	"NHLH1"	"NHLH1"	"3"	"296"	"0.1616"	"0.603"	"2.216"	"Enrichr--Queries"	"STMN4,LPAR1,NFASC"
"gene_set_query"	"271"	"0.193"	"HEY1"	"HEY1"	"3"	"296"	"0.1616"	"0.603"	"2.216"	"Enrichr--Queries"	"LIMCH1,RHOU,LPAR1"
"gene_set_query"	"272"	"0.1937"	"MYF6"	"MYF6"	"3"	"296"	"0.1616"	"0.603"	"2.216"	"Enrichr--Queries"	"TMOD1,LPAR1,APOD"
"gene_set_query"	"273"	"0.1944"	"TBX15"	"TBX15"	"3"	"296"	"0.1616"	"0.603"	"2.216"	"Enrichr--Queries"	"PDE4B,LPAR1,EYA4"
"gene_set_query"	"274"	"0.1952"	"SNAI1"	"SNAI1"	"3"	"296"	"0.1616"	"0.603"	"2.216"	"Enrichr--Queries"	"ADAMTS4,SEMA7A,LPAR1"
"gene_set_query"	"275"	"0.1959"	"ONECUT2"	"ONECUT2"	"3"	"296"	"0.1616"	"0.603"	"2.216"	"Enrichr--Queries"	"MAPT,LPAR1,PPP2R2C"
"gene_set_query"	"276"	"0.1966"	"ZBTB20"	"ZBTB20"	"3"	"296"	"0.1616"	"0.603"	"2.216"	"Enrichr--Queries"	"PDE4B,LIMCH1,LPAR1"
"gene_set_query"	"277"	"0.1973"	"FOXF2"	"FOXF2"	"3"	"296"	"0.1616"	"0.603"	"2.216"	"Enrichr--Queries"	"EDIL3,LIMCH1,LPAR1"
"gene_set_query"	"278"	"0.198"	"THRA"	"THRA"	"3"	"296"	"0.1616"	"0.603"	"2.216"	"Enrichr--Queries"	"PDE4B,MAPT,LPAR1"
"gene_set_query"	"279"	"0.1987"	"ARX"	"ARX"	"3"	"296"	"0.1616"	"0.603"	"2.216"	"Enrichr--Queries"	"LPAR1,SPOCK1,PCDH9"
"gene_set_query"	"280"	"0.1994"	"JAZF1"	"JAZF1"	"3"	"296"	"0.1616"	"0.603"	"2.216"	"Enrichr--Queries"	"PDE4B,LPAR1,SYT11"
"gene_set_query"	"281"	"0.2001"	"RUNX2"	"RUNX2"	"3"	"296"	"0.1616"	"0.603"	"2.216"	"Enrichr--Queries"	"PDE4B,SYTL2,LPAR1"
"gene_set_query"	"282"	"0.2009"	"SOX11"	"SOX11"	"3"	"296"	"0.1616"	"0.603"	"2.216"	"Enrichr--Queries"	"LIMCH1,LPAR1,SPOCK1"
"gene_set_query"	"283"	"0.2016"	"ZIK1"	"ZIK1"	"3"	"296"	"0.1616"	"0.603"	"2.216"	"Enrichr--Queries"	"EDIL3,LPAR1,SLAIN1"
"gene_set_query"	"284"	"0.2023"	"ZNF10"	"ZNF10"	"3"	"296"	"0.1616"	"0.603"	"2.216"	"Enrichr--Queries"	"SYTL2,PCDH9,SYT11"
"gene_set_query"	"285"	"0.203"	"PLAGL1"	"PLAGL1"	"3"	"296"	"0.1616"	"0.603"	"2.216"	"Enrichr--Queries"	"PDE4B,LIMCH1,LPAR1"
"gene_set_query"	"286"	"0.2037"	"NFIA"	"NFIA"	"3"	"296"	"0.1616"	"0.603"	"2.216"	"Enrichr--Queries"	"PDE4B,LIMCH1,LPAR1"
"gene_set_query"	"287"	"0.2044"	"KLF8"	"KLF8"	"3"	"296"	"0.1616"	"0.603"	"2.216"	"Enrichr--Queries"	"SYTL2,LPAR1,TSPAN2"
"gene_set_query"	"288"	"0.2051"	"ZNF19"	"ZNF19"	"3"	"296"	"0.1616"	"0.603"	"2.216"	"Enrichr--Queries"	"PLEKHB1,PDE4B,SYTL2"
"gene_set_query"	"289"	"0.2058"	"GLIS3"	"GLIS3"	"3"	"296"	"0.1616"	"0.603"	"2.216"	"Enrichr--Queries"	"LIMCH1,LPAR1,SPOCK1"
"gene_set_query"	"290"	"0.2066"	"PAX3"	"PAX3"	"3"	"296"	"0.1616"	"0.603"	"2.216"	"Enrichr--Queries"	"SOX10,LPAR1,EYA4"
"gene_set_query"	"291"	"0.2073"	"ZNF75A"	"ZNF75A"	"3"	"296"	"0.1616"	"0.603"	"2.216"	"Enrichr--Queries"	"SYTL2,RHOU,LPAR1"
"gene_set_query"	"292"	"0.208"	"SOX3"	"SOX3"	"3"	"296"	"0.1616"	"0.603"	"2.216"	"Enrichr--Queries"	"RHOU,LPAR1,PLP1"
"gene_set_query"	"293"	"0.2087"	"GTF2IRD2B"	"GTF2IRD2B"	"3"	"296"	"0.1616"	"0.603"	"2.216"	"Enrichr--Queries"	"SYTL2,RHOU,LPAR1"
"gene_set_query"	"294"	"0.2094"	"MLXIPL"	"MLXIPL"	"3"	"296"	"0.1616"	"0.603"	"2.216"	"Enrichr--Queries"	"GPD1,RHOU,MAPT"
"gene_set_query"	"295"	"0.2101"	"IRX4"	"IRX4"	"3"	"296"	"0.1616"	"0.603"	"2.216"	"Enrichr--Queries"	"LPAR1,SPOCK1,PPP2R2C"
"gene_set_query"	"296"	"0.2108"	"THAP10"	"THAP10"	"3"	"296"	"0.1616"	"0.603"	"2.216"	"Enrichr--Queries"	"SYTL2,SPOCK1,LARP6"
"gene_set_query"	"297"	"0.2115"	"ZNF565"	"ZNF565"	"3"	"296"	"0.1616"	"0.603"	"2.216"	"Enrichr--Queries"	"SYTL2,RHOU,LPAR1"
"gene_set_query"	"298"	"0.2123"	"NFATC2"	"NFATC2"	"3"	"296"	"0.1616"	"0.603"	"2.216"	"Enrichr--Queries"	"PDE4B,PPP1R16B,LPAR1"
"gene_set_query"	"299"	"0.213"	"LHX9"	"LHX9"	"3"	"296"	"0.1616"	"0.603"	"2.216"	"Enrichr--Queries"	"LPAR1,PCDH9,EYA4"
"gene_set_query"	"300"	"0.2137"	"ZIC3"	"ZIC3"	"3"	"296"	"0.1616"	"0.603"	"2.216"	"Enrichr--Queries"	"RHOU,LPAR1,PLP1"
"gene_set_query"	"301"	"0.2144"	"MEIS2"	"MEIS2"	"3"	"296"	"0.1616"	"0.603"	"2.216"	"Enrichr--Queries"	"LIMCH1,LPAR1,PCDH9"
"gene_set_query"	"302"	"0.2151"	"DPF1"	"DPF1"	"3"	"296"	"0.1616"	"0.603"	"2.216"	"Enrichr--Queries"	"ANKS1B,SEMA7A,LPAR1"
"gene_set_query"	"303"	"0.2158"	"ZEB1"	"ZEB1"	"3"	"296"	"0.1616"	"0.603"	"2.216"	"Enrichr--Queries"	"PDE4B,LIMCH1,LPAR1"
"gene_set_query"	"304"	"0.2165"	"ZBED3"	"ZBED3"	"3"	"296"	"0.1616"	"0.603"	"2.216"	"Enrichr--Queries"	"PDE4B,RHOU,LPAR1"
"gene_set_query"	"305"	"0.2172"	"RORA"	"RORA"	"3"	"296"	"0.1616"	"0.603"	"2.216"	"Enrichr--Queries"	"PDE4B,SYTL2,LPAR1"
"gene_set_query"	"306"	"0.2179"	"ZNF23"	"ZNF23"	"3"	"296"	"0.1616"	"0.603"	"2.216"	"Enrichr--Queries"	"PLEKHB1,PTGDS,SYTL2"
"gene_set_query"	"307"	"0.2187"	"FOXJ1"	"FOXJ1"	"3"	"297"	"0.1627"	"0.603"	"2.208"	"Enrichr--Queries"	"PLEKHB1,PTGDS,LPAR1"
"gene_set_query"	"308"	"0.2194"	"LEUTX"	"LEUTX"	"3"	"297"	"0.1627"	"0.603"	"2.208"	"Enrichr--Queries"	"ANO4,LPAR1,NKAIN1"
"gene_set_query"	"309"	"0.2201"	"MAFA"	"MAFA"	"3"	"297"	"0.1627"	"0.603"	"2.208"	"Enrichr--Queries"	"TMOD1,MAPT,LPAR1"
"gene_set_query"	"310"	"0.2208"	"ZNF558"	"ZNF558"	"3"	"297"	"0.1627"	"0.603"	"2.208"	"Enrichr--Queries"	"SYTL2,RHOU,LPAR1"
"gene_set_query"	"311"	"0.2215"	"TCF4"	"TCF4"	"3"	"297"	"0.1627"	"0.603"	"2.208"	"Enrichr--Queries"	"PDE4B,LIMCH1,LPAR1"
"gene_set_query"	"312"	"0.2222"	"ZNF432"	"ZNF432"	"3"	"297"	"0.1627"	"0.603"	"2.208"	"Enrichr--Queries"	"LIMCH1,SYTL2,PCDH9"
"gene_set_query"	"313"	"0.2229"	"ZNF221"	"ZNF221"	"3"	"297"	"0.1627"	"0.603"	"2.208"	"Enrichr--Queries"	"PDE4B,SYTL2,LPAR1"
"gene_set_query"	"314"	"0.2236"	"ZXDA"	"ZXDA"	"3"	"297"	"0.1627"	"0.603"	"2.208"	"Enrichr--Queries"	"PDE4B,ARAP2,LPAR1"
"gene_set_query"	"315"	"0.2244"	"BCL11A"	"BCL11A"	"3"	"297"	"0.1627"	"0.603"	"2.208"	"Enrichr--Queries"	"PDE4B,MAPT,LPAR1"
"gene_set_query"	"316"	"0.2251"	"JDP2"	"JDP2"	"3"	"297"	"0.1627"	"0.603"	"2.208"	"Enrichr--Queries"	"PDE4B,RHOU,LPAR1"
"gene_set_query"	"317"	"0.2258"	"POU2F3"	"POU2F3"	"3"	"297"	"0.1627"	"0.603"	"2.208"	"Enrichr--Queries"	"LPAR1,APOD,PPP2R2C"
"gene_set_query"	"318"	"0.2265"	"ETV3L"	"ETV3L"	"3"	"297"	"0.1627"	"0.603"	"2.208"	"Enrichr--Queries"	"PDE4B,CDC42EP2,LPAR1"
"gene_set_query"	"319"	"0.2272"	"ZNF829"	"ZNF829"	"3"	"297"	"0.1627"	"0.603"	"2.208"	"Enrichr--Queries"	"SYTL2,LPAR1,TTLL7"
"gene_set_query"	"320"	"0.2279"	"DMRT2"	"DMRT2"	"3"	"297"	"0.1627"	"0.603"	"2.208"	"Enrichr--Queries"	"LPAR1,APOD,EYA4"
"gene_set_query"	"321"	"0.2286"	"TRPS1"	"TRPS1"	"3"	"297"	"0.1627"	"0.603"	"2.208"	"Enrichr--Queries"	"PDE4B,LIMCH1,LPAR1"
"gene_set_query"	"322"	"0.2293"	"NR4A3"	"NR4A3"	"3"	"297"	"0.1627"	"0.603"	"2.208"	"Enrichr--Queries"	"PDE4B,SEMA7A,LPAR1"
"gene_set_query"	"323"	"0.2301"	"TCF24"	"TCF24"	"3"	"297"	"0.1627"	"0.603"	"2.208"	"Enrichr--Queries"	"MAPT,LPAR1,PLEKHH1"
"gene_set_query"	"324"	"0.2308"	"ZNF697"	"ZNF697"	"3"	"297"	"0.1627"	"0.603"	"2.208"	"Enrichr--Queries"	"PDE4B,CDC42EP2,LPAR1"
"gene_set_query"	"325"	"0.2315"	"TBX5"	"TBX5"	"3"	"297"	"0.1627"	"0.603"	"2.208"	"Enrichr--Queries"	"LIMCH1,LPAR1,EYA4"
"gene_set_query"	"326"	"0.2322"	"INSM1"	"INSM1"	"3"	"297"	"0.1627"	"0.603"	"2.208"	"Enrichr--Queries"	"MAPT,LPAR1,SPOCK1"
"gene_set_query"	"327"	"0.2329"	"ZNF284"	"ZNF284"	"3"	"297"	"0.1627"	"0.603"	"2.208"	"Enrichr--Queries"	"SYTL2,LPAR1,TTLL7"
"gene_set_query"	"328"	"0.2336"	"HES5"	"HES5"	"3"	"297"	"0.1627"	"0.603"	"2.208"	"Enrichr--Queries"	"LPAR1,S1PR5,SYT11"
"gene_set_query"	"329"	"0.2343"	"ZNF506"	"ZNF506"	"3"	"297"	"0.1627"	"0.603"	"2.208"	"Enrichr--Queries"	"PDE4B,SYTL2,SYT11"
"gene_set_query"	"330"	"0.235"	"GRHL2"	"GRHL2"	"3"	"297"	"0.1627"	"0.603"	"2.208"	"Enrichr--Queries"	"LIMCH1,LPAR1,MAP7"
"gene_set_query"	"331"	"0.2358"	"PAX5"	"PAX5"	"3"	"297"	"0.1627"	"0.603"	"2.208"	"Enrichr--Queries"	"PDE4B,PPP1R16B,LPAR1"
"gene_set_query"	"332"	"0.2365"	"ZFP3"	"ZFP3"	"3"	"297"	"0.1627"	"0.603"	"2.208"	"Enrichr--Queries"	"PDE4B,LPAR1,SPOCK1"
"gene_set_query"	"333"	"0.2372"	"NEUROD4"	"NEUROD4"	"3"	"297"	"0.1627"	"0.603"	"2.208"	"Enrichr--Queries"	"STMN4,LPAR1,SPOCK1"
"gene_set_query"	"334"	"0.2379"	"ZIM3"	"ZIM3"	"3"	"297"	"0.1627"	"0.603"	"2.208"	"Enrichr--Queries"	"FAM13C,LPAR1,SPOCK1"
"gene_set_query"	"335"	"0.2386"	"ZNF462"	"ZNF462"	"3"	"297"	"0.1627"	"0.603"	"2.208"	"Enrichr--Queries"	"PDE4B,LIMCH1,LPAR1"
"gene_set_query"	"336"	"0.2393"	"IKZF4"	"IKZF4"	"3"	"297"	"0.1627"	"0.603"	"2.208"	"Enrichr--Queries"	"PDE4B,LPAR1,NFASC"
"gene_set_query"	"337"	"0.24"	"ZFP14"	"ZFP14"	"3"	"297"	"0.1627"	"0.603"	"2.208"	"Enrichr--Queries"	"PLEKHB1,PDE4B,LPAR1"
"gene_set_query"	"338"	"0.2407"	"ZNF843"	"ZNF843"	"3"	"297"	"0.1627"	"0.603"	"2.208"	"Enrichr--Queries"	"CLDN11,MAPT,LPAR1"
"gene_set_query"	"339"	"0.2415"	"ZNF334"	"ZNF334"	"3"	"297"	"0.1627"	"0.603"	"2.208"	"Enrichr--Queries"	"SYTL2,LPAR1,APOD"
"gene_set_query"	"340"	"0.2422"	"GRHL3"	"GRHL3"	"3"	"297"	"0.1627"	"0.603"	"2.208"	"Enrichr--Queries"	"PLEKHG1,RHOU,LPAR1"
"gene_set_query"	"341"	"0.2429"	"MSX2"	"MSX2"	"3"	"297"	"0.1627"	"0.603"	"2.208"	"Enrichr--Queries"	"RHOU,LPAR1,SPOCK1"
"gene_set_query"	"342"	"0.2436"	"EGR2"	"EGR2"	"3"	"297"	"0.1627"	"0.603"	"2.208"	"Enrichr--Queries"	"PDE4B,SEMA7A,LPAR1"
"gene_set_query"	"343"	"0.2443"	"SIX1"	"SIX1"	"3"	"297"	"0.1627"	"0.603"	"2.208"	"Enrichr--Queries"	"RHOU,LPAR1,EYA4"
"gene_set_query"	"344"	"0.245"	"ZNF329"	"ZNF329"	"3"	"297"	"0.1627"	"0.603"	"2.208"	"Enrichr--Queries"	"PDE4B,SYTL2,SYT11"
"gene_set_query"	"345"	"0.2457"	"ZFP28"	"ZFP28"	"3"	"297"	"0.1627"	"0.603"	"2.208"	"Enrichr--Queries"	"PDE4B,LPAR1,PCDH9"
"gene_set_query"	"346"	"0.2464"	"POU6F1"	"POU6F1"	"3"	"297"	"0.1627"	"0.603"	"2.208"	"Enrichr--Queries"	"MAPT,SEMA7A,LPAR1"
"gene_set_query"	"347"	"0.2472"	"IRX3"	"IRX3"	"3"	"297"	"0.1627"	"0.603"	"2.208"	"Enrichr--Queries"	"LIMCH1,RHOU,LPAR1"
"gene_set_query"	"348"	"0.2479"	"MSGN1"	"MSGN1"	"3"	"297"	"0.1627"	"0.603"	"2.208"	"Enrichr--Queries"	"PDE4B,LPAR1,APOD"
"gene_set_query"	"349"	"0.2486"	"ZNF239"	"ZNF239"	"3"	"297"	"0.1627"	"0.603"	"2.208"	"Enrichr--Queries"	"LIMCH1,SYTL2,LPAR1"
"gene_set_query"	"350"	"0.2493"	"FOXL1"	"FOXL1"	"3"	"297"	"0.1627"	"0.603"	"2.208"	"Enrichr--Queries"	"EDIL3,LPAR1,SPOCK1"
"gene_set_query"	"351"	"0.25"	"ZNF35"	"ZNF35"	"3"	"297"	"0.1627"	"0.603"	"2.208"	"Enrichr--Queries"	"PDE4B,LIMCH1,LPAR1"
"gene_set_query"	"352"	"0.2507"	"ZNF518B"	"ZNF518B"	"3"	"297"	"0.1627"	"0.603"	"2.208"	"Enrichr--Queries"	"PDE4B,RHOU,LPAR1"
"gene_set_query"	"353"	"0.2514"	"HIVEP3"	"HIVEP3"	"3"	"297"	"0.1627"	"0.603"	"2.208"	"Enrichr--Queries"	"PDE4B,SEMA7A,LPAR1"
"gene_set_query"	"354"	"0.2521"	"ZSCAN23"	"ZSCAN23"	"3"	"297"	"0.1627"	"0.603"	"2.208"	"Enrichr--Queries"	"LPAR1,PCDH9,TTLL7"
"gene_set_query"	"355"	"0.2528"	"ZFHX2"	"ZFHX2"	"3"	"298"	"0.1638"	"0.603"	"2.201"	"Enrichr--Queries"	"MAPT,LPAR1,NFASC"
"gene_set_query"	"356"	"0.2536"	"ZNF501"	"ZNF501"	"3"	"298"	"0.1638"	"0.603"	"2.201"	"Enrichr--Queries"	"PDE4B,PLEKHG1,PCDH9"
"gene_set_query"	"357"	"0.2543"	"ZFP90"	"ZFP90"	"3"	"298"	"0.1638"	"0.603"	"2.201"	"Enrichr--Queries"	"RHOU,LPAR1,SYT11"
"gene_set_query"	"358"	"0.255"	"FOXN3"	"FOXN3"	"3"	"298"	"0.1638"	"0.603"	"2.201"	"Enrichr--Queries"	"PDE4B,LIMCH1,LPAR1"
"gene_set_query"	"359"	"0.2557"	"ZNF215"	"ZNF215"	"3"	"298"	"0.1638"	"0.603"	"2.201"	"Enrichr--Queries"	"PDE4B,PLS1,SYTL2"
"gene_set_query"	"360"	"0.2564"	"ZNF44"	"ZNF44"	"3"	"298"	"0.1638"	"0.603"	"2.201"	"Enrichr--Queries"	"LIMCH1,SYTL2,CLMN"
"gene_set_query"	"361"	"0.2571"	"ZNF681"	"ZNF681"	"3"	"298"	"0.1638"	"0.603"	"2.201"	"Enrichr--Queries"	"SYTL2,SLAIN1,PCDH9"
"gene_set_query"	"362"	"0.2578"	"ZNF582"	"ZNF582"	"3"	"298"	"0.1638"	"0.603"	"2.201"	"Enrichr--Queries"	"LPAR1,TSPAN2,PCDH9"
"gene_set_query"	"363"	"0.2585"	"ZNF98"	"ZNF98"	"3"	"298"	"0.1638"	"0.603"	"2.201"	"Enrichr--Queries"	"PDE4B,LPAR1,PCDH9"
"gene_set_query"	"364"	"0.2593"	"ZNF793"	"ZNF793"	"3"	"298"	"0.1638"	"0.603"	"2.201"	"Enrichr--Queries"	"PDE4B,TSPAN2,NCAM2"
"gene_set_query"	"365"	"0.26"	"SOHLH1"	"SOHLH1"	"3"	"298"	"0.1638"	"0.603"	"2.201"	"Enrichr--Queries"	"BCAS1,SLC24A2,LPAR1"
"gene_set_query"	"366"	"0.2607"	"ZNF599"	"ZNF599"	"3"	"298"	"0.1638"	"0.603"	"2.201"	"Enrichr--Queries"	"SYTL2,LPAR1,PCDH9"
"gene_set_query"	"367"	"0.2614"	"ZNF2"	"ZNF2"	"3"	"298"	"0.1638"	"0.603"	"2.201"	"Enrichr--Queries"	"PDE4B,RHOU,LPAR1"
"gene_set_query"	"368"	"0.2621"	"ZNF691"	"ZNF691"	"3"	"298"	"0.1638"	"0.603"	"2.201"	"Enrichr--Queries"	"PDE4B,RHOU,LPAR1"
"gene_set_query"	"369"	"0.2628"	"ZFP92"	"ZFP92"	"3"	"298"	"0.1638"	"0.603"	"2.201"	"Enrichr--Queries"	"SAMD12,SEMA7A,LPAR1"
"gene_set_query"	"370"	"0.2635"	"ZNF781"	"ZNF781"	"3"	"298"	"0.1638"	"0.603"	"2.201"	"Enrichr--Queries"	"PDE4B,LPAR1,PCDH9"
"gene_set_query"	"371"	"0.2642"	"TIGD3"	"TIGD3"	"3"	"298"	"0.1638"	"0.603"	"2.201"	"Enrichr--Queries"	"CDC42EP2,RHOU,SEMA7A"
"gene_set_query"	"372"	"0.265"	"ZFPM1"	"ZFPM1"	"3"	"298"	"0.1638"	"0.603"	"2.201"	"Enrichr--Queries"	"PPP1R16B,SEMA7A,LPAR1"
"gene_set_query"	"373"	"0.2657"	"ZFAT"	"ZFAT"	"3"	"298"	"0.1638"	"0.603"	"2.201"	"Enrichr--Queries"	"PDE4B,LPAR1,PCDH9"
"gene_set_query"	"374"	"0.2664"	"ZNF560"	"ZNF560"	"3"	"298"	"0.1638"	"0.603"	"2.201"	"Enrichr--Queries"	"LPAR1,SPOCK1,PLP1"
"gene_set_query"	"375"	"0.2671"	"IKZF2"	"IKZF2"	"3"	"299"	"0.1649"	"0.603"	"2.193"	"Enrichr--Queries"	"PDE4B,ARAP2,SYTL2"
"gene_set_query"	"376"	"0.2678"	"ZIM2"	"ZIM2"	"3"	"299"	"0.1649"	"0.603"	"2.193"	"Enrichr--Queries"	"ANKS1B,MAPT,LPAR1"
"gene_set_query"	"377"	"0.2685"	"ZNF343"	"ZNF343"	"3"	"299"	"0.1649"	"0.603"	"2.193"	"Enrichr--Queries"	"PLEKHG1,LPAR1,PCDH9"
"gene_set_query"	"378"	"0.2692"	"ZNF99"	"ZNF99"	"3"	"299"	"0.1649"	"0.603"	"2.193"	"Enrichr--Queries"	"LPAR1,UGT8,NCAM2"
"gene_set_query"	"379"	"0.2699"	"ZNF716"	"ZNF716"	"3"	"299"	"0.1649"	"0.603"	"2.193"	"Enrichr--Queries"	"LPAR1,SPOCK1,NCAM2"
"gene_set_query"	"380"	"0.2707"	"ZNF30"	"ZNF30"	"3"	"299"	"0.1649"	"0.603"	"2.193"	"Enrichr--Queries"	"SYTL2,RHOU,MAP7"
"gene_set_query"	"381"	"0.2714"	"ZSCAN20"	"ZSCAN20"	"3"	"299"	"0.1649"	"0.603"	"2.193"	"Enrichr--Queries"	"PDE4B,RHOU,LPAR1"
"gene_set_query"	"382"	"0.2721"	"GFI1"	"GFI1"	"3"	"299"	"0.1649"	"0.603"	"2.193"	"Enrichr--Queries"	"PDE4B,PPP1R16B,LPAR1"
"gene_set_query"	"383"	"0.2728"	"ZNF718"	"ZNF718"	"3"	"299"	"0.1649"	"0.603"	"2.193"	"Enrichr--Queries"	"PDE4B,EDIL3,LPAR1"
"gene_set_query"	"384"	"0.2735"	"TBX21"	"TBX21"	"3"	"299"	"0.1649"	"0.603"	"2.193"	"Enrichr--Queries"	"PPP1R16B,SEMA7A,S1PR5"
"gene_set_query"	"385"	"0.2742"	"BARX1"	"BARX1"	"2"	"290"	"0.3896"	"0.924"	"1.503"	"Enrichr--Queries"	"LPAR1,EYA4"
"gene_set_query"	"386"	"0.2749"	"EVX2"	"EVX2"	"2"	"290"	"0.3896"	"0.924"	"1.503"	"Enrichr--Queries"	"LPAR1,EYA4"
"gene_set_query"	"387"	"0.2756"	"NOTO"	"NOTO"	"2"	"290"	"0.3896"	"0.924"	"1.503"	"Enrichr--Queries"	"LPAR1,S1PR5"
"gene_set_query"	"388"	"0.2764"	"POU4F3"	"POU4F3"	"2"	"291"	"0.3913"	"0.924"	"1.498"	"Enrichr--Queries"	"LPAR1,EYA4"
"gene_set_query"	"389"	"0.2771"	"DMRT3"	"DMRT3"	"2"	"291"	"0.3913"	"0.924"	"1.498"	"Enrichr--Queries"	"KCNA1,LPAR1"
"gene_set_query"	"390"	"0.2778"	"ZNF705A"	"ZNF705A"	"2"	"292"	"0.3929"	"0.924"	"1.492"	"Enrichr--Queries"	"ADAMTS4,LPAR1"
"gene_set_query"	"391"	"0.2785"	"FIGLA"	"FIGLA"	"2"	"292"	"0.3929"	"0.924"	"1.492"	"Enrichr--Queries"	"CLDN11,LPAR1"
"gene_set_query"	"392"	"0.2792"	"PROP1"	"PROP1"	"2"	"292"	"0.3929"	"0.924"	"1.492"	"Enrichr--Queries"	"LPAR1,KLK6"
"gene_set_query"	"393"	"0.2799"	"ZNF600"	"ZNF600"	"2"	"292"	"0.3929"	"0.924"	"1.492"	"Enrichr--Queries"	"PDE4B,SYTL2"
"gene_set_query"	"394"	"0.2806"	"FOXD4L3"	"FOXD4L3"	"2"	"292"	"0.3929"	"0.924"	"1.492"	"Enrichr--Queries"	"LPAR1,NFASC"
"gene_set_query"	"395"	"0.2813"	"TLX3"	"TLX3"	"2"	"292"	"0.3929"	"0.924"	"1.492"	"Enrichr--Queries"	"LPAR1,EYA4"
"gene_set_query"	"396"	"0.2821"	"VAX1"	"VAX1"	"2"	"292"	"0.3929"	"0.924"	"1.492"	"Enrichr--Queries"	"LPAR1,EYA4"
"gene_set_query"	"397"	"0.2828"	"GBX1"	"GBX1"	"2"	"292"	"0.3929"	"0.924"	"1.492"	"Enrichr--Queries"	"LPAR1,FA2H"
"gene_set_query"	"398"	"0.2835"	"NEUROG1"	"NEUROG1"	"2"	"292"	"0.3929"	"0.924"	"1.492"	"Enrichr--Queries"	"MAPT,LPAR1"
"gene_set_query"	"399"	"0.2842"	"EN1"	"EN1"	"2"	"293"	"0.3945"	"0.924"	"1.487"	"Enrichr--Queries"	"LPAR1,EYA4"
"gene_set_query"	"400"	"0.2849"	"OTX2"	"OTX2"	"2"	"293"	"0.3945"	"0.924"	"1.487"	"Enrichr--Queries"	"CLDN11,LPAR1"
"gene_set_query"	"401"	"0.2856"	"VAX2"	"VAX2"	"2"	"293"	"0.3945"	"0.924"	"1.487"	"Enrichr--Queries"	"LPAR1,EYA4"
"gene_set_query"	"402"	"0.2863"	"POU3F3"	"POU3F3"	"2"	"293"	"0.3945"	"0.924"	"1.487"	"Enrichr--Queries"	"LPAR1,SPOCK1"
"gene_set_query"	"403"	"0.287"	"ZNF117"	"ZNF117"	"2"	"293"	"0.3945"	"0.924"	"1.487"	"Enrichr--Queries"	"SYTL2,RHOU"
"gene_set_query"	"404"	"0.2877"	"NEUROG2"	"NEUROG2"	"2"	"293"	"0.3945"	"0.924"	"1.487"	"Enrichr--Queries"	"LPAR1,SPOCK1"
"gene_set_query"	"405"	"0.2885"	"FOXR2"	"FOXR2"	"2"	"293"	"0.3945"	"0.924"	"1.487"	"Enrichr--Queries"	"LPAR1,SPOCK1"
"gene_set_query"	"406"	"0.2892"	"SOX30"	"SOX30"	"2"	"293"	"0.3945"	"0.924"	"1.487"	"Enrichr--Queries"	"ANKS1B,LPAR1"
"gene_set_query"	"407"	"0.2899"	"LHX3"	"LHX3"	"2"	"293"	"0.3945"	"0.924"	"1.487"	"Enrichr--Queries"	"LPAR1,S1PR5"
"gene_set_query"	"408"	"0.2906"	"OLIG3"	"OLIG3"	"2"	"293"	"0.3945"	"0.924"	"1.487"	"Enrichr--Queries"	"LPAR1,EYA4"
"gene_set_query"	"409"	"0.2913"	"POU4F2"	"POU4F2"	"2"	"293"	"0.3945"	"0.924"	"1.487"	"Enrichr--Queries"	"LPAR1,SPOCK1"
"gene_set_query"	"410"	"0.292"	"MNX1"	"MNX1"	"2"	"293"	"0.3945"	"0.924"	"1.487"	"Enrichr--Queries"	"LPAR1,PPP2R2C"
"gene_set_query"	"411"	"0.2927"	"ERG"	"ERG"	"2"	"294"	"0.3961"	"0.924"	"1.482"	"Enrichr--Queries"	"LIMCH1,LPAR1"
"gene_set_query"	"412"	"0.2934"	"HOXB13"	"HOXB13"	"2"	"294"	"0.3961"	"0.924"	"1.482"	"Enrichr--Queries"	"RHOU,LPAR1"
"gene_set_query"	"413"	"0.2942"	"LHX1"	"LHX1"	"2"	"294"	"0.3961"	"0.924"	"1.482"	"Enrichr--Queries"	"CLDN11,LPAR1"
"gene_set_query"	"414"	"0.2949"	"EN2"	"EN2"	"2"	"294"	"0.3961"	"0.924"	"1.482"	"Enrichr--Queries"	"LPAR1,HS3ST1"
"gene_set_query"	"415"	"0.2956"	"PITX3"	"PITX3"	"2"	"294"	"0.3961"	"0.924"	"1.482"	"Enrichr--Queries"	"MAPT,LPAR1"
"gene_set_query"	"416"	"0.2963"	"HOXD9"	"HOXD9"	"2"	"294"	"0.3961"	"0.924"	"1.482"	"Enrichr--Queries"	"LPAR1,EYA4"
"gene_set_query"	"417"	"0.297"	"ZNF423"	"ZNF423"	"2"	"294"	"0.3961"	"0.924"	"1.482"	"Enrichr--Queries"	"LPAR1,SPOCK1"
"gene_set_query"	"418"	"0.2977"	"NR0B1"	"NR0B1"	"2"	"294"	"0.3961"	"0.924"	"1.482"	"Enrichr--Queries"	"RHOU,LPAR1"
"gene_set_query"	"419"	"0.2984"	"HAND1"	"HAND1"	"2"	"294"	"0.3961"	"0.924"	"1.482"	"Enrichr--Queries"	"RHOU,LPAR1"
"gene_set_query"	"420"	"0.2991"	"RBPJL"	"RBPJL"	"2"	"294"	"0.3961"	"0.924"	"1.482"	"Enrichr--Queries"	"MAPT,LPAR1"
"gene_set_query"	"421"	"0.2999"	"ZNF155"	"ZNF155"	"2"	"294"	"0.3961"	"0.924"	"1.482"	"Enrichr--Queries"	"PDE4B,LPAR1"
"gene_set_query"	"422"	"0.3006"	"SRY"	"SRY"	"2"	"294"	"0.3961"	"0.924"	"1.482"	"Enrichr--Queries"	"SOX10,PLP1"
"gene_set_query"	"423"	"0.3013"	"HOXA13"	"HOXA13"	"2"	"294"	"0.3961"	"0.924"	"1.482"	"Enrichr--Queries"	"LIMCH1,LPAR1"
"gene_set_query"	"424"	"0.302"	"HOXA4"	"HOXA4"	"2"	"295"	"0.3977"	"0.924"	"1.477"	"Enrichr--Queries"	"LIMCH1,LPAR1"
"gene_set_query"	"425"	"0.3027"	"TBX4"	"TBX4"	"2"	"295"	"0.3977"	"0.924"	"1.477"	"Enrichr--Queries"	"LIMCH1,LPAR1"
"gene_set_query"	"426"	"0.3034"	"ZNF761"	"ZNF761"	"2"	"295"	"0.3977"	"0.924"	"1.477"	"Enrichr--Queries"	"LIMCH1,SLC12A2"
"gene_set_query"	"427"	"0.3041"	"LEF1"	"LEF1"	"2"	"295"	"0.3977"	"0.924"	"1.477"	"Enrichr--Queries"	"PDE4B,LPAR1"
"gene_set_query"	"428"	"0.3048"	"ZNF573"	"ZNF573"	"2"	"295"	"0.3977"	"0.924"	"1.477"	"Enrichr--Queries"	"PDE4B,LPAR1"
"gene_set_query"	"429"	"0.3056"	"ZNF788P"	"ZNF788P"	"2"	"295"	"0.3977"	"0.924"	"1.477"	"Enrichr--Queries"	"PDE4B,SYT11"
"gene_set_query"	"430"	"0.3063"	"MEOX2"	"MEOX2"	"2"	"295"	"0.3977"	"0.924"	"1.477"	"Enrichr--Queries"	"LPAR1,APOD"
"gene_set_query"	"431"	"0.307"	"HOXD4"	"HOXD4"	"2"	"295"	"0.3977"	"0.924"	"1.477"	"Enrichr--Queries"	"LPAR1,EYA4"
"gene_set_query"	"432"	"0.3077"	"ZNF354A"	"ZNF354A"	"2"	"295"	"0.3977"	"0.924"	"1.477"	"Enrichr--Queries"	"SYTL2,LPAR1"
"gene_set_query"	"433"	"0.3084"	"ZNF679"	"ZNF679"	"2"	"295"	"0.3977"	"0.924"	"1.477"	"Enrichr--Queries"	"SYTL2,LPAR1"
"gene_set_query"	"434"	"0.3091"	"HOXD8"	"HOXD8"	"2"	"295"	"0.3977"	"0.924"	"1.477"	"Enrichr--Queries"	"LIMCH1,LPAR1"
"gene_set_query"	"435"	"0.3098"	"ZNF350"	"ZNF350"	"2"	"295"	"0.3977"	"0.924"	"1.477"	"Enrichr--Queries"	"PDE4B,SYTL2"
"gene_set_query"	"436"	"0.3105"	"IRX2"	"IRX2"	"2"	"295"	"0.3977"	"0.924"	"1.477"	"Enrichr--Queries"	"RHOU,LPAR1"
"gene_set_query"	"437"	"0.3113"	"DPRX"	"DPRX"	"2"	"295"	"0.3977"	"0.924"	"1.477"	"Enrichr--Queries"	"SOX10,LPAR1"
"gene_set_query"	"438"	"0.312"	"PHOX2B"	"PHOX2B"	"2"	"295"	"0.3977"	"0.924"	"1.477"	"Enrichr--Queries"	"LPAR1,EYA4"
"gene_set_query"	"439"	"0.3127"	"POU4F1"	"POU4F1"	"2"	"295"	"0.3977"	"0.924"	"1.477"	"Enrichr--Queries"	"MAPT,LPAR1"
"gene_set_query"	"440"	"0.3134"	"HNF1B"	"HNF1B"	"2"	"295"	"0.3977"	"0.924"	"1.477"	"Enrichr--Queries"	"LPAR1,GJB1"
"gene_set_query"	"441"	"0.3141"	"ZNF616"	"ZNF616"	"2"	"295"	"0.3977"	"0.924"	"1.477"	"Enrichr--Queries"	"RHOU,SYT11"
"gene_set_query"	"442"	"0.3148"	"PLAG1"	"PLAG1"	"2"	"295"	"0.3977"	"0.924"	"1.477"	"Enrichr--Queries"	"LPAR1,PCDH9"
"gene_set_query"	"443"	"0.3155"	"PRRX1"	"PRRX1"	"2"	"295"	"0.3977"	"0.924"	"1.477"	"Enrichr--Queries"	"EDIL3,LPAR1"
"gene_set_query"	"444"	"0.3162"	"PAX9"	"PAX9"	"2"	"295"	"0.3977"	"0.924"	"1.477"	"Enrichr--Queries"	"LPAR1,EYA4"
"gene_set_query"	"445"	"0.317"	"HOXC5"	"HOXC5"	"2"	"295"	"0.3977"	"0.924"	"1.477"	"Enrichr--Queries"	"LPAR1,EYA4"
"gene_set_query"	"446"	"0.3177"	"ESRRB"	"ESRRB"	"2"	"295"	"0.3977"	"0.924"	"1.477"	"Enrichr--Queries"	"MAPT,LPAR1"
"gene_set_query"	"447"	"0.3184"	"NOBOX"	"NOBOX"	"2"	"295"	"0.3977"	"0.924"	"1.477"	"Enrichr--Queries"	"LPAR1,HS3ST1"
"gene_set_query"	"448"	"0.3191"	"ZNF268"	"ZNF268"	"2"	"295"	"0.3977"	"0.924"	"1.477"	"Enrichr--Queries"	"SYTL2,LPAR1"
"gene_set_query"	"449"	"0.3198"	"ZNF90"	"ZNF90"	"2"	"295"	"0.3977"	"0.924"	"1.477"	"Enrichr--Queries"	"SLAIN1,UGT8"
"gene_set_query"	"450"	"0.3205"	"FOXD4L1"	"FOXD4L1"	"2"	"295"	"0.3977"	"0.924"	"1.477"	"Enrichr--Queries"	"RHOU,LPAR1"
"gene_set_query"	"451"	"0.3212"	"GATA4"	"GATA4"	"2"	"295"	"0.3977"	"0.924"	"1.477"	"Enrichr--Queries"	"RHOU,LPAR1"
"gene_set_query"	"452"	"0.3219"	"RFX4"	"RFX4"	"2"	"295"	"0.3977"	"0.924"	"1.477"	"Enrichr--Queries"	"ANKS1B,LPAR1"
"gene_set_query"	"453"	"0.3226"	"ARNTL"	"ARNTL"	"2"	"295"	"0.3977"	"0.924"	"1.477"	"Enrichr--Queries"	"PDE4B,LPAR1"
"gene_set_query"	"454"	"0.3234"	"NR2F2"	"NR2F2"	"2"	"296"	"0.3993"	"0.924"	"1.472"	"Enrichr--Queries"	"LIMCH1,LPAR1"
"gene_set_query"	"455"	"0.3241"	"ZNF575"	"ZNF575"	"2"	"296"	"0.3993"	"0.924"	"1.472"	"Enrichr--Queries"	"CDC42EP2,LPAR1"
"gene_set_query"	"456"	"0.3248"	"ZNF25"	"ZNF25"	"2"	"296"	"0.3993"	"0.924"	"1.472"	"Enrichr--Queries"	"LPAR1,SYT11"
"gene_set_query"	"457"	"0.3255"	"ZFP57"	"ZFP57"	"2"	"296"	"0.3993"	"0.924"	"1.472"	"Enrichr--Queries"	"LPAR1,APOD"
"gene_set_query"	"458"	"0.3262"	"ZNF585A"	"ZNF585A"	"2"	"296"	"0.3993"	"0.924"	"1.472"	"Enrichr--Queries"	"SYTL2,LPAR1"
"gene_set_query"	"459"	"0.3269"	"LHX6"	"LHX6"	"2"	"296"	"0.3993"	"0.924"	"1.472"	"Enrichr--Queries"	"PPP1R16B,LPAR1"
"gene_set_query"	"460"	"0.3276"	"ZEB2"	"ZEB2"	"2"	"296"	"0.3993"	"0.924"	"1.472"	"Enrichr--Queries"	"PDE4B,LPAR1"
"gene_set_query"	"461"	"0.3283"	"MYF5"	"MYF5"	"2"	"296"	"0.3993"	"0.924"	"1.472"	"Enrichr--Queries"	"LPAR1,EYA4"
"gene_set_query"	"462"	"0.3291"	"ZNF433"	"ZNF433"	"2"	"296"	"0.3993"	"0.924"	"1.472"	"Enrichr--Queries"	"SYTL2,PCDH9"
"gene_set_query"	"463"	"0.3298"	"NFIX"	"NFIX"	"2"	"296"	"0.3993"	"0.924"	"1.472"	"Enrichr--Queries"	"LIMCH1,LPAR1"
"gene_set_query"	"464"	"0.3305"	"TCF21"	"TCF21"	"2"	"296"	"0.3993"	"0.924"	"1.472"	"Enrichr--Queries"	"LPAR1,EYA4"
"gene_set_query"	"465"	"0.3312"	"HOXC9"	"HOXC9"	"2"	"296"	"0.3993"	"0.924"	"1.472"	"Enrichr--Queries"	"LPAR1,EYA4"
"gene_set_query"	"466"	"0.3319"	"BCL6B"	"BCL6B"	"2"	"296"	"0.3993"	"0.924"	"1.472"	"Enrichr--Queries"	"ADAMTS4,PPP1R16B"
"gene_set_query"	"467"	"0.3326"	"HOXD10"	"HOXD10"	"2"	"296"	"0.3993"	"0.924"	"1.472"	"Enrichr--Queries"	"LPAR1,EYA4"
"gene_set_query"	"468"	"0.3333"	"BNC1"	"BNC1"	"2"	"296"	"0.3993"	"0.924"	"1.472"	"Enrichr--Queries"	"LPAR1,SPOCK1"
"gene_set_query"	"469"	"0.334"	"NR6A1"	"NR6A1"	"2"	"296"	"0.3993"	"0.924"	"1.472"	"Enrichr--Queries"	"PDE4B,LPAR1"
"gene_set_query"	"470"	"0.3348"	"ZNF467"	"ZNF467"	"2"	"296"	"0.3993"	"0.924"	"1.472"	"Enrichr--Queries"	"PDE4B,RHOU"
"gene_set_query"	"471"	"0.3355"	"NR1D2"	"NR1D2"	"2"	"296"	"0.3993"	"0.924"	"1.472"	"Enrichr--Queries"	"PDE4B,SLC12A2"
"gene_set_query"	"472"	"0.3362"	"FOXE1"	"FOXE1"	"2"	"296"	"0.3993"	"0.924"	"1.472"	"Enrichr--Queries"	"LPAR1,SPOCK1"
"gene_set_query"	"473"	"0.3369"	"NR3C1"	"NR3C1"	"2"	"296"	"0.3993"	"0.924"	"1.472"	"Enrichr--Queries"	"PDE4B,LPAR1"
"gene_set_query"	"474"	"0.3376"	"GATA3"	"GATA3"	"2"	"296"	"0.3993"	"0.924"	"1.472"	"Enrichr--Queries"	"SYTL2,LPAR1"
"gene_set_query"	"475"	"0.3383"	"RUNX1"	"RUNX1"	"2"	"296"	"0.3993"	"0.924"	"1.472"	"Enrichr--Queries"	"PDE4B,LPAR1"
"gene_set_query"	"476"	"0.339"	"ZNF551"	"ZNF551"	"2"	"296"	"0.3993"	"0.924"	"1.472"	"Enrichr--Queries"	"SYTL2,LPAR1"
"gene_set_query"	"477"	"0.3397"	"SHOX"	"SHOX"	"2"	"296"	"0.3993"	"0.924"	"1.472"	"Enrichr--Queries"	"CLDN11,LPAR1"
"gene_set_query"	"478"	"0.3405"	"ZNF16"	"ZNF16"	"2"	"296"	"0.3993"	"0.924"	"1.472"	"Enrichr--Queries"	"PDE4B,RHOU"
"gene_set_query"	"479"	"0.3412"	"FOXA1"	"FOXA1"	"2"	"296"	"0.3993"	"0.924"	"1.472"	"Enrichr--Queries"	"BCAS1,SLC12A2"
"gene_set_query"	"480"	"0.3419"	"LIN28B"	"LIN28B"	"2"	"296"	"0.3993"	"0.924"	"1.472"	"Enrichr--Queries"	"LPAR1,EYA4"
"gene_set_query"	"481"	"0.3426"	"ZNF699"	"ZNF699"	"2"	"296"	"0.3993"	"0.924"	"1.472"	"Enrichr--Queries"	"RHOU,PCDH9"
"gene_set_query"	"482"	"0.3433"	"ZNF503"	"ZNF503"	"2"	"296"	"0.3993"	"0.924"	"1.472"	"Enrichr--Queries"	"RHOU,LPAR1"
"gene_set_query"	"483"	"0.344"	"HIF3A"	"HIF3A"	"2"	"296"	"0.3993"	"0.924"	"1.472"	"Enrichr--Queries"	"PTGDS,LPAR1"
"gene_set_query"	"484"	"0.3447"	"NFIB"	"NFIB"	"2"	"296"	"0.3993"	"0.924"	"1.472"	"Enrichr--Queries"	"LIMCH1,LPAR1"
"gene_set_query"	"485"	"0.3454"	"ZBED2"	"ZBED2"	"2"	"296"	"0.3993"	"0.924"	"1.472"	"Enrichr--Queries"	"KLK6,APOD"
"gene_set_query"	"486"	"0.3462"	"HOXC10"	"HOXC10"	"2"	"296"	"0.3993"	"0.924"	"1.472"	"Enrichr--Queries"	"LPAR1,APOD"
"gene_set_query"	"487"	"0.3469"	"TFAP2C"	"TFAP2C"	"2"	"296"	"0.3993"	"0.924"	"1.472"	"Enrichr--Queries"	"LPAR1,SPOCK1"
"gene_set_query"	"488"	"0.3476"	"ZNF442"	"ZNF442"	"2"	"296"	"0.3993"	"0.924"	"1.472"	"Enrichr--Queries"	"SYTL2,LPAR1"
"gene_set_query"	"489"	"0.3483"	"HIC1"	"HIC1"	"2"	"296"	"0.3993"	"0.924"	"1.472"	"Enrichr--Queries"	"SEMA7A,LPAR1"
"gene_set_query"	"490"	"0.349"	"EBF4"	"EBF4"	"2"	"296"	"0.3993"	"0.924"	"1.472"	"Enrichr--Queries"	"LIMCH1,LPAR1"
"gene_set_query"	"491"	"0.3497"	"SALL2"	"SALL2"	"2"	"296"	"0.3993"	"0.924"	"1.472"	"Enrichr--Queries"	"LPAR1,SYT11"
"gene_set_query"	"492"	"0.3504"	"TEAD1"	"TEAD1"	"2"	"296"	"0.3993"	"0.924"	"1.472"	"Enrichr--Queries"	"LIMCH1,LPAR1"
"gene_set_query"	"493"	"0.3511"	"ZNF808"	"ZNF808"	"2"	"296"	"0.3993"	"0.924"	"1.472"	"Enrichr--Queries"	"LPAR1,PCDH9"
"gene_set_query"	"494"	"0.3519"	"ZNF589"	"ZNF589"	"2"	"296"	"0.3993"	"0.924"	"1.472"	"Enrichr--Queries"	"MAP7,SYT11"
"gene_set_query"	"495"	"0.3526"	"NR1H4"	"NR1H4"	"2"	"296"	"0.3993"	"0.924"	"1.472"	"Enrichr--Queries"	"GPD1,GJB1"
"gene_set_query"	"496"	"0.3533"	"ZBTB7C"	"ZBTB7C"	"2"	"296"	"0.3993"	"0.924"	"1.472"	"Enrichr--Queries"	"LIMCH1,LPAR1"
"gene_set_query"	"497"	"0.354"	"FOXN1"	"FOXN1"	"2"	"296"	"0.3993"	"0.924"	"1.472"	"Enrichr--Queries"	"LPAR1,KLK6"
"gene_set_query"	"498"	"0.3547"	"SMAD1"	"SMAD1"	"2"	"296"	"0.3993"	"0.924"	"1.472"	"Enrichr--Queries"	"PDE4B,LPAR1"
"gene_set_query"	"499"	"0.3554"	"HSF5"	"HSF5"	"2"	"296"	"0.3993"	"0.924"	"1.472"	"Enrichr--Queries"	"PPP1R16B,LPAR1"
"gene_set_query"	"500"	"0.3561"	"HIVEP2"	"HIVEP2"	"2"	"296"	"0.3993"	"0.924"	"1.472"	"Enrichr--Queries"	"PDE4B,LPAR1"
"gene_set_query"	"501"	"0.3568"	"ZSCAN5A"	"ZSCAN5A"	"2"	"296"	"0.3993"	"0.924"	"1.472"	"Enrichr--Queries"	"LPAR1,SPOCK1"
"gene_set_query"	"502"	"0.3575"	"ZNF180"	"ZNF180"	"2"	"296"	"0.3993"	"0.924"	"1.472"	"Enrichr--Queries"	"SYTL2,LPAR1"
"gene_set_query"	"503"	"0.3583"	"FOXO1"	"FOXO1"	"2"	"296"	"0.3993"	"0.924"	"1.472"	"Enrichr--Queries"	"PDE4B,LPAR1"
"gene_set_query"	"504"	"0.359"	"PPARA"	"PPARA"	"2"	"296"	"0.3993"	"0.924"	"1.472"	"Enrichr--Queries"	"GPD1,LPAR1"
"gene_set_query"	"505"	"0.3597"	"TCFL5"	"TCFL5"	"2"	"296"	"0.3993"	"0.924"	"1.472"	"Enrichr--Queries"	"SYTL2,LPAR1"
"gene_set_query"	"506"	"0.3604"	"TFAP2A"	"TFAP2A"	"2"	"296"	"0.3993"	"0.924"	"1.472"	"Enrichr--Queries"	"LIMCH1,LPAR1"
"gene_set_query"	"507"	"0.3611"	"TSHZ1"	"TSHZ1"	"2"	"296"	"0.3993"	"0.924"	"1.472"	"Enrichr--Queries"	"PDE4B,LPAR1"
"gene_set_query"	"508"	"0.3618"	"ZBTB38"	"ZBTB38"	"2"	"296"	"0.3993"	"0.924"	"1.472"	"Enrichr--Queries"	"LIMCH1,LPAR1"
"gene_set_query"	"509"	"0.3625"	"TCF7L1"	"TCF7L1"	"2"	"296"	"0.3993"	"0.924"	"1.472"	"Enrichr--Queries"	"LIMCH1,LPAR1"
"gene_set_query"	"510"	"0.3632"	"ZSCAN10"	"ZSCAN10"	"2"	"297"	"0.4009"	"0.924"	"1.467"	"Enrichr--Queries"	"NKAIN1,PLP1"
"gene_set_query"	"511"	"0.364"	"TPRX1"	"TPRX1"	"2"	"297"	"0.4009"	"0.924"	"1.467"	"Enrichr--Queries"	"KNDC1,KLK6"
"gene_set_query"	"512"	"0.3647"	"ZNF416"	"ZNF416"	"2"	"297"	"0.4009"	"0.924"	"1.467"	"Enrichr--Queries"	"SYTL2,LPAR1"
"gene_set_query"	"513"	"0.3654"	"ZNF783"	"ZNF783"	"2"	"297"	"0.4009"	"0.924"	"1.467"	"Enrichr--Queries"	"SYTL2,LPAR1"
"gene_set_query"	"514"	"0.3661"	"RARA"	"RARA"	"2"	"297"	"0.4009"	"0.924"	"1.467"	"Enrichr--Queries"	"PDE4B,LPAR1"
"gene_set_query"	"515"	"0.3668"	"POGK"	"POGK"	"2"	"297"	"0.4009"	"0.924"	"1.467"	"Enrichr--Queries"	"LPAR1,SLC12A2"
"gene_set_query"	"516"	"0.3675"	"HOXB8"	"HOXB8"	"2"	"297"	"0.4009"	"0.924"	"1.467"	"Enrichr--Queries"	"PDE4B,LPAR1"
"gene_set_query"	"517"	"0.3682"	"GATA6"	"GATA6"	"2"	"297"	"0.4009"	"0.924"	"1.467"	"Enrichr--Queries"	"LIMCH1,LPAR1"
"gene_set_query"	"518"	"0.3689"	"TIGD2"	"TIGD2"	"2"	"297"	"0.4009"	"0.924"	"1.467"	"Enrichr--Queries"	"RHOU,LPAR1"
"gene_set_query"	"519"	"0.3697"	"MSX1"	"MSX1"	"2"	"297"	"0.4009"	"0.924"	"1.467"	"Enrichr--Queries"	"LIMCH1,LPAR1"
"gene_set_query"	"520"	"0.3704"	"ZNF254"	"ZNF254"	"2"	"297"	"0.4009"	"0.924"	"1.467"	"Enrichr--Queries"	"EDIL3,ARAP2"
"gene_set_query"	"521"	"0.3711"	"ESR2"	"ESR2"	"2"	"297"	"0.4009"	"0.924"	"1.467"	"Enrichr--Queries"	"MAPT,LPAR1"
"gene_set_query"	"522"	"0.3718"	"GRHL1"	"GRHL1"	"2"	"297"	"0.4009"	"0.924"	"1.467"	"Enrichr--Queries"	"SYTL2,CLMN"
"gene_set_query"	"523"	"0.3725"	"ZNF570"	"ZNF570"	"2"	"297"	"0.4009"	"0.924"	"1.467"	"Enrichr--Queries"	"PDE4B,LPAR1"
"gene_set_query"	"524"	"0.3732"	"YY2"	"YY2"	"2"	"297"	"0.4009"	"0.924"	"1.467"	"Enrichr--Queries"	"SYTL2,LPAR1"
"gene_set_query"	"525"	"0.3739"	"BCL11B"	"BCL11B"	"2"	"297"	"0.4009"	"0.924"	"1.467"	"Enrichr--Queries"	"PPP1R16B,LPAR1"
"gene_set_query"	"526"	"0.3746"	"ELK3"	"ELK3"	"2"	"297"	"0.4009"	"0.924"	"1.467"	"Enrichr--Queries"	"PDE4B,LPAR1"
"gene_set_query"	"527"	"0.3754"	"ZNF3"	"ZNF3"	"2"	"297"	"0.4009"	"0.924"	"1.467"	"Enrichr--Queries"	"PDE4B,LPAR1"
"gene_set_query"	"528"	"0.3761"	"ZNF446"	"ZNF446"	"2"	"297"	"0.4009"	"0.924"	"1.467"	"Enrichr--Queries"	"PTGDS,APLP1"
"gene_set_query"	"529"	"0.3768"	"HEY2"	"HEY2"	"2"	"297"	"0.4009"	"0.924"	"1.467"	"Enrichr--Queries"	"LIMCH1,LPAR1"
"gene_set_query"	"530"	"0.3775"	"TBX19"	"TBX19"	"2"	"297"	"0.4009"	"0.924"	"1.467"	"Enrichr--Queries"	"PDE4B,LPAR1"
"gene_set_query"	"531"	"0.3782"	"TWIST1"	"TWIST1"	"2"	"297"	"0.4009"	"0.924"	"1.467"	"Enrichr--Queries"	"LPAR1,SPOCK1"
"gene_set_query"	"532"	"0.3789"	"SP5"	"SP5"	"2"	"297"	"0.4009"	"0.924"	"1.467"	"Enrichr--Queries"	"RHOU,LPAR1"
"gene_set_query"	"533"	"0.3796"	"HLX"	"HLX"	"2"	"297"	"0.4009"	"0.924"	"1.467"	"Enrichr--Queries"	"PDE4B,LPAR1"
"gene_set_query"	"534"	"0.3803"	"ZNF607"	"ZNF607"	"2"	"297"	"0.4009"	"0.924"	"1.467"	"Enrichr--Queries"	"LPAR1,SLAIN1"
"gene_set_query"	"535"	"0.3811"	"ZNF836"	"ZNF836"	"2"	"297"	"0.4009"	"0.924"	"1.467"	"Enrichr--Queries"	"RHOU,PCDH9"
"gene_set_query"	"536"	"0.3818"	"CREB3L3"	"CREB3L3"	"2"	"297"	"0.4009"	"0.924"	"1.467"	"Enrichr--Queries"	"GPD1,GJB1"
"gene_set_query"	"537"	"0.3825"	"HIVEP1"	"HIVEP1"	"2"	"297"	"0.4009"	"0.924"	"1.467"	"Enrichr--Queries"	"PDE4B,LPAR1"
"gene_set_query"	"538"	"0.3832"	"HOXB7"	"HOXB7"	"2"	"297"	"0.4009"	"0.924"	"1.467"	"Enrichr--Queries"	"PTGDS,LPAR1"
"gene_set_query"	"539"	"0.3839"	"TBX3"	"TBX3"	"2"	"297"	"0.4009"	"0.924"	"1.467"	"Enrichr--Queries"	"LIMCH1,LPAR1"
"gene_set_query"	"540"	"0.3846"	"ZFP1"	"ZFP1"	"2"	"297"	"0.4009"	"0.924"	"1.467"	"Enrichr--Queries"	"LPAR1,SLC12A2"
"gene_set_query"	"541"	"0.3853"	"ZNF792"	"ZNF792"	"2"	"297"	"0.4009"	"0.924"	"1.467"	"Enrichr--Queries"	"PDE4B,RHOU"
"gene_set_query"	"542"	"0.386"	"DUXA"	"DUXA"	"2"	"297"	"0.4009"	"0.924"	"1.467"	"Enrichr--Queries"	"ARAP2,LPAR1"
"gene_set_query"	"543"	"0.3868"	"KLF9"	"KLF9"	"2"	"297"	"0.4009"	"0.924"	"1.467"	"Enrichr--Queries"	"PDE4B,LPAR1"
"gene_set_query"	"544"	"0.3875"	"MSC"	"MSC"	"2"	"297"	"0.4009"	"0.924"	"1.467"	"Enrichr--Queries"	"PDE4B,LPAR1"
"gene_set_query"	"545"	"0.3882"	"ZSCAN2"	"ZSCAN2"	"2"	"297"	"0.4009"	"0.924"	"1.467"	"Enrichr--Queries"	"PDE4B,LPAR1"
"gene_set_query"	"546"	"0.3889"	"EMX2"	"EMX2"	"2"	"297"	"0.4009"	"0.924"	"1.467"	"Enrichr--Queries"	"LPAR1,SPOCK1"
"gene_set_query"	"547"	"0.3896"	"TBX2"	"TBX2"	"2"	"297"	"0.4009"	"0.924"	"1.467"	"Enrichr--Queries"	"LIMCH1,LPAR1"
"gene_set_query"	"548"	"0.3903"	"IRX5"	"IRX5"	"2"	"297"	"0.4009"	"0.924"	"1.467"	"Enrichr--Queries"	"LIMCH1,LPAR1"
"gene_set_query"	"549"	"0.391"	"TBR1"	"TBR1"	"2"	"297"	"0.4009"	"0.924"	"1.467"	"Enrichr--Queries"	"MAPT,LPAR1"
"gene_set_query"	"550"	"0.3917"	"ZNF605"	"ZNF605"	"2"	"297"	"0.4009"	"0.924"	"1.467"	"Enrichr--Queries"	"SAMD12,LPAR1"
"gene_set_query"	"551"	"0.3925"	"PITX1"	"PITX1"	"2"	"297"	"0.4009"	"0.924"	"1.467"	"Enrichr--Queries"	"LPAR1,SPOCK1"
"gene_set_query"	"552"	"0.3932"	"ARNTL2"	"ARNTL2"	"2"	"297"	"0.4009"	"0.924"	"1.467"	"Enrichr--Queries"	"SEMA7A,LPAR1"
"gene_set_query"	"553"	"0.3939"	"ZFP30"	"ZFP30"	"2"	"297"	"0.4009"	"0.924"	"1.467"	"Enrichr--Queries"	"LPAR1,SYT11"
"gene_set_query"	"554"	"0.3946"	"HOXA11"	"HOXA11"	"2"	"297"	"0.4009"	"0.924"	"1.467"	"Enrichr--Queries"	"LPAR1,SPOCK1"
"gene_set_query"	"555"	"0.3953"	"PITX2"	"PITX2"	"2"	"297"	"0.4009"	"0.924"	"1.467"	"Enrichr--Queries"	"LIMCH1,LPAR1"
"gene_set_query"	"556"	"0.396"	"NFE2L3"	"NFE2L3"	"2"	"297"	"0.4009"	"0.924"	"1.467"	"Enrichr--Queries"	"PDE4B,LPAR1"
"gene_set_query"	"557"	"0.3967"	"SOX17"	"SOX17"	"2"	"297"	"0.4009"	"0.924"	"1.467"	"Enrichr--Queries"	"LIMCH1,CLDN11"
"gene_set_query"	"558"	"0.3974"	"ZNF484"	"ZNF484"	"2"	"297"	"0.4009"	"0.924"	"1.467"	"Enrichr--Queries"	"PDE4B,ARAP2"
"gene_set_query"	"559"	"0.3981"	"TAL2"	"TAL2"	"2"	"297"	"0.4009"	"0.924"	"1.467"	"Enrichr--Queries"	"EDIL3,LPAR1"
"gene_set_query"	"560"	"0.3989"	"DLX3"	"DLX3"	"2"	"297"	"0.4009"	"0.924"	"1.467"	"Enrichr--Queries"	"LPAR1,SPOCK1"
"gene_set_query"	"561"	"0.3996"	"NR1I3"	"NR1I3"	"2"	"297"	"0.4009"	"0.924"	"1.467"	"Enrichr--Queries"	"GPD1,GJB1"
"gene_set_query"	"562"	"0.4003"	"ZNF653"	"ZNF653"	"2"	"297"	"0.4009"	"0.924"	"1.467"	"Enrichr--Queries"	"TPRN,CDC42EP2"
"gene_set_query"	"563"	"0.401"	"HOXB4"	"HOXB4"	"2"	"297"	"0.4009"	"0.924"	"1.467"	"Enrichr--Queries"	"PDE4B,LPAR1"
"gene_set_query"	"564"	"0.4017"	"SP4"	"SP4"	"2"	"297"	"0.4009"	"0.924"	"1.467"	"Enrichr--Queries"	"PDE4B,SLC12A2"
"gene_set_query"	"565"	"0.4024"	"YBX2"	"YBX2"	"2"	"297"	"0.4009"	"0.924"	"1.467"	"Enrichr--Queries"	"PLEKHB1,MAPT"
"gene_set_query"	"566"	"0.4031"	"ZFP42"	"ZFP42"	"2"	"297"	"0.4009"	"0.924"	"1.467"	"Enrichr--Queries"	"LPAR1,MAP7"
"gene_set_query"	"567"	"0.4038"	"FOXP1"	"FOXP1"	"2"	"297"	"0.4009"	"0.924"	"1.467"	"Enrichr--Queries"	"PDE4B,LPAR1"
"gene_set_query"	"568"	"0.4046"	"NR1I2"	"NR1I2"	"2"	"297"	"0.4009"	"0.924"	"1.467"	"Enrichr--Queries"	"GPD1,GJB1"
"gene_set_query"	"569"	"0.4053"	"NR4A2"	"NR4A2"	"2"	"297"	"0.4009"	"0.924"	"1.467"	"Enrichr--Queries"	"PDE4B,LPAR1"
"gene_set_query"	"570"	"0.406"	"HES2"	"HES2"	"2"	"297"	"0.4009"	"0.924"	"1.467"	"Enrichr--Queries"	"RHOU,LPAR1"
"gene_set_query"	"571"	"0.4067"	"ZNF417"	"ZNF417"	"2"	"297"	"0.4009"	"0.924"	"1.467"	"Enrichr--Queries"	"SYTL2,CLMN"
"gene_set_query"	"572"	"0.4074"	"HOXC4"	"HOXC4"	"2"	"297"	"0.4009"	"0.924"	"1.467"	"Enrichr--Queries"	"LPAR1,EYA4"
"gene_set_query"	"573"	"0.4081"	"ZNF544"	"ZNF544"	"2"	"297"	"0.4009"	"0.924"	"1.467"	"Enrichr--Queries"	"LPAR1,MAP7"
"gene_set_query"	"574"	"0.4088"	"ZNF571"	"ZNF571"	"2"	"297"	"0.4009"	"0.924"	"1.467"	"Enrichr--Queries"	"SYTL2,LPAR1"
"gene_set_query"	"575"	"0.4095"	"ZNF280C"	"ZNF280C"	"2"	"297"	"0.4009"	"0.924"	"1.467"	"Enrichr--Queries"	"PLS1,SLC12A2"
"gene_set_query"	"576"	"0.4103"	"IRX1"	"IRX1"	"2"	"297"	"0.4009"	"0.924"	"1.467"	"Enrichr--Queries"	"LIMCH1,LPAR1"
"gene_set_query"	"577"	"0.411"	"ZNF182"	"ZNF182"	"2"	"298"	"0.4025"	"0.924"	"1.462"	"Enrichr--Queries"	"SYTL2,LPAR1"
"gene_set_query"	"578"	"0.4117"	"ZNF383"	"ZNF383"	"2"	"298"	"0.4025"	"0.924"	"1.462"	"Enrichr--Queries"	"SYTL2,LPAR1"
"gene_set_query"	"579"	"0.4124"	"MESP2"	"MESP2"	"2"	"298"	"0.4025"	"0.924"	"1.462"	"Enrichr--Queries"	"PLS1,LPAR1"
"gene_set_query"	"580"	"0.4131"	"ZHX3"	"ZHX3"	"2"	"298"	"0.4025"	"0.924"	"1.462"	"Enrichr--Queries"	"LIMCH1,LPAR1"
"gene_set_query"	"581"	"0.4138"	"ZNF710"	"ZNF710"	"2"	"298"	"0.4025"	"0.924"	"1.462"	"Enrichr--Queries"	"PDE4B,LPAR1"
"gene_set_query"	"582"	"0.4145"	"ZNF124"	"ZNF124"	"2"	"298"	"0.4025"	"0.924"	"1.462"	"Enrichr--Queries"	"PDE4B,LPAR1"
"gene_set_query"	"583"	"0.4152"	"ZNF235"	"ZNF235"	"2"	"298"	"0.4025"	"0.924"	"1.462"	"Enrichr--Queries"	"PDE4B,LPAR1"
"gene_set_query"	"584"	"0.416"	"ZBTB34"	"ZBTB34"	"2"	"298"	"0.4025"	"0.924"	"1.462"	"Enrichr--Queries"	"LPAR1,SLC12A2"
"gene_set_query"	"585"	"0.4167"	"RAG1"	"RAG1"	"2"	"298"	"0.4025"	"0.924"	"1.462"	"Enrichr--Queries"	"PDE4B,PPP1R16B"
"gene_set_query"	"586"	"0.4174"	"ZNF689"	"ZNF689"	"2"	"298"	"0.4025"	"0.924"	"1.462"	"Enrichr--Queries"	"LPAR1,SYT11"
"gene_set_query"	"587"	"0.4181"	"ZNF141"	"ZNF141"	"2"	"298"	"0.4025"	"0.924"	"1.462"	"Enrichr--Queries"	"PDE4B,SYTL2"
"gene_set_query"	"588"	"0.4188"	"ZNF20"	"ZNF20"	"2"	"298"	"0.4025"	"0.924"	"1.462"	"Enrichr--Queries"	"RHOU,LPAR1"
"gene_set_query"	"589"	"0.4195"	"ZNF606"	"ZNF606"	"2"	"298"	"0.4025"	"0.924"	"1.462"	"Enrichr--Queries"	"SYTL2,LPAR1"
"gene_set_query"	"590"	"0.4202"	"SATB1"	"SATB1"	"2"	"298"	"0.4025"	"0.924"	"1.462"	"Enrichr--Queries"	"PDE4B,LPAR1"
"gene_set_query"	"591"	"0.4209"	"ZNF71"	"ZNF71"	"2"	"298"	"0.4025"	"0.924"	"1.462"	"Enrichr--Queries"	"PLEKHG1,LIMCH1"
"gene_set_query"	"592"	"0.4217"	"TCF7"	"TCF7"	"2"	"298"	"0.4025"	"0.924"	"1.462"	"Enrichr--Queries"	"PPP1R16B,SEMA7A"
"gene_set_query"	"593"	"0.4224"	"ZNF620"	"ZNF620"	"2"	"298"	"0.4025"	"0.924"	"1.462"	"Enrichr--Queries"	"SLAIN1,MAP7"
"gene_set_query"	"594"	"0.4231"	"ZHX2"	"ZHX2"	"2"	"298"	"0.4025"	"0.924"	"1.462"	"Enrichr--Queries"	"PDE4B,LPAR1"
"gene_set_query"	"595"	"0.4238"	"ZNF211"	"ZNF211"	"2"	"298"	"0.4025"	"0.924"	"1.462"	"Enrichr--Queries"	"SYTL2,RHOU"
"gene_set_query"	"596"	"0.4245"	"ZNF780B"	"ZNF780B"	"2"	"298"	"0.4025"	"0.924"	"1.462"	"Enrichr--Queries"	"SYTL2,LPAR1"
"gene_set_query"	"597"	"0.4252"	"ZNF772"	"ZNF772"	"2"	"298"	"0.4025"	"0.924"	"1.462"	"Enrichr--Queries"	"PLEKHG1,CLMN"
"gene_set_query"	"598"	"0.4259"	"ZNF790"	"ZNF790"	"2"	"298"	"0.4025"	"0.924"	"1.462"	"Enrichr--Queries"	"PLEKHB1,LPAR1"
"gene_set_query"	"599"	"0.4266"	"ZNF675"	"ZNF675"	"2"	"298"	"0.4025"	"0.924"	"1.462"	"Enrichr--Queries"	"PDE4B,SYTL2"
"gene_set_query"	"600"	"0.4274"	"ETV6"	"ETV6"	"2"	"298"	"0.4025"	"0.924"	"1.462"	"Enrichr--Queries"	"PDE4B,LPAR1"
"gene_set_query"	"601"	"0.4281"	"CASZ1"	"CASZ1"	"2"	"298"	"0.4025"	"0.924"	"1.462"	"Enrichr--Queries"	"LIMCH1,MAPT"
"gene_set_query"	"602"	"0.4288"	"RHOXF1"	"RHOXF1"	"2"	"298"	"0.4025"	"0.924"	"1.462"	"Enrichr--Queries"	"BCAS1,APOD"
"gene_set_query"	"603"	"0.4295"	"ZBTB32"	"ZBTB32"	"2"	"299"	"0.4041"	"0.924"	"1.457"	"Enrichr--Queries"	"PDE4B,SEMA7A"
"gene_set_query"	"604"	"0.4302"	"ZNF875"	"ZNF875"	"2"	"299"	"0.4041"	"0.924"	"1.457"	"Enrichr--Queries"	"RHOU,MAPT"
"gene_set_query"	"605"	"0.4309"	"IRF4"	"IRF4"	"2"	"299"	"0.4041"	"0.924"	"1.457"	"Enrichr--Queries"	"PDE4B,PPP1R16B"
"gene_set_query"	"606"	"0.4316"	"ZNF319"	"ZNF319"	"2"	"299"	"0.4041"	"0.924"	"1.457"	"Enrichr--Queries"	"RHOU,LPAR1"
"gene_set_query"	"607"	"0.4323"	"AKNA"	"AKNA"	"2"	"299"	"0.4041"	"0.924"	"1.457"	"Enrichr--Queries"	"PDE4B,PPP1R16B"
"gene_set_query"	"608"	"0.433"	"RHOXF2B"	"RHOXF2B"	"2"	"299"	"0.4041"	"0.924"	"1.457"	"Enrichr--Queries"	"BCAS1,LGI3"
"gene_set_query"	"609"	"0.4338"	"ZNF347"	"ZNF347"	"2"	"299"	"0.4041"	"0.924"	"1.457"	"Enrichr--Queries"	"PDE4B,LPAR1"
"gene_set_query"	"610"	"0.4345"	"PBX4"	"PBX4"	"2"	"299"	"0.4041"	"0.924"	"1.457"	"Enrichr--Queries"	"PTGDS,LPAR1"
"gene_set_query"	"611"	"0.4352"	"ZNF594"	"ZNF594"	"2"	"299"	"0.4041"	"0.924"	"1.457"	"Enrichr--Queries"	"SYTL2,LPAR1"
"gene_set_query"	"612"	"0.4359"	"TBX6"	"TBX6"	"2"	"299"	"0.4041"	"0.924"	"1.457"	"Enrichr--Queries"	"SEMA7A,LPAR1"
"gene_set_query"	"613"	"0.4366"	"ZFP41"	"ZFP41"	"2"	"299"	"0.4041"	"0.924"	"1.457"	"Enrichr--Queries"	"RHOU,LPAR1"
"gene_set_query"	"614"	"0.4373"	"FOXN2"	"FOXN2"	"2"	"299"	"0.4041"	"0.924"	"1.457"	"Enrichr--Queries"	"PDE4B,LPAR1"
"gene_set_query"	"615"	"0.438"	"TGIF2LY"	"TGIF2LY"	"1"	"287"	"0.735"	"1.0"	"0.7566"	"Enrichr--Queries"	"LPAR1"
"gene_set_query"	"616"	"0.4387"	"FOXB2"	"FOXB2"	"1"	"289"	"0.7374"	"1.0"	"0.7514"	"Enrichr--Queries"	"LPAR1"
"gene_set_query"	"617"	"0.4395"	"EVX1"	"EVX1"	"1"	"289"	"0.7374"	"1.0"	"0.7514"	"Enrichr--Queries"	"LPAR1"
"gene_set_query"	"618"	"0.4402"	"LBX1"	"LBX1"	"1"	"290"	"0.7386"	"1.0"	"0.7488"	"Enrichr--Queries"	"LPAR1"
"gene_set_query"	"619"	"0.4409"	"GSC2"	"GSC2"	"1"	"290"	"0.7386"	"1.0"	"0.7488"	"Enrichr--Queries"	"LPAR1"
"gene_set_query"	"620"	"0.4416"	"GSX2"	"GSX2"	"1"	"291"	"0.7398"	"1.0"	"0.7462"	"Enrichr--Queries"	"LPAR1"
"gene_set_query"	"621"	"0.4423"	"PAX1"	"PAX1"	"1"	"291"	"0.7398"	"1.0"	"0.7462"	"Enrichr--Queries"	"LPAR1"
"gene_set_query"	"622"	"0.443"	"RAX"	"RAX"	"1"	"291"	"0.7398"	"1.0"	"0.7462"	"Enrichr--Queries"	"LPAR1"
"gene_set_query"	"623"	"0.4437"	"BARHL2"	"BARHL2"	"1"	"291"	"0.7398"	"1.0"	"0.7462"	"Enrichr--Queries"	"LPAR1"
"gene_set_query"	"624"	"0.4444"	"GSX1"	"GSX1"	"1"	"291"	"0.7398"	"1.0"	"0.7462"	"Enrichr--Queries"	"LPAR1"
"gene_set_query"	"625"	"0.4452"	"HOXD12"	"HOXD12"	"1"	"291"	"0.7398"	"1.0"	"0.7462"	"Enrichr--Queries"	"LPAR1"
"gene_set_query"	"626"	"0.4459"	"SOX1"	"SOX1"	"1"	"291"	"0.7398"	"1.0"	"0.7462"	"Enrichr--Queries"	"LPAR1"
"gene_set_query"	"627"	"0.4466"	"PDX1"	"PDX1"	"1"	"291"	"0.7398"	"1.0"	"0.7462"	"Enrichr--Queries"	"GPD1"
"gene_set_query"	"628"	"0.4473"	"HELT"	"HELT"	"1"	"291"	"0.7398"	"1.0"	"0.7462"	"Enrichr--Queries"	"LPAR1"
"gene_set_query"	"629"	"0.448"	"FOXB1"	"FOXB1"	"1"	"291"	"0.7398"	"1.0"	"0.7462"	"Enrichr--Queries"	"LPAR1"
"gene_set_query"	"630"	"0.4487"	"ZNF69"	"ZNF69"	"1"	"291"	"0.7398"	"1.0"	"0.7462"	"Enrichr--Queries"	"SYTL2"
"gene_set_query"	"631"	"0.4494"	"VSX2"	"VSX2"	"1"	"291"	"0.7398"	"1.0"	"0.7462"	"Enrichr--Queries"	"LPAR1"
"gene_set_query"	"632"	"0.4501"	"BSX"	"BSX"	"1"	"291"	"0.7398"	"1.0"	"0.7462"	"Enrichr--Queries"	"LPAR1"
"gene_set_query"	"633"	"0.4509"	"TLX2"	"TLX2"	"1"	"291"	"0.7398"	"1.0"	"0.7462"	"Enrichr--Queries"	"LPAR1"
"gene_set_query"	"634"	"0.4516"	"SOX14"	"SOX14"	"1"	"291"	"0.7398"	"1.0"	"0.7462"	"Enrichr--Queries"	"LPAR1"
"gene_set_query"	"635"	"0.4523"	"ZNF837"	"ZNF837"	"1"	"291"	"0.7398"	"1.0"	"0.7462"	"Enrichr--Queries"	"TPRN"
"gene_set_query"	"636"	"0.453"	"ZNF101"	"ZNF101"	"1"	"291"	"0.7398"	"1.0"	"0.7462"	"Enrichr--Queries"	"PPP1R16B"
"gene_set_query"	"637"	"0.4537"	"HMX3"	"HMX3"	"1"	"291"	"0.7398"	"1.0"	"0.7462"	"Enrichr--Queries"	"LPAR1"
"gene_set_query"	"638"	"0.4544"	"ZNF682"	"ZNF682"	"1"	"292"	"0.741"	"1.0"	"0.7436"	"Enrichr--Queries"	"SYTL2"
"gene_set_query"	"639"	"0.4551"	"HMX2"	"HMX2"	"1"	"292"	"0.741"	"1.0"	"0.7436"	"Enrichr--Queries"	"LPAR1"
"gene_set_query"	"640"	"0.4558"	"TBXT"	"TBXT"	"1"	"292"	"0.741"	"1.0"	"0.7436"	"Enrichr--Queries"	"LPAR1"
"gene_set_query"	"641"	"0.4566"	"ZNF331"	"ZNF331"	"1"	"292"	"0.741"	"1.0"	"0.7436"	"Enrichr--Queries"	"PDE4B"
"gene_set_query"	"642"	"0.4573"	"ALX3"	"ALX3"	"1"	"292"	"0.741"	"1.0"	"0.7436"	"Enrichr--Queries"	"LPAR1"
"gene_set_query"	"643"	"0.458"	"TLX1"	"TLX1"	"1"	"292"	"0.741"	"1.0"	"0.7436"	"Enrichr--Queries"	"LPAR1"
"gene_set_query"	"644"	"0.4587"	"GSC"	"GSC"	"1"	"292"	"0.741"	"1.0"	"0.7436"	"Enrichr--Queries"	"LPAR1"
"gene_set_query"	"645"	"0.4594"	"ZNF549"	"ZNF549"	"1"	"292"	"0.741"	"1.0"	"0.7436"	"Enrichr--Queries"	"SYTL2"
"gene_set_query"	"646"	"0.4601"	"HOXD13"	"HOXD13"	"1"	"292"	"0.741"	"1.0"	"0.7436"	"Enrichr--Queries"	"LPAR1"
"gene_set_query"	"647"	"0.4608"	"SIX6"	"SIX6"	"1"	"292"	"0.741"	"1.0"	"0.7436"	"Enrichr--Queries"	"LPAR1"
"gene_set_query"	"648"	"0.4615"	"OTP"	"OTP"	"1"	"293"	"0.7422"	"1.0"	"0.7411"	"Enrichr--Queries"	"LPAR1"
"gene_set_query"	"649"	"0.4623"	"TBX20"	"TBX20"	"1"	"293"	"0.7422"	"1.0"	"0.7411"	"Enrichr--Queries"	"LPAR1"
"gene_set_query"	"650"	"0.463"	"SP110"	"SP110"	"1"	"293"	"0.7422"	"1.0"	"0.7411"	"Enrichr--Queries"	"PDE4B"
"gene_set_query"	"651"	"0.4637"	"OTX1"	"OTX1"	"1"	"293"	"0.7422"	"1.0"	"0.7411"	"Enrichr--Queries"	"LPAR1"
"gene_set_query"	"652"	"0.4644"	"PTF1A"	"PTF1A"	"1"	"293"	"0.7422"	"1.0"	"0.7411"	"Enrichr--Queries"	"LPAR1"
"gene_set_query"	"653"	"0.4651"	"HOXD11"	"HOXD11"	"1"	"293"	"0.7422"	"1.0"	"0.7411"	"Enrichr--Queries"	"LPAR1"
"gene_set_query"	"654"	"0.4658"	"PHOX2A"	"PHOX2A"	"1"	"293"	"0.7422"	"1.0"	"0.7411"	"Enrichr--Queries"	"LPAR1"
"gene_set_query"	"655"	"0.4665"	"FOXD4"	"FOXD4"	"1"	"293"	"0.7422"	"1.0"	"0.7411"	"Enrichr--Queries"	"LPAR1"
"gene_set_query"	"656"	"0.4672"	"UNCX"	"UNCX"	"1"	"293"	"0.7422"	"1.0"	"0.7411"	"Enrichr--Queries"	"LPAR1"
"gene_set_query"	"657"	"0.4679"	"FOXR1"	"FOXR1"	"1"	"293"	"0.7422"	"1.0"	"0.7411"	"Enrichr--Queries"	"S1PR5"
"gene_set_query"	"658"	"0.4687"	"ZNF14"	"ZNF14"	"1"	"293"	"0.7422"	"1.0"	"0.7411"	"Enrichr--Queries"	"SYTL2"
"gene_set_query"	"659"	"0.4694"	"ISL2"	"ISL2"	"1"	"293"	"0.7422"	"1.0"	"0.7411"	"Enrichr--Queries"	"LPAR1"
"gene_set_query"	"660"	"0.4701"	"NRL"	"NRL"	"1"	"293"	"0.7422"	"1.0"	"0.7411"	"Enrichr--Queries"	"LPAR1"
"gene_set_query"	"661"	"0.4708"	"DMRT1"	"DMRT1"	"1"	"293"	"0.7422"	"1.0"	"0.7411"	"Enrichr--Queries"	"LPAR1"
"gene_set_query"	"662"	"0.4715"	"IRF1"	"IRF1"	"1"	"294"	"0.7434"	"1.0"	"0.7385"	"Enrichr--Queries"	"PDE4B"
"gene_set_query"	"663"	"0.4722"	"FOXA2"	"FOXA2"	"1"	"294"	"0.7434"	"1.0"	"0.7385"	"Enrichr--Queries"	"LPAR1"
"gene_set_query"	"664"	"0.4729"	"DBX1"	"DBX1"	"1"	"294"	"0.7434"	"1.0"	"0.7385"	"Enrichr--Queries"	"LPAR1"
"gene_set_query"	"665"	"0.4736"	"GATA5"	"GATA5"	"1"	"294"	"0.7434"	"1.0"	"0.7385"	"Enrichr--Queries"	"LPAR1"
"gene_set_query"	"666"	"0.4744"	"GLI3"	"GLI3"	"1"	"294"	"0.7434"	"1.0"	"0.7385"	"Enrichr--Queries"	"LPAR1"
"gene_set_query"	"667"	"0.4751"	"PRDM14"	"PRDM14"	"1"	"294"	"0.7434"	"1.0"	"0.7385"	"Enrichr--Queries"	"LPAR1"
"gene_set_query"	"668"	"0.4758"	"BARHL1"	"BARHL1"	"1"	"294"	"0.7434"	"1.0"	"0.7385"	"Enrichr--Queries"	"LPAR1"
"gene_set_query"	"669"	"0.4765"	"VSX1"	"VSX1"	"1"	"294"	"0.7434"	"1.0"	"0.7385"	"Enrichr--Queries"	"LPAR1"
"gene_set_query"	"670"	"0.4772"	"DLX4"	"DLX4"	"1"	"294"	"0.7434"	"1.0"	"0.7385"	"Enrichr--Queries"	"LPAR1"
"gene_set_query"	"671"	"0.4779"	"DLX6"	"DLX6"	"1"	"294"	"0.7434"	"1.0"	"0.7385"	"Enrichr--Queries"	"LPAR1"
"gene_set_query"	"672"	"0.4786"	"GCM1"	"GCM1"	"1"	"294"	"0.7434"	"1.0"	"0.7385"	"Enrichr--Queries"	"LPAR1"
"gene_set_query"	"673"	"0.4793"	"LHX5"	"LHX5"	"1"	"294"	"0.7434"	"1.0"	"0.7385"	"Enrichr--Queries"	"LPAR1"
"gene_set_query"	"674"	"0.4801"	"NR2E1"	"NR2E1"	"1"	"294"	"0.7434"	"1.0"	"0.7385"	"Enrichr--Queries"	"LPAR1"
"gene_set_query"	"675"	"0.4808"	"PAX2"	"PAX2"	"1"	"294"	"0.7434"	"1.0"	"0.7385"	"Enrichr--Queries"	"LPAR1"
"gene_set_query"	"676"	"0.4815"	"ZSCAN16"	"ZSCAN16"	"1"	"294"	"0.7434"	"1.0"	"0.7385"	"Enrichr--Queries"	"RHOU"
"gene_set_query"	"677"	"0.4822"	"ZNF420"	"ZNF420"	"1"	"294"	"0.7434"	"1.0"	"0.7385"	"Enrichr--Queries"	"LPAR1"
"gene_set_query"	"678"	"0.4829"	"SIX3"	"SIX3"	"1"	"294"	"0.7434"	"1.0"	"0.7385"	"Enrichr--Queries"	"LPAR1"
"gene_set_query"	"679"	"0.4836"	"ZNF747"	"ZNF747"	"1"	"294"	"0.7434"	"1.0"	"0.7385"	"Enrichr--Queries"	"S1PR5"
"gene_set_query"	"680"	"0.4843"	"GLI2"	"GLI2"	"1"	"294"	"0.7434"	"1.0"	"0.7385"	"Enrichr--Queries"	"LPAR1"
"gene_set_query"	"681"	"0.485"	"GBX2"	"GBX2"	"1"	"294"	"0.7434"	"1.0"	"0.7385"	"Enrichr--Queries"	"LPAR1"
"gene_set_query"	"682"	"0.4858"	"ZNF641"	"ZNF641"	"1"	"294"	"0.7434"	"1.0"	"0.7385"	"Enrichr--Queries"	"SYTL2"
"gene_set_query"	"683"	"0.4865"	"HOXC11"	"HOXC11"	"1"	"294"	"0.7434"	"1.0"	"0.7385"	"Enrichr--Queries"	"LPAR1"
"gene_set_query"	"684"	"0.4872"	"ZNF232"	"ZNF232"	"1"	"295"	"0.7446"	"1.0"	"0.736"	"Enrichr--Queries"	"LPAR1"
"gene_set_query"	"685"	"0.4879"	"EMX1"	"EMX1"	"1"	"295"	"0.7446"	"1.0"	"0.736"	"Enrichr--Queries"	"LPAR1"
"gene_set_query"	"686"	"0.4886"	"HOXA6"	"HOXA6"	"1"	"295"	"0.7446"	"1.0"	"0.736"	"Enrichr--Queries"	"LPAR1"
"gene_set_query"	"687"	"0.4893"	"ZSCAN4"	"ZSCAN4"	"1"	"295"	"0.7446"	"1.0"	"0.736"	"Enrichr--Queries"	"LPAR1"
"gene_set_query"	"688"	"0.49"	"MYOD1"	"MYOD1"	"1"	"295"	"0.7446"	"1.0"	"0.736"	"Enrichr--Queries"	"LPAR1"
"gene_set_query"	"689"	"0.4907"	"E2F5"	"E2F5"	"1"	"295"	"0.7446"	"1.0"	"0.736"	"Enrichr--Queries"	"LPAR1"
"gene_set_query"	"690"	"0.4915"	"TBX1"	"TBX1"	"1"	"295"	"0.7446"	"1.0"	"0.736"	"Enrichr--Queries"	"LPAR1"
"gene_set_query"	"691"	"0.4922"	"DMRTA2"	"DMRTA2"	"1"	"295"	"0.7446"	"1.0"	"0.736"	"Enrichr--Queries"	"LPAR1"
"gene_set_query"	"692"	"0.4929"	"MIXL1"	"MIXL1"	"1"	"295"	"0.7446"	"1.0"	"0.736"	"Enrichr--Queries"	"LPAR1"
"gene_set_query"	"693"	"0.4936"	"SP8"	"SP8"	"1"	"295"	"0.7446"	"1.0"	"0.736"	"Enrichr--Queries"	"LPAR1"
"gene_set_query"	"694"	"0.4943"	"ONECUT1"	"ONECUT1"	"1"	"295"	"0.7446"	"1.0"	"0.736"	"Enrichr--Queries"	"LPAR1"
"gene_set_query"	"695"	"0.495"	"ZNF100"	"ZNF100"	"1"	"295"	"0.7446"	"1.0"	"0.736"	"Enrichr--Queries"	"SYTL2"
"gene_set_query"	"696"	"0.4957"	"LHX2"	"LHX2"	"1"	"295"	"0.7446"	"1.0"	"0.736"	"Enrichr--Queries"	"LPAR1"
"gene_set_query"	"697"	"0.4964"	"SNAI2"	"SNAI2"	"1"	"295"	"0.7446"	"1.0"	"0.736"	"Enrichr--Queries"	"LPAR1"
"gene_set_query"	"698"	"0.4972"	"FEZF1"	"FEZF1"	"1"	"295"	"0.7446"	"1.0"	"0.736"	"Enrichr--Queries"	"LPAR1"
"gene_set_query"	"699"	"0.4979"	"NEUROG3"	"NEUROG3"	"1"	"295"	"0.7446"	"1.0"	"0.736"	"Enrichr--Queries"	"LPAR1"
"gene_set_query"	"700"	"0.4986"	"HOXA3"	"HOXA3"	"1"	"295"	"0.7446"	"1.0"	"0.736"	"Enrichr--Queries"	"LPAR1"
"gene_set_query"	"701"	"0.4993"	"CREB3L1"	"CREB3L1"	"1"	"295"	"0.7446"	"1.0"	"0.736"	"Enrichr--Queries"	"LPAR1"
"gene_set_query"	"702"	"0.5"	"ZNF32"	"ZNF32"	"1"	"295"	"0.7446"	"1.0"	"0.736"	"Enrichr--Queries"	"LPAR1"
"gene_set_query"	"703"	"0.5007"	"ZNF468"	"ZNF468"	"1"	"295"	"0.7446"	"1.0"	"0.736"	"Enrichr--Queries"	"SYTL2"
"gene_set_query"	"704"	"0.5014"	"VENTX"	"VENTX"	"1"	"295"	"0.7446"	"1.0"	"0.736"	"Enrichr--Queries"	"LPAR1"
"gene_set_query"	"705"	"0.5021"	"HOXB1"	"HOXB1"	"1"	"295"	"0.7446"	"1.0"	"0.736"	"Enrichr--Queries"	"LPAR1"
"gene_set_query"	"706"	"0.5028"	"HAND2"	"HAND2"	"1"	"295"	"0.7446"	"1.0"	"0.736"	"Enrichr--Queries"	"LPAR1"
"gene_set_query"	"707"	"0.5036"	"ZNF485"	"ZNF485"	"1"	"295"	"0.7446"	"1.0"	"0.736"	"Enrichr--Queries"	"LPAR1"
"gene_set_query"	"708"	"0.5043"	"ZNF567"	"ZNF567"	"1"	"295"	"0.7446"	"1.0"	"0.736"	"Enrichr--Queries"	"SYTL2"
"gene_set_query"	"709"	"0.505"	"ONECUT3"	"ONECUT3"	"1"	"295"	"0.7446"	"1.0"	"0.736"	"Enrichr--Queries"	"LPAR1"
"gene_set_query"	"710"	"0.5057"	"HOXA2"	"HOXA2"	"1"	"295"	"0.7446"	"1.0"	"0.736"	"Enrichr--Queries"	"LPAR1"
"gene_set_query"	"711"	"0.5064"	"DMRTC2"	"DMRTC2"	"1"	"295"	"0.7446"	"1.0"	"0.736"	"Enrichr--Queries"	"LPAR1"
"gene_set_query"	"712"	"0.5071"	"MAF"	"MAF"	"1"	"295"	"0.7446"	"1.0"	"0.736"	"Enrichr--Queries"	"LPAR1"
"gene_set_query"	"713"	"0.5078"	"ZNF304"	"ZNF304"	"1"	"295"	"0.7446"	"1.0"	"0.736"	"Enrichr--Queries"	"LPAR1"
"gene_set_query"	"714"	"0.5085"	"ZNF91"	"ZNF91"	"1"	"295"	"0.7446"	"1.0"	"0.736"	"Enrichr--Queries"	"SYTL2"
"gene_set_query"	"715"	"0.5093"	"CDX4"	"CDX4"	"1"	"296"	"0.7458"	"1.0"	"0.7335"	"Enrichr--Queries"	"LPAR1"
"gene_set_query"	"716"	"0.51"	"IKZF3"	"IKZF3"	"1"	"296"	"0.7458"	"1.0"	"0.7335"	"Enrichr--Queries"	"PPP1R16B"
"gene_set_query"	"717"	"0.5107"	"AEBP2"	"AEBP2"	"1"	"296"	"0.7458"	"1.0"	"0.7335"	"Enrichr--Queries"	"LPAR1"
"gene_set_query"	"718"	"0.5114"	"ZKSCAN5"	"ZKSCAN5"	"1"	"296"	"0.7458"	"1.0"	"0.7335"	"Enrichr--Queries"	"SYT11"
"gene_set_query"	"719"	"0.5121"	"ZNF479"	"ZNF479"	"1"	"296"	"0.7458"	"1.0"	"0.7335"	"Enrichr--Queries"	"LPAR1"
"gene_set_query"	"720"	"0.5128"	"ZNF169"	"ZNF169"	"1"	"296"	"0.7458"	"1.0"	"0.7335"	"Enrichr--Queries"	"LPAR1"
"gene_set_query"	"721"	"0.5135"	"ZNF195"	"ZNF195"	"1"	"296"	"0.7458"	"1.0"	"0.7335"	"Enrichr--Queries"	"SYTL2"
"gene_set_query"	"722"	"0.5142"	"MYCN"	"MYCN"	"1"	"296"	"0.7458"	"1.0"	"0.7335"	"Enrichr--Queries"	"LPAR1"
"gene_set_query"	"723"	"0.515"	"HOXB6"	"HOXB6"	"1"	"296"	"0.7458"	"1.0"	"0.7335"	"Enrichr--Queries"	"LPAR1"
"gene_set_query"	"724"	"0.5157"	"FLI1"	"FLI1"	"1"	"296"	"0.7458"	"1.0"	"0.7335"	"Enrichr--Queries"	"PDE4B"
"gene_set_query"	"725"	"0.5164"	"ZNF280A"	"ZNF280A"	"1"	"296"	"0.7458"	"1.0"	"0.7335"	"Enrichr--Queries"	"SYTL2"
"gene_set_query"	"726"	"0.5171"	"ZNF354B"	"ZNF354B"	"1"	"296"	"0.7458"	"1.0"	"0.7335"	"Enrichr--Queries"	"LPAR1"
"gene_set_query"	"727"	"0.5178"	"ZNF569"	"ZNF569"	"1"	"296"	"0.7458"	"1.0"	"0.7335"	"Enrichr--Queries"	"LPAR1"
"gene_set_query"	"728"	"0.5185"	"SALL4"	"SALL4"	"1"	"296"	"0.7458"	"1.0"	"0.7335"	"Enrichr--Queries"	"LPAR1"
"gene_set_query"	"729"	"0.5192"	"ZNF436"	"ZNF436"	"1"	"296"	"0.7458"	"1.0"	"0.7335"	"Enrichr--Queries"	"LPAR1"
"gene_set_query"	"730"	"0.5199"	"HOXC8"	"HOXC8"	"1"	"296"	"0.7458"	"1.0"	"0.7335"	"Enrichr--Queries"	"LPAR1"
"gene_set_query"	"731"	"0.5207"	"ZNF493"	"ZNF493"	"1"	"296"	"0.7458"	"1.0"	"0.7335"	"Enrichr--Queries"	"SYTL2"
"gene_set_query"	"732"	"0.5214"	"ETV2"	"ETV2"	"1"	"296"	"0.7458"	"1.0"	"0.7335"	"Enrichr--Queries"	"LPAR1"
"gene_set_query"	"733"	"0.5221"	"HOXB9"	"HOXB9"	"1"	"296"	"0.7458"	"1.0"	"0.7335"	"Enrichr--Queries"	"LPAR1"
"gene_set_query"	"734"	"0.5228"	"BBX"	"BBX"	"1"	"296"	"0.7458"	"1.0"	"0.7335"	"Enrichr--Queries"	"LPAR1"
"gene_set_query"	"735"	"0.5235"	"CREM"	"CREM"	"1"	"296"	"0.7458"	"1.0"	"0.7335"	"Enrichr--Queries"	"PDE4B"
"gene_set_query"	"736"	"0.5242"	"PBX3"	"PBX3"	"1"	"296"	"0.7458"	"1.0"	"0.7335"	"Enrichr--Queries"	"LPAR1"
"gene_set_query"	"737"	"0.5249"	"NFIC"	"NFIC"	"1"	"296"	"0.7458"	"1.0"	"0.7335"	"Enrichr--Queries"	"LPAR1"
"gene_set_query"	"738"	"0.5256"	"GLI1"	"GLI1"	"1"	"296"	"0.7458"	"1.0"	"0.7335"	"Enrichr--Queries"	"LPAR1"
"gene_set_query"	"739"	"0.5264"	"SOX2"	"SOX2"	"1"	"296"	"0.7458"	"1.0"	"0.7335"	"Enrichr--Queries"	"LPAR1"
"gene_set_query"	"740"	"0.5271"	"ZBTB5"	"ZBTB5"	"1"	"296"	"0.7458"	"1.0"	"0.7335"	"Enrichr--Queries"	"LPAR1"
"gene_set_query"	"741"	"0.5278"	"PRDM12"	"PRDM12"	"1"	"296"	"0.7458"	"1.0"	"0.7335"	"Enrichr--Queries"	"LPAR1"
"gene_set_query"	"742"	"0.5285"	"KLF11"	"KLF11"	"1"	"296"	"0.7458"	"1.0"	"0.7335"	"Enrichr--Queries"	"RHOU"
"gene_set_query"	"743"	"0.5292"	"NR1D1"	"NR1D1"	"1"	"296"	"0.7458"	"1.0"	"0.7335"	"Enrichr--Queries"	"PDE4B"
"gene_set_query"	"744"	"0.5299"	"NR2E3"	"NR2E3"	"1"	"296"	"0.7458"	"1.0"	"0.7335"	"Enrichr--Queries"	"LPAR1"
"gene_set_query"	"745"	"0.5306"	"HOXA7"	"HOXA7"	"1"	"296"	"0.7458"	"1.0"	"0.7335"	"Enrichr--Queries"	"LPAR1"
"gene_set_query"	"746"	"0.5313"	"SALL1"	"SALL1"	"1"	"296"	"0.7458"	"1.0"	"0.7335"	"Enrichr--Queries"	"LPAR1"
"gene_set_query"	"747"	"0.5321"	"TEAD3"	"TEAD3"	"1"	"296"	"0.7458"	"1.0"	"0.7335"	"Enrichr--Queries"	"LPAR1"
"gene_set_query"	"748"	"0.5328"	"PRDM1"	"PRDM1"	"1"	"296"	"0.7458"	"1.0"	"0.7335"	"Enrichr--Queries"	"PDE4B"
"gene_set_query"	"749"	"0.5335"	"HOXB5"	"HOXB5"	"1"	"296"	"0.7458"	"1.0"	"0.7335"	"Enrichr--Queries"	"LPAR1"
"gene_set_query"	"750"	"0.5342"	"ZNF302"	"ZNF302"	"1"	"296"	"0.7458"	"1.0"	"0.7335"	"Enrichr--Queries"	"SYTL2"
"gene_set_query"	"751"	"0.5349"	"DRGX"	"DRGX"	"1"	"296"	"0.7458"	"1.0"	"0.7335"	"Enrichr--Queries"	"LPAR1"
"gene_set_query"	"752"	"0.5356"	"SP7"	"SP7"	"1"	"296"	"0.7458"	"1.0"	"0.7335"	"Enrichr--Queries"	"LPAR1"
"gene_set_query"	"753"	"0.5363"	"ZNF782"	"ZNF782"	"1"	"296"	"0.7458"	"1.0"	"0.7335"	"Enrichr--Queries"	"SYTL2"
"gene_set_query"	"754"	"0.537"	"EPAS1"	"EPAS1"	"1"	"296"	"0.7458"	"1.0"	"0.7335"	"Enrichr--Queries"	"LIMCH1"
"gene_set_query"	"755"	"0.5377"	"POU1F1"	"POU1F1"	"1"	"296"	"0.7458"	"1.0"	"0.7335"	"Enrichr--Queries"	"LPAR1"
"gene_set_query"	"756"	"0.5385"	"NFE2L2"	"NFE2L2"	"1"	"296"	"0.7458"	"1.0"	"0.7335"	"Enrichr--Queries"	"PDE4B"
"gene_set_query"	"757"	"0.5392"	"SOX21"	"SOX21"	"1"	"296"	"0.7458"	"1.0"	"0.7335"	"Enrichr--Queries"	"LPAR1"
"gene_set_query"	"758"	"0.5399"	"HOXA1"	"HOXA1"	"1"	"296"	"0.7458"	"1.0"	"0.7335"	"Enrichr--Queries"	"LPAR1"
"gene_set_query"	"759"	"0.5406"	"ZNF267"	"ZNF267"	"1"	"296"	"0.7458"	"1.0"	"0.7335"	"Enrichr--Queries"	"PDE4B"
"gene_set_query"	"760"	"0.5413"	"HOXB2"	"HOXB2"	"1"	"296"	"0.7458"	"1.0"	"0.7335"	"Enrichr--Queries"	"LPAR1"
"gene_set_query"	"761"	"0.542"	"DEAF1"	"DEAF1"	"1"	"296"	"0.7458"	"1.0"	"0.7335"	"Enrichr--Queries"	"PDE4B"
"gene_set_query"	"762"	"0.5427"	"ARID5B"	"ARID5B"	"1"	"296"	"0.7458"	"1.0"	"0.7335"	"Enrichr--Queries"	"PDE4B"
"gene_set_query"	"763"	"0.5434"	"ZIC5"	"ZIC5"	"1"	"296"	"0.7458"	"1.0"	"0.7335"	"Enrichr--Queries"	"LPAR1"
"gene_set_query"	"764"	"0.5442"	"TCF7L2"	"TCF7L2"	"1"	"296"	"0.7458"	"1.0"	"0.7335"	"Enrichr--Queries"	"LPAR1"
"gene_set_query"	"765"	"0.5449"	"ZNF443"	"ZNF443"	"1"	"296"	"0.7458"	"1.0"	"0.7335"	"Enrichr--Queries"	"RHOU"
"gene_set_query"	"766"	"0.5456"	"ZNF665"	"ZNF665"	"1"	"296"	"0.7458"	"1.0"	"0.7335"	"Enrichr--Queries"	"CLDN11"
"gene_set_query"	"767"	"0.5463"	"ZNF518A"	"ZNF518A"	"1"	"296"	"0.7458"	"1.0"	"0.7335"	"Enrichr--Queries"	"SYTL2"
"gene_set_query"	"768"	"0.547"	"FOXC2"	"FOXC2"	"1"	"296"	"0.7458"	"1.0"	"0.7335"	"Enrichr--Queries"	"LPAR1"
"gene_set_query"	"769"	"0.5477"	"ZBTB3"	"ZBTB3"	"1"	"296"	"0.7458"	"1.0"	"0.7335"	"Enrichr--Queries"	"CDC42EP2"
"gene_set_query"	"770"	"0.5484"	"TEF"	"TEF"	"1"	"296"	"0.7458"	"1.0"	"0.7335"	"Enrichr--Queries"	"PDE4B"
"gene_set_query"	"771"	"0.5491"	"SOX7"	"SOX7"	"1"	"296"	"0.7458"	"1.0"	"0.7335"	"Enrichr--Queries"	"LIMCH1"
"gene_set_query"	"772"	"0.5499"	"ZNF764"	"ZNF764"	"1"	"296"	"0.7458"	"1.0"	"0.7335"	"Enrichr--Queries"	"S1PR5"
"gene_set_query"	"773"	"0.5506"	"PRRX2"	"PRRX2"	"1"	"296"	"0.7458"	"1.0"	"0.7335"	"Enrichr--Queries"	"LPAR1"
"gene_set_query"	"774"	"0.5513"	"SIX4"	"SIX4"	"1"	"296"	"0.7458"	"1.0"	"0.7335"	"Enrichr--Queries"	"LPAR1"
"gene_set_query"	"775"	"0.552"	"KLF14"	"KLF14"	"1"	"296"	"0.7458"	"1.0"	"0.7335"	"Enrichr--Queries"	"LPAR1"
"gene_set_query"	"776"	"0.5527"	"ZNF627"	"ZNF627"	"1"	"296"	"0.7458"	"1.0"	"0.7335"	"Enrichr--Queries"	"SLC12A2"
"gene_set_query"	"777"	"0.5534"	"FOXF1"	"FOXF1"	"1"	"296"	"0.7458"	"1.0"	"0.7335"	"Enrichr--Queries"	"LPAR1"
"gene_set_query"	"778"	"0.5541"	"NFATC1"	"NFATC1"	"1"	"296"	"0.7458"	"1.0"	"0.7335"	"Enrichr--Queries"	"PDE4B"
"gene_set_query"	"779"	"0.5548"	"BACH1"	"BACH1"	"1"	"296"	"0.7458"	"1.0"	"0.7335"	"Enrichr--Queries"	"PDE4B"
"gene_set_query"	"780"	"0.5556"	"FOXO4"	"FOXO4"	"1"	"296"	"0.7458"	"1.0"	"0.7335"	"Enrichr--Queries"	"LPAR1"
"gene_set_query"	"781"	"0.5563"	"ZBTB24"	"ZBTB24"	"1"	"296"	"0.7458"	"1.0"	"0.7335"	"Enrichr--Queries"	"LPAR1"
"gene_set_query"	"782"	"0.557"	"CREB3L2"	"CREB3L2"	"1"	"296"	"0.7458"	"1.0"	"0.7335"	"Enrichr--Queries"	"LPAR1"
"gene_set_query"	"783"	"0.5577"	"SMAD3"	"SMAD3"	"1"	"296"	"0.7458"	"1.0"	"0.7335"	"Enrichr--Queries"	"LPAR1"
"gene_set_query"	"784"	"0.5584"	"KLF6"	"KLF6"	"1"	"296"	"0.7458"	"1.0"	"0.7335"	"Enrichr--Queries"	"PDE4B"
"gene_set_query"	"785"	"0.5591"	"ZNF281"	"ZNF281"	"1"	"296"	"0.7458"	"1.0"	"0.7335"	"Enrichr--Queries"	"PDE4B"
"gene_set_query"	"786"	"0.5598"	"ZNF34"	"ZNF34"	"1"	"296"	"0.7458"	"1.0"	"0.7335"	"Enrichr--Queries"	"LPAR1"
"gene_set_query"	"787"	"0.5605"	"HBP1"	"HBP1"	"1"	"296"	"0.7458"	"1.0"	"0.7335"	"Enrichr--Queries"	"PDE4B"
"gene_set_query"	"788"	"0.5613"	"ZNF703"	"ZNF703"	"1"	"296"	"0.7458"	"1.0"	"0.7335"	"Enrichr--Queries"	"LPAR1"
"gene_set_query"	"789"	"0.562"	"WT1"	"WT1"	"1"	"296"	"0.7458"	"1.0"	"0.7335"	"Enrichr--Queries"	"LPAR1"
"gene_set_query"	"790"	"0.5627"	"ZNF461"	"ZNF461"	"1"	"296"	"0.7458"	"1.0"	"0.7335"	"Enrichr--Queries"	"PCDH9"
"gene_set_query"	"791"	"0.5634"	"HES3"	"HES3"	"1"	"296"	"0.7458"	"1.0"	"0.7335"	"Enrichr--Queries"	"LPAR1"
"gene_set_query"	"792"	"0.5641"	"ZNF440"	"ZNF440"	"1"	"296"	"0.7458"	"1.0"	"0.7335"	"Enrichr--Queries"	"CLMN"
"gene_set_query"	"793"	"0.5648"	"ZNF625"	"ZNF625"	"1"	"296"	"0.7458"	"1.0"	"0.7335"	"Enrichr--Queries"	"LPAR1"
"gene_set_query"	"794"	"0.5655"	"ZNF280D"	"ZNF280D"	"1"	"296"	"0.7458"	"1.0"	"0.7335"	"Enrichr--Queries"	"SYTL2"
"gene_set_query"	"795"	"0.5662"	"TP63"	"TP63"	"1"	"296"	"0.7458"	"1.0"	"0.7335"	"Enrichr--Queries"	"SPOCK1"
"gene_set_query"	"796"	"0.567"	"ZNF841"	"ZNF841"	"1"	"297"	"0.7469"	"1.0"	"0.7311"	"Enrichr--Queries"	"SYTL2"
"gene_set_query"	"797"	"0.5677"	"ZSCAN22"	"ZSCAN22"	"1"	"297"	"0.7469"	"1.0"	"0.7311"	"Enrichr--Queries"	"LPAR1"
"gene_set_query"	"798"	"0.5684"	"ZNF646"	"ZNF646"	"1"	"297"	"0.7469"	"1.0"	"0.7311"	"Enrichr--Queries"	"MAPT"
"gene_set_query"	"799"	"0.5691"	"ETS2"	"ETS2"	"1"	"297"	"0.7469"	"1.0"	"0.7311"	"Enrichr--Queries"	"PDE4B"
"gene_set_query"	"800"	"0.5698"	"EGR4"	"EGR4"	"1"	"297"	"0.7469"	"1.0"	"0.7311"	"Enrichr--Queries"	"LPAR1"
"gene_set_query"	"801"	"0.5705"	"PATZ1"	"PATZ1"	"1"	"297"	"0.7469"	"1.0"	"0.7311"	"Enrichr--Queries"	"PDE4B"
"gene_set_query"	"802"	"0.5712"	"ZNF789"	"ZNF789"	"1"	"297"	"0.7469"	"1.0"	"0.7311"	"Enrichr--Queries"	"SYTL2"
"gene_set_query"	"803"	"0.5719"	"GLIS2"	"GLIS2"	"1"	"297"	"0.7469"	"1.0"	"0.7311"	"Enrichr--Queries"	"LPAR1"
"gene_set_query"	"804"	"0.5726"	"EGR1"	"EGR1"	"1"	"297"	"0.7469"	"1.0"	"0.7311"	"Enrichr--Queries"	"PDE4B"
"gene_set_query"	"805"	"0.5734"	"ZNF559"	"ZNF559"	"1"	"297"	"0.7469"	"1.0"	"0.7311"	"Enrichr--Queries"	"SYTL2"
"gene_set_query"	"806"	"0.5741"	"DMTF1"	"DMTF1"	"1"	"297"	"0.7469"	"1.0"	"0.7311"	"Enrichr--Queries"	"LPAR1"
"gene_set_query"	"807"	"0.5748"	"ZNF563"	"ZNF563"	"1"	"297"	"0.7469"	"1.0"	"0.7311"	"Enrichr--Queries"	"SYTL2"
"gene_set_query"	"808"	"0.5755"	"ZBTB12"	"ZBTB12"	"1"	"297"	"0.7469"	"1.0"	"0.7311"	"Enrichr--Queries"	"LPAR1"
"gene_set_query"	"809"	"0.5762"	"ZNF107"	"ZNF107"	"1"	"297"	"0.7469"	"1.0"	"0.7311"	"Enrichr--Queries"	"ARAP2"
"gene_set_query"	"810"	"0.5769"	"ZBTB4"	"ZBTB4"	"1"	"297"	"0.7469"	"1.0"	"0.7311"	"Enrichr--Queries"	"LIMCH1"
"gene_set_query"	"811"	"0.5776"	"ZNF222"	"ZNF222"	"1"	"297"	"0.7469"	"1.0"	"0.7311"	"Enrichr--Queries"	"PDE4B"
"gene_set_query"	"812"	"0.5783"	"TFDP2"	"TFDP2"	"1"	"297"	"0.7469"	"1.0"	"0.7311"	"Enrichr--Queries"	"LPAR1"
"gene_set_query"	"813"	"0.5791"	"SOX15"	"SOX15"	"1"	"297"	"0.7469"	"1.0"	"0.7311"	"Enrichr--Queries"	"SOX10"
"gene_set_query"	"814"	"0.5798"	"ZNF283"	"ZNF283"	"1"	"297"	"0.7469"	"1.0"	"0.7311"	"Enrichr--Queries"	"LPAR1"
"gene_set_query"	"815"	"0.5805"	"ZKSCAN4"	"ZKSCAN4"	"1"	"297"	"0.7469"	"1.0"	"0.7311"	"Enrichr--Queries"	"LPAR1"
"gene_set_query"	"816"	"0.5812"	"CDX1"	"CDX1"	"1"	"297"	"0.7469"	"1.0"	"0.7311"	"Enrichr--Queries"	"LPAR1"
"gene_set_query"	"817"	"0.5819"	"ZNF17"	"ZNF17"	"1"	"297"	"0.7469"	"1.0"	"0.7311"	"Enrichr--Queries"	"RHOU"
"gene_set_query"	"818"	"0.5826"	"ZNF487"	"ZNF487"	"1"	"297"	"0.7469"	"1.0"	"0.7311"	"Enrichr--Queries"	"PLEKHG1"
"gene_set_query"	"819"	"0.5833"	"BCL6"	"BCL6"	"1"	"297"	"0.7469"	"1.0"	"0.7311"	"Enrichr--Queries"	"PDE4B"
"gene_set_query"	"820"	"0.584"	"ZBTB10"	"ZBTB10"	"1"	"297"	"0.7469"	"1.0"	"0.7311"	"Enrichr--Queries"	"PDE4B"
"gene_set_query"	"821"	"0.5848"	"ETV5"	"ETV5"	"1"	"297"	"0.7469"	"1.0"	"0.7311"	"Enrichr--Queries"	"LPAR1"
"gene_set_query"	"822"	"0.5855"	"ZNF250"	"ZNF250"	"1"	"297"	"0.7469"	"1.0"	"0.7311"	"Enrichr--Queries"	"LPAR1"
"gene_set_query"	"823"	"0.5862"	"ZNF541"	"ZNF541"	"1"	"297"	"0.7469"	"1.0"	"0.7311"	"Enrichr--Queries"	"CLDN11"
"gene_set_query"	"824"	"0.5869"	"XPA"	"XPA"	"1"	"297"	"0.7469"	"1.0"	"0.7311"	"Enrichr--Queries"	"LPAR1"
"gene_set_query"	"825"	"0.5876"	"NFKB2"	"NFKB2"	"1"	"297"	"0.7469"	"1.0"	"0.7311"	"Enrichr--Queries"	"PDE4B"
"gene_set_query"	"826"	"0.5883"	"HMG20A"	"HMG20A"	"1"	"297"	"0.7469"	"1.0"	"0.7311"	"Enrichr--Queries"	"PDE4B"
"gene_set_query"	"827"	"0.589"	"ZNF500"	"ZNF500"	"1"	"297"	"0.7469"	"1.0"	"0.7311"	"Enrichr--Queries"	"LPAR1"
"gene_set_query"	"828"	"0.5897"	"HMGA2"	"HMGA2"	"1"	"297"	"0.7469"	"1.0"	"0.7311"	"Enrichr--Queries"	"LPAR1"
"gene_set_query"	"829"	"0.5905"	"SOX9"	"SOX9"	"1"	"297"	"0.7469"	"1.0"	"0.7311"	"Enrichr--Queries"	"LPAR1"
"gene_set_query"	"830"	"0.5912"	"RFX6"	"RFX6"	"1"	"297"	"0.7469"	"1.0"	"0.7311"	"Enrichr--Queries"	"LPAR1"
"gene_set_query"	"831"	"0.5919"	"THAP2"	"THAP2"	"1"	"297"	"0.7469"	"1.0"	"0.7311"	"Enrichr--Queries"	"PDE4B"
"gene_set_query"	"832"	"0.5926"	"ZNF566"	"ZNF566"	"1"	"297"	"0.7469"	"1.0"	"0.7311"	"Enrichr--Queries"	"SYTL2"
"gene_set_query"	"833"	"0.5933"	"AHR"	"AHR"	"1"	"297"	"0.7469"	"1.0"	"0.7311"	"Enrichr--Queries"	"PDE4B"
"gene_set_query"	"834"	"0.594"	"SP6"	"SP6"	"1"	"297"	"0.7469"	"1.0"	"0.7311"	"Enrichr--Queries"	"SEMA7A"
"gene_set_query"	"835"	"0.5947"	"NR4A1"	"NR4A1"	"1"	"297"	"0.7469"	"1.0"	"0.7311"	"Enrichr--Queries"	"PDE4B"
"gene_set_query"	"836"	"0.5954"	"ETS1"	"ETS1"	"1"	"297"	"0.7469"	"1.0"	"0.7311"	"Enrichr--Queries"	"PDE4B"
"gene_set_query"	"837"	"0.5962"	"ZNF7"	"ZNF7"	"1"	"297"	"0.7469"	"1.0"	"0.7311"	"Enrichr--Queries"	"LPAR1"
"gene_set_query"	"838"	"0.5969"	"ZNF846"	"ZNF846"	"1"	"297"	"0.7469"	"1.0"	"0.7311"	"Enrichr--Queries"	"SYTL2"
"gene_set_query"	"839"	"0.5976"	"ZNF345"	"ZNF345"	"1"	"297"	"0.7469"	"1.0"	"0.7311"	"Enrichr--Queries"	"SYTL2"
"gene_set_query"	"840"	"0.5983"	"SOX13"	"SOX13"	"1"	"297"	"0.7469"	"1.0"	"0.7311"	"Enrichr--Queries"	"LIMCH1"
"gene_set_query"	"841"	"0.599"	"ZNF512"	"ZNF512"	"1"	"297"	"0.7469"	"1.0"	"0.7311"	"Enrichr--Queries"	"SYT11"
"gene_set_query"	"842"	"0.5997"	"RARG"	"RARG"	"1"	"297"	"0.7469"	"1.0"	"0.7311"	"Enrichr--Queries"	"LPAR1"
"gene_set_query"	"843"	"0.6004"	"ZBTB43"	"ZBTB43"	"1"	"297"	"0.7469"	"1.0"	"0.7311"	"Enrichr--Queries"	"PDE4B"
"gene_set_query"	"844"	"0.6011"	"ZNF615"	"ZNF615"	"1"	"297"	"0.7469"	"1.0"	"0.7311"	"Enrichr--Queries"	"SYTL2"
"gene_set_query"	"845"	"0.6019"	"FOXC1"	"FOXC1"	"1"	"297"	"0.7469"	"1.0"	"0.7311"	"Enrichr--Queries"	"LPAR1"
"gene_set_query"	"846"	"0.6026"	"MAFB"	"MAFB"	"1"	"297"	"0.7469"	"1.0"	"0.7311"	"Enrichr--Queries"	"LPAR1"
"gene_set_query"	"847"	"0.6033"	"ZNF74"	"ZNF74"	"1"	"297"	"0.7469"	"1.0"	"0.7311"	"Enrichr--Queries"	"LPAR1"
"gene_set_query"	"848"	"0.604"	"JUNB"	"JUNB"	"1"	"297"	"0.7469"	"1.0"	"0.7311"	"Enrichr--Queries"	"PDE4B"
"gene_set_query"	"849"	"0.6047"	"ZFHX3"	"ZFHX3"	"1"	"297"	"0.7469"	"1.0"	"0.7311"	"Enrichr--Queries"	"LPAR1"
"gene_set_query"	"850"	"0.6054"	"ZNF175"	"ZNF175"	"1"	"297"	"0.7469"	"1.0"	"0.7311"	"Enrichr--Queries"	"PDE4B"
"gene_set_query"	"851"	"0.6061"	"ZNF585B"	"ZNF585B"	"1"	"297"	"0.7469"	"1.0"	"0.7311"	"Enrichr--Queries"	"LPAR1"
"gene_set_query"	"852"	"0.6068"	"ZNF652"	"ZNF652"	"1"	"297"	"0.7469"	"1.0"	"0.7311"	"Enrichr--Queries"	"LPAR1"
"gene_set_query"	"853"	"0.6075"	"IRF6"	"IRF6"	"1"	"297"	"0.7469"	"1.0"	"0.7311"	"Enrichr--Queries"	"MAP7"
"gene_set_query"	"854"	"0.6083"	"KLF4"	"KLF4"	"1"	"297"	"0.7469"	"1.0"	"0.7311"	"Enrichr--Queries"	"LPAR1"
"gene_set_query"	"855"	"0.609"	"DLX2"	"DLX2"	"1"	"297"	"0.7469"	"1.0"	"0.7311"	"Enrichr--Queries"	"LPAR1"
"gene_set_query"	"856"	"0.6097"	"ZNF260"	"ZNF260"	"1"	"297"	"0.7469"	"1.0"	"0.7311"	"Enrichr--Queries"	"SLC12A2"
"gene_set_query"	"857"	"0.6104"	"FAM170A"	"FAM170A"	"1"	"297"	"0.7469"	"1.0"	"0.7311"	"Enrichr--Queries"	"LPAR1"
"gene_set_query"	"858"	"0.6111"	"ZNF517"	"ZNF517"	"1"	"297"	"0.7469"	"1.0"	"0.7311"	"Enrichr--Queries"	"FA2H"
"gene_set_query"	"859"	"0.6118"	"MAFF"	"MAFF"	"1"	"297"	"0.7469"	"1.0"	"0.7311"	"Enrichr--Queries"	"PDE4B"
"gene_set_query"	"860"	"0.6125"	"HOXA10"	"HOXA10"	"1"	"297"	"0.7469"	"1.0"	"0.7311"	"Enrichr--Queries"	"LPAR1"
"gene_set_query"	"861"	"0.6132"	"FOXP4"	"FOXP4"	"1"	"297"	"0.7469"	"1.0"	"0.7311"	"Enrichr--Queries"	"LPAR1"
"gene_set_query"	"862"	"0.614"	"RELB"	"RELB"	"1"	"297"	"0.7469"	"1.0"	"0.7311"	"Enrichr--Queries"	"PDE4B"
"gene_set_query"	"863"	"0.6147"	"ZBTB22"	"ZBTB22"	"1"	"297"	"0.7469"	"1.0"	"0.7311"	"Enrichr--Queries"	"RHOU"
"gene_set_query"	"864"	"0.6154"	"ELF3"	"ELF3"	"1"	"297"	"0.7469"	"1.0"	"0.7311"	"Enrichr--Queries"	"PLS1"
"gene_set_query"	"865"	"0.6161"	"RFX2"	"RFX2"	"1"	"297"	"0.7469"	"1.0"	"0.7311"	"Enrichr--Queries"	"LPAR1"
"gene_set_query"	"866"	"0.6168"	"FOXD2"	"FOXD2"	"1"	"297"	"0.7469"	"1.0"	"0.7311"	"Enrichr--Queries"	"LPAR1"
"gene_set_query"	"867"	"0.6175"	"BARX2"	"BARX2"	"1"	"297"	"0.7469"	"1.0"	"0.7311"	"Enrichr--Queries"	"LPAR1"
"gene_set_query"	"868"	"0.6182"	"FOSB"	"FOSB"	"1"	"297"	"0.7469"	"1.0"	"0.7311"	"Enrichr--Queries"	"PDE4B"
"gene_set_query"	"869"	"0.6189"	"NFATC4"	"NFATC4"	"1"	"297"	"0.7469"	"1.0"	"0.7311"	"Enrichr--Queries"	"LPAR1"
"gene_set_query"	"870"	"0.6197"	"STAT4"	"STAT4"	"1"	"297"	"0.7469"	"1.0"	"0.7311"	"Enrichr--Queries"	"PDE4B"
"gene_set_query"	"871"	"0.6204"	"PPARG"	"PPARG"	"1"	"297"	"0.7469"	"1.0"	"0.7311"	"Enrichr--Queries"	"LPAR1"
"gene_set_query"	"872"	"0.6211"	"KLF7"	"KLF7"	"1"	"297"	"0.7469"	"1.0"	"0.7311"	"Enrichr--Queries"	"PDE4B"
"gene_set_query"	"873"	"0.6218"	"ZNF18"	"ZNF18"	"1"	"297"	"0.7469"	"1.0"	"0.7311"	"Enrichr--Queries"	"PDE4B"
"gene_set_query"	"874"	"0.6225"	"LBX2"	"LBX2"	"1"	"297"	"0.7469"	"1.0"	"0.7311"	"Enrichr--Queries"	"LPAR1"
"gene_set_query"	"875"	"0.6232"	"ZNF548"	"ZNF548"	"1"	"297"	"0.7469"	"1.0"	"0.7311"	"Enrichr--Queries"	"LPAR1"
"gene_set_query"	"876"	"0.6239"	"NFIL3"	"NFIL3"	"1"	"297"	"0.7469"	"1.0"	"0.7311"	"Enrichr--Queries"	"PDE4B"
"gene_set_query"	"877"	"0.6246"	"BATF3"	"BATF3"	"1"	"297"	"0.7469"	"1.0"	"0.7311"	"Enrichr--Queries"	"LPAR1"
"gene_set_query"	"878"	"0.6254"	"HOXC6"	"HOXC6"	"1"	"297"	"0.7469"	"1.0"	"0.7311"	"Enrichr--Queries"	"LIMCH1"
"gene_set_query"	"879"	"0.6261"	"STAT5A"	"STAT5A"	"1"	"297"	"0.7469"	"1.0"	"0.7311"	"Enrichr--Queries"	"PDE4B"
"gene_set_query"	"880"	"0.6268"	"VDR"	"VDR"	"1"	"297"	"0.7469"	"1.0"	"0.7311"	"Enrichr--Queries"	"SEMA7A"
"gene_set_query"	"881"	"0.6275"	"MEF2A"	"MEF2A"	"1"	"297"	"0.7469"	"1.0"	"0.7311"	"Enrichr--Queries"	"LIMCH1"
"gene_set_query"	"882"	"0.6282"	"MXD1"	"MXD1"	"1"	"297"	"0.7469"	"1.0"	"0.7311"	"Enrichr--Queries"	"PDE4B"
"gene_set_query"	"883"	"0.6289"	"ZNF320"	"ZNF320"	"1"	"297"	"0.7469"	"1.0"	"0.7311"	"Enrichr--Queries"	"LIMCH1"
"gene_set_query"	"884"	"0.6296"	"FOSL2"	"FOSL2"	"1"	"297"	"0.7469"	"1.0"	"0.7311"	"Enrichr--Queries"	"PDE4B"
"gene_set_query"	"885"	"0.6303"	"ZNF165"	"ZNF165"	"1"	"297"	"0.7469"	"1.0"	"0.7311"	"Enrichr--Queries"	"MAP7"
"gene_set_query"	"886"	"0.6311"	"SKIL"	"SKIL"	"1"	"297"	"0.7469"	"1.0"	"0.7311"	"Enrichr--Queries"	"PDE4B"
"gene_set_query"	"887"	"0.6318"	"SP100"	"SP100"	"1"	"297"	"0.7469"	"1.0"	"0.7311"	"Enrichr--Queries"	"PDE4B"
"gene_set_query"	"888"	"0.6325"	"TGIF2LX"	"TGIF2LX"	"1"	"297"	"0.7469"	"1.0"	"0.7311"	"Enrichr--Queries"	"PEX5L"
"gene_set_query"	"889"	"0.6332"	"TAL1"	"TAL1"	"1"	"297"	"0.7469"	"1.0"	"0.7311"	"Enrichr--Queries"	"TMOD1"
"gene_set_query"	"890"	"0.6339"	"ZXDB"	"ZXDB"	"1"	"297"	"0.7469"	"1.0"	"0.7311"	"Enrichr--Queries"	"PDE4B"
"gene_set_query"	"891"	"0.6346"	"TCF15"	"TCF15"	"1"	"297"	"0.7469"	"1.0"	"0.7311"	"Enrichr--Queries"	"LPAR1"
"gene_set_query"	"892"	"0.6353"	"ZNF79"	"ZNF79"	"1"	"297"	"0.7469"	"1.0"	"0.7311"	"Enrichr--Queries"	"SYTL2"
"gene_set_query"	"893"	"0.636"	"FOXQ1"	"FOXQ1"	"1"	"297"	"0.7469"	"1.0"	"0.7311"	"Enrichr--Queries"	"LPAR1"
"gene_set_query"	"894"	"0.6368"	"NANOG"	"NANOG"	"1"	"297"	"0.7469"	"1.0"	"0.7311"	"Enrichr--Queries"	"LPAR1"
"gene_set_query"	"895"	"0.6375"	"MAFK"	"MAFK"	"1"	"297"	"0.7469"	"1.0"	"0.7311"	"Enrichr--Queries"	"PDE4B"
"gene_set_query"	"896"	"0.6382"	"EHF"	"EHF"	"1"	"297"	"0.7469"	"1.0"	"0.7311"	"Enrichr--Queries"	"SLC12A2"
"gene_set_query"	"897"	"0.6389"	"ZIC2"	"ZIC2"	"1"	"297"	"0.7469"	"1.0"	"0.7311"	"Enrichr--Queries"	"LPAR1"
"gene_set_query"	"898"	"0.6396"	"HEYL"	"HEYL"	"1"	"297"	"0.7469"	"1.0"	"0.7311"	"Enrichr--Queries"	"LPAR1"
"gene_set_query"	"899"	"0.6403"	"ATF3"	"ATF3"	"1"	"297"	"0.7469"	"1.0"	"0.7311"	"Enrichr--Queries"	"PDE4B"
"gene_set_query"	"900"	"0.641"	"TGIF1"	"TGIF1"	"1"	"297"	"0.7469"	"1.0"	"0.7311"	"Enrichr--Queries"	"PDE4B"
"gene_set_query"	"901"	"0.6417"	"TFEB"	"TFEB"	"1"	"297"	"0.7469"	"1.0"	"0.7311"	"Enrichr--Queries"	"LPAR1"
"gene_set_query"	"902"	"0.6425"	"ZNF516"	"ZNF516"	"1"	"298"	"0.7481"	"1.0"	"0.7286"	"Enrichr--Queries"	"PDE4B"
"gene_set_query"	"903"	"0.6432"	"ZSCAN5C"	"ZSCAN5C"	"1"	"298"	"0.7481"	"1.0"	"0.7286"	"Enrichr--Queries"	"NCAM2"
"gene_set_query"	"904"	"0.6439"	"ZNF778"	"ZNF778"	"1"	"298"	"0.7481"	"1.0"	"0.7286"	"Enrichr--Queries"	"SYTL2"
"gene_set_query"	"905"	"0.6446"	"ZNF490"	"ZNF490"	"1"	"298"	"0.7481"	"1.0"	"0.7286"	"Enrichr--Queries"	"MAPT"
"gene_set_query"	"906"	"0.6453"	"ZNF564"	"ZNF564"	"1"	"298"	"0.7481"	"1.0"	"0.7286"	"Enrichr--Queries"	"RHOU"
"gene_set_query"	"907"	"0.646"	"ZSCAN5B"	"ZSCAN5B"	"1"	"298"	"0.7481"	"1.0"	"0.7286"	"Enrichr--Queries"	"LPAR1"
"gene_set_query"	"908"	"0.6467"	"RREB1"	"RREB1"	"1"	"298"	"0.7481"	"1.0"	"0.7286"	"Enrichr--Queries"	"LPAR1"
"gene_set_query"	"909"	"0.6474"	"NFKB1"	"NFKB1"	"1"	"298"	"0.7481"	"1.0"	"0.7286"	"Enrichr--Queries"	"PDE4B"
"gene_set_query"	"910"	"0.6481"	"ZNF441"	"ZNF441"	"1"	"298"	"0.7481"	"1.0"	"0.7286"	"Enrichr--Queries"	"SYT11"
"gene_set_query"	"911"	"0.6489"	"ZNF449"	"ZNF449"	"1"	"298"	"0.7481"	"1.0"	"0.7286"	"Enrichr--Queries"	"SYTL2"
"gene_set_query"	"912"	"0.6496"	"ZNF234"	"ZNF234"	"1"	"298"	"0.7481"	"1.0"	"0.7286"	"Enrichr--Queries"	"LPAR1"
"gene_set_query"	"913"	"0.6503"	"IRF2"	"IRF2"	"1"	"298"	"0.7481"	"1.0"	"0.7286"	"Enrichr--Queries"	"PDE4B"
"gene_set_query"	"914"	"0.651"	"ZNF41"	"ZNF41"	"1"	"298"	"0.7481"	"1.0"	"0.7286"	"Enrichr--Queries"	"LPAR1"
"gene_set_query"	"915"	"0.6517"	"ZNF554"	"ZNF554"	"1"	"298"	"0.7481"	"1.0"	"0.7286"	"Enrichr--Queries"	"RHOU"
"gene_set_query"	"916"	"0.6524"	"ZKSCAN1"	"ZKSCAN1"	"1"	"298"	"0.7481"	"1.0"	"0.7286"	"Enrichr--Queries"	"SLC12A2"
"gene_set_query"	"917"	"0.6531"	"ZNF8"	"ZNF8"	"1"	"298"	"0.7481"	"1.0"	"0.7286"	"Enrichr--Queries"	"LPAR1"
"gene_set_query"	"918"	"0.6538"	"OVOL1"	"OVOL1"	"1"	"298"	"0.7481"	"1.0"	"0.7286"	"Enrichr--Queries"	"FA2H"
"gene_set_query"	"919"	"0.6546"	"ZNF701"	"ZNF701"	"1"	"298"	"0.7481"	"1.0"	"0.7286"	"Enrichr--Queries"	"SYTL2"
"gene_set_query"	"920"	"0.6553"	"ZNF184"	"ZNF184"	"1"	"298"	"0.7481"	"1.0"	"0.7286"	"Enrichr--Queries"	"LPAR1"
"gene_set_query"	"921"	"0.656"	"ZNF611"	"ZNF611"	"1"	"298"	"0.7481"	"1.0"	"0.7286"	"Enrichr--Queries"	"SYTL2"
"gene_set_query"	"922"	"0.6567"	"PRDM10"	"PRDM10"	"1"	"298"	"0.7481"	"1.0"	"0.7286"	"Enrichr--Queries"	"LPAR1"
"gene_set_query"	"923"	"0.6574"	"ZNF385A"	"ZNF385A"	"1"	"298"	"0.7481"	"1.0"	"0.7286"	"Enrichr--Queries"	"MYRF"
"gene_set_query"	"924"	"0.6581"	"PRDM2"	"PRDM2"	"1"	"298"	"0.7481"	"1.0"	"0.7286"	"Enrichr--Queries"	"PDE4B"
"gene_set_query"	"925"	"0.6588"	"ZBTB1"	"ZBTB1"	"1"	"298"	"0.7481"	"1.0"	"0.7286"	"Enrichr--Queries"	"PDE4B"
"gene_set_query"	"926"	"0.6595"	"RFX3"	"RFX3"	"1"	"298"	"0.7481"	"1.0"	"0.7286"	"Enrichr--Queries"	"PCDH9"
"gene_set_query"	"927"	"0.6603"	"SPIC"	"SPIC"	"1"	"298"	"0.7481"	"1.0"	"0.7286"	"Enrichr--Queries"	"LPAR1"
"gene_set_query"	"928"	"0.661"	"HOMEZ"	"HOMEZ"	"1"	"298"	"0.7481"	"1.0"	"0.7286"	"Enrichr--Queries"	"LPAR1"
"gene_set_query"	"929"	"0.6617"	"MECP2"	"MECP2"	"1"	"298"	"0.7481"	"1.0"	"0.7286"	"Enrichr--Queries"	"MAPT"
"gene_set_query"	"930"	"0.6624"	"ZNF236"	"ZNF236"	"1"	"298"	"0.7481"	"1.0"	"0.7286"	"Enrichr--Queries"	"ARAP2"
"gene_set_query"	"931"	"0.6631"	"TCF12"	"TCF12"	"1"	"298"	"0.7481"	"1.0"	"0.7286"	"Enrichr--Queries"	"LPAR1"
"gene_set_query"	"932"	"0.6638"	"PAX8"	"PAX8"	"1"	"298"	"0.7481"	"1.0"	"0.7286"	"Enrichr--Queries"	"LPAR1"
"gene_set_query"	"933"	"0.6645"	"ZNF333"	"ZNF333"	"1"	"298"	"0.7481"	"1.0"	"0.7286"	"Enrichr--Queries"	"PDE4B"
"gene_set_query"	"934"	"0.6652"	"ZNF586"	"ZNF586"	"1"	"298"	"0.7481"	"1.0"	"0.7286"	"Enrichr--Queries"	"MAP7"
"gene_set_query"	"935"	"0.666"	"ZNF398"	"ZNF398"	"1"	"298"	"0.7481"	"1.0"	"0.7286"	"Enrichr--Queries"	"RHOU"
"gene_set_query"	"936"	"0.6667"	"ASCL2"	"ASCL2"	"1"	"298"	"0.7481"	"1.0"	"0.7286"	"Enrichr--Queries"	"LPAR1"
"gene_set_query"	"937"	"0.6674"	"PRDM9"	"PRDM9"	"1"	"298"	"0.7481"	"1.0"	"0.7286"	"Enrichr--Queries"	"LPAR1"
"gene_set_query"	"938"	"0.6681"	"ZSCAN12"	"ZSCAN12"	"1"	"298"	"0.7481"	"1.0"	"0.7286"	"Enrichr--Queries"	"PDE4B"
"gene_set_query"	"939"	"0.6688"	"TFDP3"	"TFDP3"	"1"	"298"	"0.7481"	"1.0"	"0.7286"	"Enrichr--Queries"	"LPAR1"
"gene_set_query"	"940"	"0.6695"	"ZNF678"	"ZNF678"	"1"	"298"	"0.7481"	"1.0"	"0.7286"	"Enrichr--Queries"	"LPAR1"
"gene_set_query"	"941"	"0.6702"	"ZNF707"	"ZNF707"	"1"	"298"	"0.7481"	"1.0"	"0.7286"	"Enrichr--Queries"	"LPAR1"
"gene_set_query"	"942"	"0.6709"	"ZNF280B"	"ZNF280B"	"1"	"298"	"0.7481"	"1.0"	"0.7286"	"Enrichr--Queries"	"LPAR1"
"gene_set_query"	"943"	"0.6717"	"ZNF562"	"ZNF562"	"1"	"298"	"0.7481"	"1.0"	"0.7286"	"Enrichr--Queries"	"LPAR1"
"gene_set_query"	"944"	"0.6724"	"TRAFD1"	"TRAFD1"	"1"	"298"	"0.7481"	"1.0"	"0.7286"	"Enrichr--Queries"	"PDE4B"
"gene_set_query"	"945"	"0.6731"	"ZNF28"	"ZNF28"	"1"	"298"	"0.7481"	"1.0"	"0.7286"	"Enrichr--Queries"	"SYTL2"
"gene_set_query"	"946"	"0.6738"	"TRERF1"	"TRERF1"	"1"	"298"	"0.7481"	"1.0"	"0.7286"	"Enrichr--Queries"	"LPAR1"
"gene_set_query"	"947"	"0.6745"	"ZNF529"	"ZNF529"	"1"	"298"	"0.7481"	"1.0"	"0.7286"	"Enrichr--Queries"	"PPP1R16B"
"gene_set_query"	"948"	"0.6752"	"HESX1"	"HESX1"	"1"	"298"	"0.7481"	"1.0"	"0.7286"	"Enrichr--Queries"	"LPAR1"
"gene_set_query"	"949"	"0.6759"	"TFEC"	"TFEC"	"1"	"298"	"0.7481"	"1.0"	"0.7286"	"Enrichr--Queries"	"PDE4B"
"gene_set_query"	"950"	"0.6766"	"NCOA1"	"NCOA1"	"1"	"298"	"0.7481"	"1.0"	"0.7286"	"Enrichr--Queries"	"LPAR1"
"gene_set_query"	"951"	"0.6774"	"TFCP2"	"TFCP2"	"1"	"298"	"0.7481"	"1.0"	"0.7286"	"Enrichr--Queries"	"LPAR1"
"gene_set_query"	"952"	"0.6781"	"ZNF823"	"ZNF823"	"1"	"298"	"0.7481"	"1.0"	"0.7286"	"Enrichr--Queries"	"RHOU"
"gene_set_query"	"953"	"0.6788"	"GTF2IRD2"	"GTF2IRD2"	"1"	"299"	"0.7492"	"1.0"	"0.7261"	"Enrichr--Queries"	"LPAR1"
"gene_set_query"	"954"	"0.6795"	"REL"	"REL"	"1"	"299"	"0.7492"	"1.0"	"0.7261"	"Enrichr--Queries"	"PDE4B"
"gene_set_query"	"955"	"0.6802"	"JRKL"	"JRKL"	"1"	"299"	"0.7492"	"1.0"	"0.7261"	"Enrichr--Queries"	"LIMCH1"
"gene_set_query"	"956"	"0.6809"	"KLF1"	"KLF1"	"1"	"299"	"0.7492"	"1.0"	"0.7261"	"Enrichr--Queries"	"TMOD1"
"gene_set_query"	"957"	"0.6816"	"ZNF226"	"ZNF226"	"1"	"299"	"0.7492"	"1.0"	"0.7261"	"Enrichr--Queries"	"SYTL2"
"gene_set_query"	"958"	"0.6823"	"GFI1B"	"GFI1B"	"1"	"299"	"0.7492"	"1.0"	"0.7261"	"Enrichr--Queries"	"TMOD1"
"gene_set_query"	"959"	"0.683"	"ZNF555"	"ZNF555"	"1"	"299"	"0.7492"	"1.0"	"0.7261"	"Enrichr--Queries"	"CLMN"
"gene_set_query"	"960"	"0.6838"	"BATF"	"BATF"	"1"	"299"	"0.7492"	"1.0"	"0.7261"	"Enrichr--Queries"	"PDE4B"
"gene_set_query"	"961"	"0.6845"	"ZNF273"	"ZNF273"	"1"	"299"	"0.7492"	"1.0"	"0.7261"	"Enrichr--Queries"	"SYTL2"
"gene_set_query"	"962"	"0.6852"	"ZNF621"	"ZNF621"	"1"	"299"	"0.7492"	"1.0"	"0.7261"	"Enrichr--Queries"	"LPAR1"
"gene_set_query"	"963"	"0.6859"	"POU2F2"	"POU2F2"	"1"	"299"	"0.7492"	"1.0"	"0.7261"	"Enrichr--Queries"	"SEMA7A"
"gene_set_query"	"964"	"0.6866"	"PRDM15"	"PRDM15"	"1"	"299"	"0.7492"	"1.0"	"0.7261"	"Enrichr--Queries"	"PDE4B"
"gene_set_query"	"965"	"0.6873"	"CEBPE"	"CEBPE"	"1"	"299"	"0.7492"	"1.0"	"0.7261"	"Enrichr--Queries"	"RHOU"
"gene_set_query"	"966"	"0.688"	"SP140"	"SP140"	"1"	"299"	"0.7492"	"1.0"	"0.7261"	"Enrichr--Queries"	"PDE4B"
"gene_set_query"	"967"	"0.6887"	"SETDB2"	"SETDB2"	"1"	"299"	"0.7492"	"1.0"	"0.7261"	"Enrichr--Queries"	"LPAR1"
"gene_set_query"	"968"	"0.6895"	"ZNF324"	"ZNF324"	"1"	"299"	"0.7492"	"1.0"	"0.7261"	"Enrichr--Queries"	"SYTL2"
"gene_set_query"	"969"	"0.6902"	"RUNX3"	"RUNX3"	"1"	"299"	"0.7492"	"1.0"	"0.7261"	"Enrichr--Queries"	"PDE4B"
"gene_set_query"	"970"	"0.6909"	"ETV3"	"ETV3"	"1"	"299"	"0.7492"	"1.0"	"0.7261"	"Enrichr--Queries"	"PDE4B"
"gene_set_query"	"971"	"0.6916"	"ZNF709"	"ZNF709"	"1"	"299"	"0.7492"	"1.0"	"0.7261"	"Enrichr--Queries"	"PDE4B"
"gene_set_query"	"972"	"0.6923"	"SPIB"	"SPIB"	"1"	"299"	"0.7492"	"1.0"	"0.7261"	"Enrichr--Queries"	"PPP1R16B"
"gene_set_query"	"973"	"0.693"	"ZUP1"	"ZUP1"	"1"	"299"	"0.7492"	"1.0"	"0.7261"	"Enrichr--Queries"	"LPAR1"
"gene_set_query"	"974"	"0.6937"	"GATA1"	"GATA1"	"1"	"299"	"0.7492"	"1.0"	"0.7261"	"Enrichr--Queries"	"TMOD1"
"gene_set_query"	"975"	"0.6944"	"ZNF394"	"ZNF394"	"1"	"299"	"0.7492"	"1.0"	"0.7261"	"Enrichr--Queries"	"PDE4B"
"gene_set_query"	"976"	"0.6952"	"ZNF85"	"ZNF85"	"1"	"299"	"0.7492"	"1.0"	"0.7261"	"Enrichr--Queries"	"PDE4B"
"gene_set_query"	"977"	"0.6959"	"ZNF337"	"ZNF337"	"1"	"299"	"0.7492"	"1.0"	"0.7261"	"Enrichr--Queries"	"SYTL2"
"gene_set_query"	"978"	"0.6966"	"ZNF341"	"ZNF341"	"1"	"299"	"0.7492"	"1.0"	"0.7261"	"Enrichr--Queries"	"LPAR1"
"gene_set_query"	"979"	"0.6973"	"GZF1"	"GZF1"	"0"	"299"	"1.0"	"1.0"	"0.0"	"Enrichr--Queries"	""
"gene_set_query"	"980"	"0.698"	"ZNF131"	"ZNF131"	"0"	"299"	"1.0"	"1.0"	"0.0"	"Enrichr--Queries"	""
"gene_set_query"	"981"	"0.6987"	"ZFX"	"ZFX"	"0"	"299"	"1.0"	"1.0"	"0.0"	"Enrichr--Queries"	""
"gene_set_query"	"982"	"0.6994"	"THAP8"	"THAP8"	"0"	"299"	"1.0"	"1.0"	"0.0"	"Enrichr--Queries"	""
"gene_set_query"	"983"	"0.7001"	"YY1"	"YY1"	"0"	"299"	"1.0"	"1.0"	"0.0"	"Enrichr--Queries"	""
"gene_set_query"	"984"	"0.7009"	"LYL1"	"LYL1"	"0"	"299"	"1.0"	"1.0"	"0.0"	"Enrichr--Queries"	""
"gene_set_query"	"985"	"0.7016"	"ZNF628"	"ZNF628"	"0"	"299"	"1.0"	"1.0"	"0.0"	"Enrichr--Queries"	""
"gene_set_query"	"986"	"0.7023"	"ZBED4"	"ZBED4"	"0"	"299"	"1.0"	"1.0"	"0.0"	"Enrichr--Queries"	""
"gene_set_query"	"987"	"0.703"	"FOXK1"	"FOXK1"	"0"	"299"	"1.0"	"1.0"	"0.0"	"Enrichr--Queries"	""
"gene_set_query"	"988"	"0.7037"	"TFE3"	"TFE3"	"0"	"299"	"1.0"	"1.0"	"0.0"	"Enrichr--Queries"	""
"gene_set_query"	"989"	"0.7044"	"ZNF335"	"ZNF335"	"0"	"299"	"1.0"	"1.0"	"0.0"	"Enrichr--Queries"	""
"gene_set_query"	"990"	"0.7051"	"ZNF609"	"ZNF609"	"0"	"299"	"1.0"	"1.0"	"0.0"	"Enrichr--Queries"	""
"gene_set_query"	"991"	"0.7058"	"RFX5"	"RFX5"	"0"	"299"	"1.0"	"1.0"	"0.0"	"Enrichr--Queries"	""
"gene_set_query"	"992"	"0.7066"	"ZBTB7B"	"ZBTB7B"	"0"	"299"	"1.0"	"1.0"	"0.0"	"Enrichr--Queries"	""
"gene_set_query"	"993"	"0.7073"	"ZNF777"	"ZNF777"	"0"	"299"	"1.0"	"1.0"	"0.0"	"Enrichr--Queries"	""
"gene_set_query"	"994"	"0.708"	"PLAGL2"	"PLAGL2"	"0"	"299"	"1.0"	"1.0"	"0.0"	"Enrichr--Queries"	""
"gene_set_query"	"995"	"0.7087"	"NFE2"	"NFE2"	"0"	"299"	"1.0"	"1.0"	"0.0"	"Enrichr--Queries"	""
"gene_set_query"	"996"	"0.7094"	"ZNF512B"	"ZNF512B"	"0"	"299"	"1.0"	"1.0"	"0.0"	"Enrichr--Queries"	""
"gene_set_query"	"997"	"0.7101"	"KIN"	"KIN"	"0"	"299"	"1.0"	"1.0"	"0.0"	"Enrichr--Queries"	""
"gene_set_query"	"998"	"0.7108"	"ZNF276"	"ZNF276"	"0"	"299"	"1.0"	"1.0"	"0.0"	"Enrichr--Queries"	""
"gene_set_query"	"999"	"0.7115"	"CREBZF"	"CREBZF"	"0"	"299"	"1.0"	"1.0"	"0.0"	"Enrichr--Queries"	""
"gene_set_query"	"1000"	"0.7123"	"E4F1"	"E4F1"	"0"	"299"	"1.0"	"1.0"	"0.0"	"Enrichr--Queries"	""
"gene_set_query"	"1001"	"0.713"	"SPI1"	"SPI1"	"0"	"299"	"1.0"	"1.0"	"0.0"	"Enrichr--Queries"	""
"gene_set_query"	"1002"	"0.7137"	"ZNF584"	"ZNF584"	"0"	"299"	"1.0"	"1.0"	"0.0"	"Enrichr--Queries"	""
"gene_set_query"	"1003"	"0.7144"	"AKAP8"	"AKAP8"	"0"	"299"	"1.0"	"1.0"	"0.0"	"Enrichr--Queries"	""
"gene_set_query"	"1004"	"0.7151"	"ZFP91"	"ZFP91"	"0"	"299"	"1.0"	"1.0"	"0.0"	"Enrichr--Queries"	""
"gene_set_query"	"1005"	"0.7158"	"BAZ2A"	"BAZ2A"	"0"	"299"	"1.0"	"1.0"	"0.0"	"Enrichr--Queries"	""
"gene_set_query"	"1006"	"0.7165"	"ZNF526"	"ZNF526"	"0"	"299"	"1.0"	"1.0"	"0.0"	"Enrichr--Queries"	""
"gene_set_query"	"1007"	"0.7172"	"IRF5"	"IRF5"	"0"	"299"	"1.0"	"1.0"	"0.0"	"Enrichr--Queries"	""
"gene_set_query"	"1008"	"0.7179"	"LCORL"	"LCORL"	"0"	"299"	"1.0"	"1.0"	"0.0"	"Enrichr--Queries"	""
"gene_set_query"	"1009"	"0.7187"	"DOT1L"	"DOT1L"	"0"	"299"	"1.0"	"1.0"	"0.0"	"Enrichr--Queries"	""
"gene_set_query"	"1010"	"0.7194"	"ZNF207"	"ZNF207"	"0"	"299"	"1.0"	"1.0"	"0.0"	"Enrichr--Queries"	""
"gene_set_query"	"1011"	"0.7201"	"VEZF1"	"VEZF1"	"0"	"299"	"1.0"	"1.0"	"0.0"	"Enrichr--Queries"	""
"gene_set_query"	"1012"	"0.7208"	"FOXP3"	"FOXP3"	"0"	"299"	"1.0"	"1.0"	"0.0"	"Enrichr--Queries"	""
"gene_set_query"	"1013"	"0.7215"	"ZNF326"	"ZNF326"	"0"	"299"	"1.0"	"1.0"	"0.0"	"Enrichr--Queries"	""
"gene_set_query"	"1014"	"0.7222"	"ZSCAN29"	"ZSCAN29"	"0"	"299"	"1.0"	"1.0"	"0.0"	"Enrichr--Queries"	""
"gene_set_query"	"1015"	"0.7229"	"FOXK2"	"FOXK2"	"0"	"299"	"1.0"	"1.0"	"0.0"	"Enrichr--Queries"	""
"gene_set_query"	"1016"	"0.7236"	"FIZ1"	"FIZ1"	"0"	"299"	"1.0"	"1.0"	"0.0"	"Enrichr--Queries"	""
"gene_set_query"	"1017"	"0.7244"	"CIC"	"CIC"	"0"	"299"	"1.0"	"1.0"	"0.0"	"Enrichr--Queries"	""
"gene_set_query"	"1018"	"0.7251"	"ZNF318"	"ZNF318"	"0"	"299"	"1.0"	"1.0"	"0.0"	"Enrichr--Queries"	""
"gene_set_query"	"1019"	"0.7258"	"THAP11"	"THAP11"	"0"	"299"	"1.0"	"1.0"	"0.0"	"Enrichr--Queries"	""
"gene_set_query"	"1020"	"0.7265"	"CAMTA2"	"CAMTA2"	"0"	"299"	"1.0"	"1.0"	"0.0"	"Enrichr--Queries"	""
"gene_set_query"	"1021"	"0.7272"	"ATF6"	"ATF6"	"0"	"299"	"1.0"	"1.0"	"0.0"	"Enrichr--Queries"	""
"gene_set_query"	"1022"	"0.7279"	"RLF"	"RLF"	"0"	"299"	"1.0"	"1.0"	"0.0"	"Enrichr--Queries"	""
"gene_set_query"	"1023"	"0.7286"	"ATF1"	"ATF1"	"0"	"299"	"1.0"	"1.0"	"0.0"	"Enrichr--Queries"	""
"gene_set_query"	"1024"	"0.7293"	"NFX1"	"NFX1"	"0"	"299"	"1.0"	"1.0"	"0.0"	"Enrichr--Queries"	""
"gene_set_query"	"1025"	"0.7301"	"ZNF821"	"ZNF821"	"0"	"299"	"1.0"	"1.0"	"0.0"	"Enrichr--Queries"	""
"gene_set_query"	"1026"	"0.7308"	"ZNF696"	"ZNF696"	"0"	"299"	"1.0"	"1.0"	"0.0"	"Enrichr--Queries"	""
"gene_set_query"	"1027"	"0.7315"	"CLOCK"	"CLOCK"	"0"	"299"	"1.0"	"1.0"	"0.0"	"Enrichr--Queries"	""
"gene_set_query"	"1028"	"0.7322"	"ZKSCAN3"	"ZKSCAN3"	"0"	"299"	"1.0"	"1.0"	"0.0"	"Enrichr--Queries"	""
"gene_set_query"	"1029"	"0.7329"	"ESRRA"	"ESRRA"	"0"	"299"	"1.0"	"1.0"	"0.0"	"Enrichr--Queries"	""
"gene_set_query"	"1030"	"0.7336"	"ZGPAT"	"ZGPAT"	"0"	"299"	"1.0"	"1.0"	"0.0"	"Enrichr--Queries"	""
"gene_set_query"	"1031"	"0.7343"	"PREB"	"PREB"	"0"	"299"	"1.0"	"1.0"	"0.0"	"Enrichr--Queries"	""
"gene_set_query"	"1032"	"0.735"	"PHF20"	"PHF20"	"0"	"299"	"1.0"	"1.0"	"0.0"	"Enrichr--Queries"	""
"gene_set_query"	"1033"	"0.7358"	"ZNF664"	"ZNF664"	"0"	"299"	"1.0"	"1.0"	"0.0"	"Enrichr--Queries"	""
"gene_set_query"	"1034"	"0.7365"	"ZBTB17"	"ZBTB17"	"0"	"299"	"1.0"	"1.0"	"0.0"	"Enrichr--Queries"	""
"gene_set_query"	"1035"	"0.7372"	"ZBTB48"	"ZBTB48"	"0"	"299"	"1.0"	"1.0"	"0.0"	"Enrichr--Queries"	""
"gene_set_query"	"1036"	"0.7379"	"ANKZF1"	"ANKZF1"	"0"	"299"	"1.0"	"1.0"	"0.0"	"Enrichr--Queries"	""
"gene_set_query"	"1037"	"0.7386"	"GATAD2B"	"GATAD2B"	"0"	"299"	"1.0"	"1.0"	"0.0"	"Enrichr--Queries"	""
"gene_set_query"	"1038"	"0.7393"	"ZNF212"	"ZNF212"	"0"	"299"	"1.0"	"1.0"	"0.0"	"Enrichr--Queries"	""
"gene_set_query"	"1039"	"0.74"	"SRCAP"	"SRCAP"	"0"	"299"	"1.0"	"1.0"	"0.0"	"Enrichr--Queries"	""
"gene_set_query"	"1040"	"0.7407"	"ZNF687"	"ZNF687"	"0"	"299"	"1.0"	"1.0"	"0.0"	"Enrichr--Queries"	""
"gene_set_query"	"1041"	"0.7415"	"MBD2"	"MBD2"	"0"	"298"	"1.0"	"1.0"	"0.0"	"Enrichr--Queries"	""
"gene_set_query"	"1042"	"0.7422"	"NFYB"	"NFYB"	"0"	"298"	"1.0"	"1.0"	"0.0"	"Enrichr--Queries"	""
"gene_set_query"	"1043"	"0.7429"	"ADNP"	"ADNP"	"0"	"298"	"1.0"	"1.0"	"0.0"	"Enrichr--Queries"	""
"gene_set_query"	"1044"	"0.7436"	"ZNF496"	"ZNF496"	"0"	"298"	"1.0"	"1.0"	"0.0"	"Enrichr--Queries"	""
"gene_set_query"	"1045"	"0.7443"	"ZNF292"	"ZNF292"	"0"	"298"	"1.0"	"1.0"	"0.0"	"Enrichr--Queries"	""
"gene_set_query"	"1046"	"0.745"	"SP1"	"SP1"	"0"	"298"	"1.0"	"1.0"	"0.0"	"Enrichr--Queries"	""
"gene_set_query"	"1047"	"0.7457"	"ELK4"	"ELK4"	"0"	"298"	"1.0"	"1.0"	"0.0"	"Enrichr--Queries"	""
"gene_set_query"	"1048"	"0.7464"	"E2F4"	"E2F4"	"0"	"298"	"1.0"	"1.0"	"0.0"	"Enrichr--Queries"	""
"gene_set_query"	"1049"	"0.7472"	"NR2C1"	"NR2C1"	"0"	"298"	"1.0"	"1.0"	"0.0"	"Enrichr--Queries"	""
"gene_set_query"	"1050"	"0.7479"	"ZNF639"	"ZNF639"	"0"	"298"	"1.0"	"1.0"	"0.0"	"Enrichr--Queries"	""
"gene_set_query"	"1051"	"0.7486"	"ZNF740"	"ZNF740"	"0"	"298"	"1.0"	"1.0"	"0.0"	"Enrichr--Queries"	""
"gene_set_query"	"1052"	"0.7493"	"RBAK"	"RBAK"	"0"	"298"	"1.0"	"1.0"	"0.0"	"Enrichr--Queries"	""
"gene_set_query"	"1053"	"0.75"	"MAX"	"MAX"	"0"	"298"	"1.0"	"1.0"	"0.0"	"Enrichr--Queries"	""
"gene_set_query"	"1054"	"0.7507"	"RXRB"	"RXRB"	"0"	"298"	"1.0"	"1.0"	"0.0"	"Enrichr--Queries"	""
"gene_set_query"	"1055"	"0.7514"	"IRF7"	"IRF7"	"0"	"298"	"1.0"	"1.0"	"0.0"	"Enrichr--Queries"	""
"gene_set_query"	"1056"	"0.7521"	"ZNF253"	"ZNF253"	"0"	"298"	"1.0"	"1.0"	"0.0"	"Enrichr--Queries"	""
"gene_set_query"	"1057"	"0.7528"	"ZNF668"	"ZNF668"	"0"	"298"	"1.0"	"1.0"	"0.0"	"Enrichr--Queries"	""
"gene_set_query"	"1058"	"0.7536"	"CUX1"	"CUX1"	"0"	"298"	"1.0"	"1.0"	"0.0"	"Enrichr--Queries"	""
"gene_set_query"	"1059"	"0.7543"	"BAZ2B"	"BAZ2B"	"0"	"298"	"1.0"	"1.0"	"0.0"	"Enrichr--Queries"	""
"gene_set_query"	"1060"	"0.755"	"CREBL2"	"CREBL2"	"0"	"298"	"1.0"	"1.0"	"0.0"	"Enrichr--Queries"	""
"gene_set_query"	"1061"	"0.7557"	"THAP7"	"THAP7"	"0"	"298"	"1.0"	"1.0"	"0.0"	"Enrichr--Queries"	""
"gene_set_query"	"1062"	"0.7564"	"MXD3"	"MXD3"	"0"	"298"	"1.0"	"1.0"	"0.0"	"Enrichr--Queries"	""
"gene_set_query"	"1063"	"0.7571"	"PBX2"	"PBX2"	"0"	"298"	"1.0"	"1.0"	"0.0"	"Enrichr--Queries"	""
"gene_set_query"	"1064"	"0.7578"	"ZNF76"	"ZNF76"	"0"	"298"	"1.0"	"1.0"	"0.0"	"Enrichr--Queries"	""
"gene_set_query"	"1065"	"0.7585"	"RFX1"	"RFX1"	"0"	"298"	"1.0"	"1.0"	"0.0"	"Enrichr--Queries"	""
"gene_set_query"	"1066"	"0.7593"	"NFATC3"	"NFATC3"	"0"	"298"	"1.0"	"1.0"	"0.0"	"Enrichr--Queries"	""
"gene_set_query"	"1067"	"0.76"	"ZNF830"	"ZNF830"	"0"	"298"	"1.0"	"1.0"	"0.0"	"Enrichr--Queries"	""
"gene_set_query"	"1068"	"0.7607"	"NR2C2"	"NR2C2"	"0"	"298"	"1.0"	"1.0"	"0.0"	"Enrichr--Queries"	""
"gene_set_query"	"1069"	"0.7614"	"ZNF706"	"ZNF706"	"0"	"298"	"1.0"	"1.0"	"0.0"	"Enrichr--Queries"	""
"gene_set_query"	"1070"	"0.7621"	"ZNF142"	"ZNF142"	"0"	"298"	"1.0"	"1.0"	"0.0"	"Enrichr--Queries"	""
"gene_set_query"	"1071"	"0.7628"	"ZNF24"	"ZNF24"	"0"	"298"	"1.0"	"1.0"	"0.0"	"Enrichr--Queries"	""
"gene_set_query"	"1072"	"0.7635"	"RFX7"	"RFX7"	"0"	"298"	"1.0"	"1.0"	"0.0"	"Enrichr--Queries"	""
"gene_set_query"	"1073"	"0.7642"	"FOXJ3"	"FOXJ3"	"0"	"298"	"1.0"	"1.0"	"0.0"	"Enrichr--Queries"	""
"gene_set_query"	"1074"	"0.765"	"ZHX1"	"ZHX1"	"0"	"298"	"1.0"	"1.0"	"0.0"	"Enrichr--Queries"	""
"gene_set_query"	"1075"	"0.7657"	"RELA"	"RELA"	"0"	"298"	"1.0"	"1.0"	"0.0"	"Enrichr--Queries"	""
"gene_set_query"	"1076"	"0.7664"	"PRR12"	"PRR12"	"0"	"298"	"1.0"	"1.0"	"0.0"	"Enrichr--Queries"	""
"gene_set_query"	"1077"	"0.7671"	"ADNP2"	"ADNP2"	"0"	"298"	"1.0"	"1.0"	"0.0"	"Enrichr--Queries"	""
"gene_set_query"	"1078"	"0.7678"	"GATAD2A"	"GATAD2A"	"0"	"298"	"1.0"	"1.0"	"0.0"	"Enrichr--Queries"	""
"gene_set_query"	"1079"	"0.7685"	"GMEB2"	"GMEB2"	"0"	"298"	"1.0"	"1.0"	"0.0"	"Enrichr--Queries"	""
"gene_set_query"	"1080"	"0.7692"	"TIGD5"	"TIGD5"	"0"	"298"	"1.0"	"1.0"	"0.0"	"Enrichr--Queries"	""
"gene_set_query"	"1081"	"0.7699"	"ZNF93"	"ZNF93"	"0"	"298"	"1.0"	"1.0"	"0.0"	"Enrichr--Queries"	""
"gene_set_query"	"1082"	"0.7707"	"ZNF77"	"ZNF77"	"0"	"298"	"1.0"	"1.0"	"0.0"	"Enrichr--Queries"	""
"gene_set_query"	"1083"	"0.7714"	"ZNF316"	"ZNF316"	"0"	"298"	"1.0"	"1.0"	"0.0"	"Enrichr--Queries"	""
"gene_set_query"	"1084"	"0.7721"	"ZNF148"	"ZNF148"	"0"	"298"	"1.0"	"1.0"	"0.0"	"Enrichr--Queries"	""
"gene_set_query"	"1085"	"0.7728"	"ZNF213"	"ZNF213"	"0"	"298"	"1.0"	"1.0"	"0.0"	"Enrichr--Queries"	""
"gene_set_query"	"1086"	"0.7735"	"KCMF1"	"KCMF1"	"0"	"298"	"1.0"	"1.0"	"0.0"	"Enrichr--Queries"	""
"gene_set_query"	"1087"	"0.7742"	"SOX12"	"SOX12"	"0"	"298"	"1.0"	"1.0"	"0.0"	"Enrichr--Queries"	""
"gene_set_query"	"1088"	"0.7749"	"ZXDC"	"ZXDC"	"0"	"298"	"1.0"	"1.0"	"0.0"	"Enrichr--Queries"	""
"gene_set_query"	"1089"	"0.7756"	"ZBTB37"	"ZBTB37"	"0"	"298"	"1.0"	"1.0"	"0.0"	"Enrichr--Queries"	""
"gene_set_query"	"1090"	"0.7764"	"KLF13"	"KLF13"	"0"	"298"	"1.0"	"1.0"	"0.0"	"Enrichr--Queries"	""
"gene_set_query"	"1091"	"0.7771"	"SREBF2"	"SREBF2"	"0"	"298"	"1.0"	"1.0"	"0.0"	"Enrichr--Queries"	""
"gene_set_query"	"1092"	"0.7778"	"MYBL2"	"MYBL2"	"0"	"298"	"1.0"	"1.0"	"0.0"	"Enrichr--Queries"	""
"gene_set_query"	"1093"	"0.7785"	"ZNF264"	"ZNF264"	"0"	"298"	"1.0"	"1.0"	"0.0"	"Enrichr--Queries"	""
"gene_set_query"	"1094"	"0.7792"	"ZNF274"	"ZNF274"	"0"	"298"	"1.0"	"1.0"	"0.0"	"Enrichr--Queries"	""
"gene_set_query"	"1095"	"0.7799"	"YBX1"	"YBX1"	"0"	"298"	"1.0"	"1.0"	"0.0"	"Enrichr--Queries"	""
"gene_set_query"	"1096"	"0.7806"	"LCOR"	"LCOR"	"0"	"298"	"1.0"	"1.0"	"0.0"	"Enrichr--Queries"	""
"gene_set_query"	"1097"	"0.7813"	"USF1"	"USF1"	"0"	"298"	"1.0"	"1.0"	"0.0"	"Enrichr--Queries"	""
"gene_set_query"	"1098"	"0.7821"	"ELF2"	"ELF2"	"0"	"298"	"1.0"	"1.0"	"0.0"	"Enrichr--Queries"	""
"gene_set_query"	"1099"	"0.7828"	"NFYC"	"NFYC"	"0"	"298"	"1.0"	"1.0"	"0.0"	"Enrichr--Queries"	""
"gene_set_query"	"1100"	"0.7835"	"FOXH1"	"FOXH1"	"0"	"298"	"1.0"	"1.0"	"0.0"	"Enrichr--Queries"	""
"gene_set_query"	"1101"	"0.7842"	"HMG20B"	"HMG20B"	"0"	"298"	"1.0"	"1.0"	"0.0"	"Enrichr--Queries"	""
"gene_set_query"	"1102"	"0.7849"	"ZNF346"	"ZNF346"	"0"	"298"	"1.0"	"1.0"	"0.0"	"Enrichr--Queries"	""
"gene_set_query"	"1103"	"0.7856"	"MLX"	"MLX"	"0"	"298"	"1.0"	"1.0"	"0.0"	"Enrichr--Queries"	""
"gene_set_query"	"1104"	"0.7863"	"ZNF700"	"ZNF700"	"0"	"298"	"1.0"	"1.0"	"0.0"	"Enrichr--Queries"	""
"gene_set_query"	"1105"	"0.787"	"ZNF407"	"ZNF407"	"0"	"298"	"1.0"	"1.0"	"0.0"	"Enrichr--Queries"	""
"gene_set_query"	"1106"	"0.7877"	"CEBPZ"	"CEBPZ"	"0"	"298"	"1.0"	"1.0"	"0.0"	"Enrichr--Queries"	""
"gene_set_query"	"1107"	"0.7885"	"TCF20"	"TCF20"	"0"	"298"	"1.0"	"1.0"	"0.0"	"Enrichr--Queries"	""
"gene_set_query"	"1108"	"0.7892"	"TFDP1"	"TFDP1"	"0"	"298"	"1.0"	"1.0"	"0.0"	"Enrichr--Queries"	""
"gene_set_query"	"1109"	"0.7899"	"ZNF431"	"ZNF431"	"0"	"298"	"1.0"	"1.0"	"0.0"	"Enrichr--Queries"	""
"gene_set_query"	"1110"	"0.7906"	"NCOA2"	"NCOA2"	"0"	"298"	"1.0"	"1.0"	"0.0"	"Enrichr--Queries"	""
"gene_set_query"	"1111"	"0.7913"	"ZBTB26"	"ZBTB26"	"0"	"298"	"1.0"	"1.0"	"0.0"	"Enrichr--Queries"	""
"gene_set_query"	"1112"	"0.792"	"ZNF282"	"ZNF282"	"0"	"298"	"1.0"	"1.0"	"0.0"	"Enrichr--Queries"	""
"gene_set_query"	"1113"	"0.7927"	"GTF3A"	"GTF3A"	"0"	"298"	"1.0"	"1.0"	"0.0"	"Enrichr--Queries"	""
"gene_set_query"	"1114"	"0.7934"	"KLF3"	"KLF3"	"0"	"298"	"1.0"	"1.0"	"0.0"	"Enrichr--Queries"	""
"gene_set_query"	"1115"	"0.7942"	"ARID2"	"ARID2"	"0"	"298"	"1.0"	"1.0"	"0.0"	"Enrichr--Queries"	""
"gene_set_query"	"1116"	"0.7949"	"IKZF5"	"IKZF5"	"0"	"298"	"1.0"	"1.0"	"0.0"	"Enrichr--Queries"	""
"gene_set_query"	"1117"	"0.7956"	"UBP1"	"UBP1"	"0"	"298"	"1.0"	"1.0"	"0.0"	"Enrichr--Queries"	""
"gene_set_query"	"1118"	"0.7963"	"MNT"	"MNT"	"0"	"298"	"1.0"	"1.0"	"0.0"	"Enrichr--Queries"	""
"gene_set_query"	"1119"	"0.797"	"ZBTB39"	"ZBTB39"	"0"	"298"	"1.0"	"1.0"	"0.0"	"Enrichr--Queries"	""
"gene_set_query"	"1120"	"0.7977"	"ZNF384"	"ZNF384"	"0"	"298"	"1.0"	"1.0"	"0.0"	"Enrichr--Queries"	""
"gene_set_query"	"1121"	"0.7984"	"E2F2"	"E2F2"	"0"	"298"	"1.0"	"1.0"	"0.0"	"Enrichr--Queries"	""
"gene_set_query"	"1122"	"0.7991"	"TIGD6"	"TIGD6"	"0"	"298"	"1.0"	"1.0"	"0.0"	"Enrichr--Queries"	""
"gene_set_query"	"1123"	"0.7999"	"ZZZ3"	"ZZZ3"	"0"	"298"	"1.0"	"1.0"	"0.0"	"Enrichr--Queries"	""
"gene_set_query"	"1124"	"0.8006"	"ZNF592"	"ZNF592"	"0"	"298"	"1.0"	"1.0"	"0.0"	"Enrichr--Queries"	""
"gene_set_query"	"1125"	"0.8013"	"KLF16"	"KLF16"	"0"	"298"	"1.0"	"1.0"	"0.0"	"Enrichr--Queries"	""
"gene_set_query"	"1126"	"0.802"	"NR1H2"	"NR1H2"	"0"	"298"	"1.0"	"1.0"	"0.0"	"Enrichr--Queries"	""
"gene_set_query"	"1127"	"0.8027"	"EEA1"	"EEA1"	"0"	"298"	"1.0"	"1.0"	"0.0"	"Enrichr--Queries"	""
"gene_set_query"	"1128"	"0.8034"	"MLXIP"	"MLXIP"	"0"	"298"	"1.0"	"1.0"	"0.0"	"Enrichr--Queries"	""
"gene_set_query"	"1129"	"0.8041"	"ZNF263"	"ZNF263"	"0"	"298"	"1.0"	"1.0"	"0.0"	"Enrichr--Queries"	""
"gene_set_query"	"1130"	"0.8048"	"PHF21A"	"PHF21A"	"0"	"298"	"1.0"	"1.0"	"0.0"	"Enrichr--Queries"	""
"gene_set_query"	"1131"	"0.8056"	"AKAP8L"	"AKAP8L"	"0"	"298"	"1.0"	"1.0"	"0.0"	"Enrichr--Queries"	""
"gene_set_query"	"1132"	"0.8063"	"ZNF800"	"ZNF800"	"0"	"298"	"1.0"	"1.0"	"0.0"	"Enrichr--Queries"	""
"gene_set_query"	"1133"	"0.807"	"RXRA"	"RXRA"	"0"	"298"	"1.0"	"1.0"	"0.0"	"Enrichr--Queries"	""
"gene_set_query"	"1134"	"0.8077"	"AHCTF1"	"AHCTF1"	"0"	"298"	"1.0"	"1.0"	"0.0"	"Enrichr--Queries"	""
"gene_set_query"	"1135"	"0.8084"	"NR1H3"	"NR1H3"	"0"	"298"	"1.0"	"1.0"	"0.0"	"Enrichr--Queries"	""
"gene_set_query"	"1136"	"0.8091"	"ZFP64"	"ZFP64"	"0"	"298"	"1.0"	"1.0"	"0.0"	"Enrichr--Queries"	""
"gene_set_query"	"1137"	"0.8098"	"SMAD4"	"SMAD4"	"0"	"298"	"1.0"	"1.0"	"0.0"	"Enrichr--Queries"	""
"gene_set_query"	"1138"	"0.8105"	"ZBTB41"	"ZBTB41"	"0"	"298"	"1.0"	"1.0"	"0.0"	"Enrichr--Queries"	""
"gene_set_query"	"1139"	"0.8113"	"ZNF230"	"ZNF230"	"0"	"298"	"1.0"	"1.0"	"0.0"	"Enrichr--Queries"	""
"gene_set_query"	"1140"	"0.812"	"ZNF37A"	"ZNF37A"	"0"	"298"	"1.0"	"1.0"	"0.0"	"Enrichr--Queries"	""
"gene_set_query"	"1141"	"0.8127"	"MEF2D"	"MEF2D"	"0"	"298"	"1.0"	"1.0"	"0.0"	"Enrichr--Queries"	""
"gene_set_query"	"1142"	"0.8134"	"ZNF598"	"ZNF598"	"0"	"298"	"1.0"	"1.0"	"0.0"	"Enrichr--Queries"	""
"gene_set_query"	"1143"	"0.8141"	"ATF7"	"ATF7"	"0"	"298"	"1.0"	"1.0"	"0.0"	"Enrichr--Queries"	""
"gene_set_query"	"1144"	"0.8148"	"ZNF765"	"ZNF765"	"0"	"298"	"1.0"	"1.0"	"0.0"	"Enrichr--Queries"	""
"gene_set_query"	"1145"	"0.8155"	"TFAP4"	"TFAP4"	"0"	"298"	"1.0"	"1.0"	"0.0"	"Enrichr--Queries"	""
"gene_set_query"	"1146"	"0.8162"	"NFXL1"	"NFXL1"	"0"	"298"	"1.0"	"1.0"	"0.0"	"Enrichr--Queries"	""
"gene_set_query"	"1147"	"0.817"	"CBX2"	"CBX2"	"0"	"298"	"1.0"	"1.0"	"0.0"	"Enrichr--Queries"	""
"gene_set_query"	"1148"	"0.8177"	"ZBTB44"	"ZBTB44"	"0"	"298"	"1.0"	"1.0"	"0.0"	"Enrichr--Queries"	""
"gene_set_query"	"1149"	"0.8184"	"ATF2"	"ATF2"	"0"	"298"	"1.0"	"1.0"	"0.0"	"Enrichr--Queries"	""
"gene_set_query"	"1150"	"0.8191"	"PRMT3"	"PRMT3"	"0"	"298"	"1.0"	"1.0"	"0.0"	"Enrichr--Queries"	""
"gene_set_query"	"1151"	"0.8198"	"PCGF6"	"PCGF6"	"0"	"298"	"1.0"	"1.0"	"0.0"	"Enrichr--Queries"	""
"gene_set_query"	"1152"	"0.8205"	"CXXC1"	"CXXC1"	"0"	"298"	"1.0"	"1.0"	"0.0"	"Enrichr--Queries"	""
"gene_set_query"	"1153"	"0.8212"	"ZNF557"	"ZNF557"	"0"	"298"	"1.0"	"1.0"	"0.0"	"Enrichr--Queries"	""
"gene_set_query"	"1154"	"0.8219"	"ZBTB11"	"ZBTB11"	"0"	"298"	"1.0"	"1.0"	"0.0"	"Enrichr--Queries"	""
"gene_set_query"	"1155"	"0.8226"	"POU2F1"	"POU2F1"	"0"	"298"	"1.0"	"1.0"	"0.0"	"Enrichr--Queries"	""
"gene_set_query"	"1156"	"0.8234"	"IKZF1"	"IKZF1"	"0"	"298"	"1.0"	"1.0"	"0.0"	"Enrichr--Queries"	""
"gene_set_query"	"1157"	"0.8241"	"ASH1L"	"ASH1L"	"0"	"298"	"1.0"	"1.0"	"0.0"	"Enrichr--Queries"	""
"gene_set_query"	"1158"	"0.8248"	"ZNF766"	"ZNF766"	"0"	"298"	"1.0"	"1.0"	"0.0"	"Enrichr--Queries"	""
"gene_set_query"	"1159"	"0.8255"	"MYNN"	"MYNN"	"0"	"298"	"1.0"	"1.0"	"0.0"	"Enrichr--Queries"	""
"gene_set_query"	"1160"	"0.8262"	"ZNF200"	"ZNF200"	"0"	"298"	"1.0"	"1.0"	"0.0"	"Enrichr--Queries"	""
"gene_set_query"	"1161"	"0.8269"	"DR1"	"DR1"	"0"	"298"	"1.0"	"1.0"	"0.0"	"Enrichr--Queries"	""
"gene_set_query"	"1162"	"0.8276"	"FOXJ2"	"FOXJ2"	"0"	"298"	"1.0"	"1.0"	"0.0"	"Enrichr--Queries"	""
"gene_set_query"	"1163"	"0.8283"	"STAT5B"	"STAT5B"	"0"	"298"	"1.0"	"1.0"	"0.0"	"Enrichr--Queries"	""
"gene_set_query"	"1164"	"0.8291"	"ZNF445"	"ZNF445"	"0"	"298"	"1.0"	"1.0"	"0.0"	"Enrichr--Queries"	""
"gene_set_query"	"1165"	"0.8298"	"ZNF547"	"ZNF547"	"0"	"298"	"1.0"	"1.0"	"0.0"	"Enrichr--Queries"	""
"gene_set_query"	"1166"	"0.8305"	"FOXM1"	"FOXM1"	"0"	"298"	"1.0"	"1.0"	"0.0"	"Enrichr--Queries"	""
"gene_set_query"	"1167"	"0.8312"	"ZNF623"	"ZNF623"	"0"	"298"	"1.0"	"1.0"	"0.0"	"Enrichr--Queries"	""
"gene_set_query"	"1168"	"0.8319"	"E2F1"	"E2F1"	"0"	"298"	"1.0"	"1.0"	"0.0"	"Enrichr--Queries"	""
"gene_set_query"	"1169"	"0.8326"	"PPARD"	"PPARD"	"0"	"297"	"1.0"	"1.0"	"0.0"	"Enrichr--Queries"	""
"gene_set_query"	"1170"	"0.8333"	"E2F7"	"E2F7"	"0"	"297"	"1.0"	"1.0"	"0.0"	"Enrichr--Queries"	""
"gene_set_query"	"1171"	"0.834"	"MAFG"	"MAFG"	"0"	"297"	"1.0"	"1.0"	"0.0"	"Enrichr--Queries"	""
"gene_set_query"	"1172"	"0.8348"	"RHOXF2"	"RHOXF2"	"0"	"297"	"1.0"	"1.0"	"0.0"	"Enrichr--Queries"	""
"gene_set_query"	"1173"	"0.8355"	"ZNF146"	"ZNF146"	"0"	"297"	"1.0"	"1.0"	"0.0"	"Enrichr--Queries"	""
"gene_set_query"	"1174"	"0.8362"	"NFE2L1"	"NFE2L1"	"0"	"297"	"1.0"	"1.0"	"0.0"	"Enrichr--Queries"	""
"gene_set_query"	"1175"	"0.8369"	"NR2F6"	"NR2F6"	"0"	"297"	"1.0"	"1.0"	"0.0"	"Enrichr--Queries"	""
"gene_set_query"	"1176"	"0.8376"	"HES7"	"HES7"	"0"	"297"	"1.0"	"1.0"	"0.0"	"Enrichr--Queries"	""
"gene_set_query"	"1177"	"0.8383"	"TCF3"	"TCF3"	"0"	"297"	"1.0"	"1.0"	"0.0"	"Enrichr--Queries"	""
"gene_set_query"	"1178"	"0.839"	"ZBTB9"	"ZBTB9"	"0"	"297"	"1.0"	"1.0"	"0.0"	"Enrichr--Queries"	""
"gene_set_query"	"1179"	"0.8397"	"E2F6"	"E2F6"	"0"	"297"	"1.0"	"1.0"	"0.0"	"Enrichr--Queries"	""
"gene_set_query"	"1180"	"0.8405"	"ZNF805"	"ZNF805"	"0"	"297"	"1.0"	"1.0"	"0.0"	"Enrichr--Queries"	""
"gene_set_query"	"1181"	"0.8412"	"ATF4"	"ATF4"	"0"	"297"	"1.0"	"1.0"	"0.0"	"Enrichr--Queries"	""
"gene_set_query"	"1182"	"0.8419"	"MBD3"	"MBD3"	"0"	"297"	"1.0"	"1.0"	"0.0"	"Enrichr--Queries"	""
"gene_set_query"	"1183"	"0.8426"	"ZNF205"	"ZNF205"	"0"	"297"	"1.0"	"1.0"	"0.0"	"Enrichr--Queries"	""
"gene_set_query"	"1184"	"0.8433"	"MYOG"	"MYOG"	"0"	"297"	"1.0"	"1.0"	"0.0"	"Enrichr--Queries"	""
"gene_set_query"	"1185"	"0.844"	"THAP4"	"THAP4"	"0"	"297"	"1.0"	"1.0"	"0.0"	"Enrichr--Queries"	""
"gene_set_query"	"1186"	"0.8447"	"ZNF776"	"ZNF776"	"0"	"297"	"1.0"	"1.0"	"0.0"	"Enrichr--Queries"	""
"gene_set_query"	"1187"	"0.8454"	"THAP3"	"THAP3"	"0"	"297"	"1.0"	"1.0"	"0.0"	"Enrichr--Queries"	""
"gene_set_query"	"1188"	"0.8462"	"MEF2B"	"MEF2B"	"0"	"297"	"1.0"	"1.0"	"0.0"	"Enrichr--Queries"	""
"gene_set_query"	"1189"	"0.8469"	"ZNF543"	"ZNF543"	"0"	"297"	"1.0"	"1.0"	"0.0"	"Enrichr--Queries"	""
"gene_set_query"	"1190"	"0.8476"	"ZBTB33"	"ZBTB33"	"0"	"297"	"1.0"	"1.0"	"0.0"	"Enrichr--Queries"	""
"gene_set_query"	"1191"	"0.8483"	"CDC5L"	"CDC5L"	"0"	"297"	"1.0"	"1.0"	"0.0"	"Enrichr--Queries"	""
"gene_set_query"	"1192"	"0.849"	"ZNF224"	"ZNF224"	"0"	"297"	"1.0"	"1.0"	"0.0"	"Enrichr--Queries"	""
"gene_set_query"	"1193"	"0.8497"	"SP2"	"SP2"	"0"	"297"	"1.0"	"1.0"	"0.0"	"Enrichr--Queries"	""
"gene_set_query"	"1194"	"0.8504"	"MYB"	"MYB"	"0"	"297"	"1.0"	"1.0"	"0.0"	"Enrichr--Queries"	""
"gene_set_query"	"1195"	"0.8511"	"POU5F1"	"POU5F1"	"0"	"297"	"1.0"	"1.0"	"0.0"	"Enrichr--Queries"	""
"gene_set_query"	"1196"	"0.8519"	"ZBTB40"	"ZBTB40"	"0"	"297"	"1.0"	"1.0"	"0.0"	"Enrichr--Queries"	""
"gene_set_query"	"1197"	"0.8526"	"SOX4"	"SOX4"	"0"	"297"	"1.0"	"1.0"	"0.0"	"Enrichr--Queries"	""
"gene_set_query"	"1198"	"0.8533"	"TERF2"	"TERF2"	"0"	"297"	"1.0"	"1.0"	"0.0"	"Enrichr--Queries"	""
"gene_set_query"	"1199"	"0.854"	"ZNF576"	"ZNF576"	"0"	"297"	"1.0"	"1.0"	"0.0"	"Enrichr--Queries"	""
"gene_set_query"	"1200"	"0.8547"	"ATF5"	"ATF5"	"0"	"297"	"1.0"	"1.0"	"0.0"	"Enrichr--Queries"	""
"gene_set_query"	"1201"	"0.8554"	"ZNF550"	"ZNF550"	"0"	"297"	"1.0"	"1.0"	"0.0"	"Enrichr--Queries"	""
"gene_set_query"	"1202"	"0.8561"	"ZNF140"	"ZNF140"	"0"	"297"	"1.0"	"1.0"	"0.0"	"Enrichr--Queries"	""
"gene_set_query"	"1203"	"0.8568"	"ZNF451"	"ZNF451"	"0"	"297"	"1.0"	"1.0"	"0.0"	"Enrichr--Queries"	""
"gene_set_query"	"1204"	"0.8575"	"ETV4"	"ETV4"	"0"	"297"	"1.0"	"1.0"	"0.0"	"Enrichr--Queries"	""
"gene_set_query"	"1205"	"0.8583"	"NFAT5"	"NFAT5"	"0"	"297"	"1.0"	"1.0"	"0.0"	"Enrichr--Queries"	""
"gene_set_query"	"1206"	"0.859"	"ZBTB25"	"ZBTB25"	"0"	"297"	"1.0"	"1.0"	"0.0"	"Enrichr--Queries"	""
"gene_set_query"	"1207"	"0.8597"	"KLF5"	"KLF5"	"0"	"297"	"1.0"	"1.0"	"0.0"	"Enrichr--Queries"	""
"gene_set_query"	"1208"	"0.8604"	"MGA"	"MGA"	"0"	"297"	"1.0"	"1.0"	"0.0"	"Enrichr--Queries"	""
"gene_set_query"	"1209"	"0.8611"	"ZNF219"	"ZNF219"	"0"	"297"	"1.0"	"1.0"	"0.0"	"Enrichr--Queries"	""
"gene_set_query"	"1210"	"0.8618"	"HMBOX1"	"HMBOX1"	"0"	"297"	"1.0"	"1.0"	"0.0"	"Enrichr--Queries"	""
"gene_set_query"	"1211"	"0.8625"	"SP3"	"SP3"	"0"	"297"	"1.0"	"1.0"	"0.0"	"Enrichr--Queries"	""
"gene_set_query"	"1212"	"0.8632"	"ZNF133"	"ZNF133"	"0"	"297"	"1.0"	"1.0"	"0.0"	"Enrichr--Queries"	""
"gene_set_query"	"1213"	"0.864"	"FOSL1"	"FOSL1"	"0"	"297"	"1.0"	"1.0"	"0.0"	"Enrichr--Queries"	""
"gene_set_query"	"1214"	"0.8647"	"ZNF410"	"ZNF410"	"0"	"297"	"1.0"	"1.0"	"0.0"	"Enrichr--Queries"	""
"gene_set_query"	"1215"	"0.8654"	"HMGA1"	"HMGA1"	"0"	"297"	"1.0"	"1.0"	"0.0"	"Enrichr--Queries"	""
"gene_set_query"	"1216"	"0.8661"	"GATA2"	"GATA2"	"0"	"297"	"1.0"	"1.0"	"0.0"	"Enrichr--Queries"	""
"gene_set_query"	"1217"	"0.8668"	"ATMIN"	"ATMIN"	"0"	"297"	"1.0"	"1.0"	"0.0"	"Enrichr--Queries"	""
"gene_set_query"	"1218"	"0.8675"	"CTCF"	"CTCF"	"0"	"297"	"1.0"	"1.0"	"0.0"	"Enrichr--Queries"	""
"gene_set_query"	"1219"	"0.8682"	"USF2"	"USF2"	"0"	"297"	"1.0"	"1.0"	"0.0"	"Enrichr--Queries"	""
"gene_set_query"	"1220"	"0.8689"	"SRF"	"SRF"	"0"	"297"	"1.0"	"1.0"	"0.0"	"Enrichr--Queries"	""
"gene_set_query"	"1221"	"0.8697"	"THAP6"	"THAP6"	"0"	"297"	"1.0"	"1.0"	"0.0"	"Enrichr--Queries"	""
"gene_set_query"	"1222"	"0.8704"	"ZNF92"	"ZNF92"	"0"	"297"	"1.0"	"1.0"	"0.0"	"Enrichr--Queries"	""
"gene_set_query"	"1223"	"0.8711"	"AHDC1"	"AHDC1"	"0"	"297"	"1.0"	"1.0"	"0.0"	"Enrichr--Queries"	""
"gene_set_query"	"1224"	"0.8718"	"ZNF48"	"ZNF48"	"0"	"297"	"1.0"	"1.0"	"0.0"	"Enrichr--Queries"	""
"gene_set_query"	"1225"	"0.8725"	"ZNF256"	"ZNF256"	"0"	"297"	"1.0"	"1.0"	"0.0"	"Enrichr--Queries"	""
"gene_set_query"	"1226"	"0.8732"	"GABPA"	"GABPA"	"0"	"297"	"1.0"	"1.0"	"0.0"	"Enrichr--Queries"	""
"gene_set_query"	"1227"	"0.8739"	"MXD4"	"MXD4"	"0"	"297"	"1.0"	"1.0"	"0.0"	"Enrichr--Queries"	""
"gene_set_query"	"1228"	"0.8746"	"CREB1"	"CREB1"	"0"	"297"	"1.0"	"1.0"	"0.0"	"Enrichr--Queries"	""
"gene_set_query"	"1229"	"0.8754"	"HIF1A"	"HIF1A"	"0"	"297"	"1.0"	"1.0"	"0.0"	"Enrichr--Queries"	""
"gene_set_query"	"1230"	"0.8761"	"ZNF174"	"ZNF174"	"0"	"297"	"1.0"	"1.0"	"0.0"	"Enrichr--Queries"	""
"gene_set_query"	"1231"	"0.8768"	"SNAI3"	"SNAI3"	"0"	"297"	"1.0"	"1.0"	"0.0"	"Enrichr--Queries"	""
"gene_set_query"	"1232"	"0.8775"	"HHEX"	"HHEX"	"0"	"297"	"1.0"	"1.0"	"0.0"	"Enrichr--Queries"	""
"gene_set_query"	"1233"	"0.8782"	"SETDB1"	"SETDB1"	"0"	"297"	"1.0"	"1.0"	"0.0"	"Enrichr--Queries"	""
"gene_set_query"	"1234"	"0.8789"	"ZBTB45"	"ZBTB45"	"0"	"297"	"1.0"	"1.0"	"0.0"	"Enrichr--Queries"	""
"gene_set_query"	"1235"	"0.8796"	"MYSM1"	"MYSM1"	"0"	"297"	"1.0"	"1.0"	"0.0"	"Enrichr--Queries"	""
"gene_set_query"	"1236"	"0.8803"	"ERF"	"ERF"	"0"	"297"	"1.0"	"1.0"	"0.0"	"Enrichr--Queries"	""
"gene_set_query"	"1237"	"0.8811"	"MBD4"	"MBD4"	"0"	"297"	"1.0"	"1.0"	"0.0"	"Enrichr--Queries"	""
"gene_set_query"	"1238"	"0.8818"	"NKRF"	"NKRF"	"0"	"297"	"1.0"	"1.0"	"0.0"	"Enrichr--Queries"	""
"gene_set_query"	"1239"	"0.8825"	"NFYA"	"NFYA"	"0"	"297"	"1.0"	"1.0"	"0.0"	"Enrichr--Queries"	""
"gene_set_query"	"1240"	"0.8832"	"ZNF317"	"ZNF317"	"0"	"297"	"1.0"	"1.0"	"0.0"	"Enrichr--Queries"	""
"gene_set_query"	"1241"	"0.8839"	"ZNF619"	"ZNF619"	"0"	"297"	"1.0"	"1.0"	"0.0"	"Enrichr--Queries"	""
"gene_set_query"	"1242"	"0.8846"	"FOXO3"	"FOXO3"	"0"	"297"	"1.0"	"1.0"	"0.0"	"Enrichr--Queries"	""
"gene_set_query"	"1243"	"0.8853"	"ZNF692"	"ZNF692"	"0"	"297"	"1.0"	"1.0"	"0.0"	"Enrichr--Queries"	""
"gene_set_query"	"1244"	"0.886"	"ZNF460"	"ZNF460"	"0"	"297"	"1.0"	"1.0"	"0.0"	"Enrichr--Queries"	""
"gene_set_query"	"1245"	"0.8868"	"ELF4"	"ELF4"	"0"	"297"	"1.0"	"1.0"	"0.0"	"Enrichr--Queries"	""
"gene_set_query"	"1246"	"0.8875"	"HOXA5"	"HOXA5"	"0"	"297"	"1.0"	"1.0"	"0.0"	"Enrichr--Queries"	""
"gene_set_query"	"1247"	"0.8882"	"MBD1"	"MBD1"	"0"	"297"	"1.0"	"1.0"	"0.0"	"Enrichr--Queries"	""
"gene_set_query"	"1248"	"0.8889"	"PRDM4"	"PRDM4"	"0"	"297"	"1.0"	"1.0"	"0.0"	"Enrichr--Queries"	""
"gene_set_query"	"1249"	"0.8896"	"ZNF749"	"ZNF749"	"0"	"297"	"1.0"	"1.0"	"0.0"	"Enrichr--Queries"	""
"gene_set_query"	"1250"	"0.8903"	"ZNF414"	"ZNF414"	"0"	"297"	"1.0"	"1.0"	"0.0"	"Enrichr--Queries"	""
"gene_set_query"	"1251"	"0.891"	"ZFP62"	"ZFP62"	"0"	"297"	"1.0"	"1.0"	"0.0"	"Enrichr--Queries"	""
"gene_set_query"	"1252"	"0.8917"	"CEBPA"	"CEBPA"	"0"	"297"	"1.0"	"1.0"	"0.0"	"Enrichr--Queries"	""
"gene_set_query"	"1253"	"0.8925"	"HSF2"	"HSF2"	"0"	"297"	"1.0"	"1.0"	"0.0"	"Enrichr--Queries"	""
"gene_set_query"	"1254"	"0.8932"	"ZSCAN21"	"ZSCAN21"	"0"	"297"	"1.0"	"1.0"	"0.0"	"Enrichr--Queries"	""
"gene_set_query"	"1255"	"0.8939"	"HIC2"	"HIC2"	"0"	"297"	"1.0"	"1.0"	"0.0"	"Enrichr--Queries"	""
"gene_set_query"	"1256"	"0.8946"	"ZNF480"	"ZNF480"	"0"	"297"	"1.0"	"1.0"	"0.0"	"Enrichr--Queries"	""
"gene_set_query"	"1257"	"0.8953"	"ZBTB7A"	"ZBTB7A"	"0"	"297"	"1.0"	"1.0"	"0.0"	"Enrichr--Queries"	""
"gene_set_query"	"1258"	"0.896"	"ZNF395"	"ZNF395"	"0"	"297"	"1.0"	"1.0"	"0.0"	"Enrichr--Queries"	""
"gene_set_query"	"1259"	"0.8967"	"FOS"	"FOS"	"0"	"297"	"1.0"	"1.0"	"0.0"	"Enrichr--Queries"	""
"gene_set_query"	"1260"	"0.8974"	"KLF2"	"KLF2"	"0"	"297"	"1.0"	"1.0"	"0.0"	"Enrichr--Queries"	""
"gene_set_query"	"1261"	"0.8981"	"ARID3A"	"ARID3A"	"0"	"297"	"1.0"	"1.0"	"0.0"	"Enrichr--Queries"	""
"gene_set_query"	"1262"	"0.8989"	"ZBTB2"	"ZBTB2"	"0"	"297"	"1.0"	"1.0"	"0.0"	"Enrichr--Queries"	""
"gene_set_query"	"1263"	"0.8996"	"ZNF684"	"ZNF684"	"0"	"297"	"1.0"	"1.0"	"0.0"	"Enrichr--Queries"	""
"gene_set_query"	"1264"	"0.9003"	"DDIT3"	"DDIT3"	"0"	"297"	"1.0"	"1.0"	"0.0"	"Enrichr--Queries"	""
"gene_set_query"	"1265"	"0.901"	"ZNF750"	"ZNF750"	"0"	"297"	"1.0"	"1.0"	"0.0"	"Enrichr--Queries"	""
"gene_set_query"	"1266"	"0.9017"	"RBPJ"	"RBPJ"	"0"	"297"	"1.0"	"1.0"	"0.0"	"Enrichr--Queries"	""
"gene_set_query"	"1267"	"0.9024"	"ZNF277"	"ZNF277"	"0"	"297"	"1.0"	"1.0"	"0.0"	"Enrichr--Queries"	""
"gene_set_query"	"1268"	"0.9031"	"SOX18"	"SOX18"	"0"	"297"	"1.0"	"1.0"	"0.0"	"Enrichr--Queries"	""
"gene_set_query"	"1269"	"0.9038"	"STAT6"	"STAT6"	"0"	"297"	"1.0"	"1.0"	"0.0"	"Enrichr--Queries"	""
"gene_set_query"	"1270"	"0.9046"	"ZNF81"	"ZNF81"	"0"	"297"	"1.0"	"1.0"	"0.0"	"Enrichr--Queries"	""
"gene_set_query"	"1271"	"0.9053"	"XBP1"	"XBP1"	"0"	"297"	"1.0"	"1.0"	"0.0"	"Enrichr--Queries"	""
"gene_set_query"	"1272"	"0.906"	"ZNF408"	"ZNF408"	"0"	"297"	"1.0"	"1.0"	"0.0"	"Enrichr--Queries"	""
"gene_set_query"	"1273"	"0.9067"	"ZNF425"	"ZNF425"	"0"	"297"	"1.0"	"1.0"	"0.0"	"Enrichr--Queries"	""
"gene_set_query"	"1274"	"0.9074"	"SREBF1"	"SREBF1"	"0"	"297"	"1.0"	"1.0"	"0.0"	"Enrichr--Queries"	""
"gene_set_query"	"1275"	"0.9081"	"ZNF680"	"ZNF680"	"0"	"297"	"1.0"	"1.0"	"0.0"	"Enrichr--Queries"	""
"gene_set_query"	"1276"	"0.9088"	"IRF3"	"IRF3"	"0"	"297"	"1.0"	"1.0"	"0.0"	"Enrichr--Queries"	""
"gene_set_query"	"1277"	"0.9095"	"GMEB1"	"GMEB1"	"0"	"297"	"1.0"	"1.0"	"0.0"	"Enrichr--Queries"	""
"gene_set_query"	"1278"	"0.9103"	"ZNF672"	"ZNF672"	"0"	"297"	"1.0"	"1.0"	"0.0"	"Enrichr--Queries"	""
"gene_set_query"	"1279"	"0.911"	"PKNOX1"	"PKNOX1"	"0"	"297"	"1.0"	"1.0"	"0.0"	"Enrichr--Queries"	""
"gene_set_query"	"1280"	"0.9117"	"ZNF426"	"ZNF426"	"0"	"297"	"1.0"	"1.0"	"0.0"	"Enrichr--Queries"	""
"gene_set_query"	"1281"	"0.9124"	"WIZ"	"WIZ"	"0"	"297"	"1.0"	"1.0"	"0.0"	"Enrichr--Queries"	""
"gene_set_query"	"1282"	"0.9131"	"E2F8"	"E2F8"	"0"	"297"	"1.0"	"1.0"	"0.0"	"Enrichr--Queries"	""
"gene_set_query"	"1283"	"0.9138"	"KLF10"	"KLF10"	"0"	"297"	"1.0"	"1.0"	"0.0"	"Enrichr--Queries"	""
"gene_set_query"	"1284"	"0.9145"	"ZNF12"	"ZNF12"	"0"	"296"	"1.0"	"1.0"	"0.0"	"Enrichr--Queries"	""
"gene_set_query"	"1285"	"0.9152"	"CEBPB"	"CEBPB"	"0"	"296"	"1.0"	"1.0"	"0.0"	"Enrichr--Queries"	""
"gene_set_query"	"1286"	"0.916"	"ZNF275"	"ZNF275"	"0"	"296"	"1.0"	"1.0"	"0.0"	"Enrichr--Queries"	""
"gene_set_query"	"1287"	"0.9167"	"ZNF286A"	"ZNF286A"	"0"	"296"	"1.0"	"1.0"	"0.0"	"Enrichr--Queries"	""
"gene_set_query"	"1288"	"0.9174"	"ZNF45"	"ZNF45"	"0"	"296"	"1.0"	"1.0"	"0.0"	"Enrichr--Queries"	""
"gene_set_query"	"1289"	"0.9181"	"ZNF428"	"ZNF428"	"0"	"296"	"1.0"	"1.0"	"0.0"	"Enrichr--Queries"	""
"gene_set_query"	"1290"	"0.9188"	"ZNF33A"	"ZNF33A"	"0"	"296"	"1.0"	"1.0"	"0.0"	"Enrichr--Queries"	""
"gene_set_query"	"1291"	"0.9195"	"CREB3"	"CREB3"	"0"	"296"	"1.0"	"1.0"	"0.0"	"Enrichr--Queries"	""
"gene_set_query"	"1292"	"0.9202"	"ZNF160"	"ZNF160"	"0"	"296"	"1.0"	"1.0"	"0.0"	"Enrichr--Queries"	""
"gene_set_query"	"1293"	"0.9209"	"ZNF134"	"ZNF134"	"0"	"296"	"1.0"	"1.0"	"0.0"	"Enrichr--Queries"	""
"gene_set_query"	"1294"	"0.9217"	"HES1"	"HES1"	"0"	"296"	"1.0"	"1.0"	"0.0"	"Enrichr--Queries"	""
"gene_set_query"	"1295"	"0.9224"	"ZNF708"	"ZNF708"	"0"	"296"	"1.0"	"1.0"	"0.0"	"Enrichr--Queries"	""
"gene_set_query"	"1296"	"0.9231"	"NRF1"	"NRF1"	"0"	"296"	"1.0"	"1.0"	"0.0"	"Enrichr--Queries"	""
"gene_set_query"	"1297"	"0.9238"	"ZNF419"	"ZNF419"	"0"	"296"	"1.0"	"1.0"	"0.0"	"Enrichr--Queries"	""
"gene_set_query"	"1298"	"0.9245"	"STAT3"	"STAT3"	"0"	"296"	"1.0"	"1.0"	"0.0"	"Enrichr--Queries"	""
"gene_set_query"	"1299"	"0.9252"	"THAP9"	"THAP9"	"0"	"296"	"1.0"	"1.0"	"0.0"	"Enrichr--Queries"	""
"gene_set_query"	"1300"	"0.9259"	"MYC"	"MYC"	"0"	"296"	"1.0"	"1.0"	"0.0"	"Enrichr--Queries"	""
"gene_set_query"	"1301"	"0.9266"	"ZNF362"	"ZNF362"	"0"	"296"	"1.0"	"1.0"	"0.0"	"Enrichr--Queries"	""
"gene_set_query"	"1302"	"0.9274"	"ZNF714"	"ZNF714"	"0"	"296"	"1.0"	"1.0"	"0.0"	"Enrichr--Queries"	""
"gene_set_query"	"1303"	"0.9281"	"ZNF791"	"ZNF791"	"0"	"296"	"1.0"	"1.0"	"0.0"	"Enrichr--Queries"	""
"gene_set_query"	"1304"	"0.9288"	"STAT1"	"STAT1"	"0"	"296"	"1.0"	"1.0"	"0.0"	"Enrichr--Queries"	""
"gene_set_query"	"1305"	"0.9295"	"ZNF26"	"ZNF26"	"0"	"296"	"1.0"	"1.0"	"0.0"	"Enrichr--Queries"	""
"gene_set_query"	"1306"	"0.9302"	"DBP"	"DBP"	"0"	"296"	"1.0"	"1.0"	"0.0"	"Enrichr--Queries"	""
"gene_set_query"	"1307"	"0.9309"	"ZNF527"	"ZNF527"	"0"	"296"	"1.0"	"1.0"	"0.0"	"Enrichr--Queries"	""
"gene_set_query"	"1308"	"0.9316"	"ZNF138"	"ZNF138"	"0"	"296"	"1.0"	"1.0"	"0.0"	"Enrichr--Queries"	""
"gene_set_query"	"1309"	"0.9323"	"ZNF530"	"ZNF530"	"0"	"296"	"1.0"	"1.0"	"0.0"	"Enrichr--Queries"	""
"gene_set_query"	"1310"	"0.933"	"ZNF721"	"ZNF721"	"0"	"296"	"1.0"	"1.0"	"0.0"	"Enrichr--Queries"	""
"gene_set_query"	"1311"	"0.9338"	"ZNF444"	"ZNF444"	"0"	"296"	"1.0"	"1.0"	"0.0"	"Enrichr--Queries"	""
"gene_set_query"	"1312"	"0.9345"	"SNAPC4"	"SNAPC4"	"0"	"296"	"1.0"	"1.0"	"0.0"	"Enrichr--Queries"	""
"gene_set_query"	"1313"	"0.9352"	"MXI1"	"MXI1"	"0"	"296"	"1.0"	"1.0"	"0.0"	"Enrichr--Queries"	""
"gene_set_query"	"1314"	"0.9359"	"MBNL2"	"MBNL2"	"0"	"296"	"1.0"	"1.0"	"0.0"	"Enrichr--Queries"	""
"gene_set_query"	"1315"	"0.9366"	"JUND"	"JUND"	"0"	"296"	"1.0"	"1.0"	"0.0"	"Enrichr--Queries"	""
"gene_set_query"	"1316"	"0.9373"	"ZNF33B"	"ZNF33B"	"0"	"296"	"1.0"	"1.0"	"0.0"	"Enrichr--Queries"	""
"gene_set_query"	"1317"	"0.938"	"TERF1"	"TERF1"	"0"	"296"	"1.0"	"1.0"	"0.0"	"Enrichr--Queries"	""
"gene_set_query"	"1318"	"0.9387"	"MAZ"	"MAZ"	"0"	"296"	"1.0"	"1.0"	"0.0"	"Enrichr--Queries"	""
"gene_set_query"	"1319"	"0.9395"	"ZNF746"	"ZNF746"	"0"	"296"	"1.0"	"1.0"	"0.0"	"Enrichr--Queries"	""
"gene_set_query"	"1320"	"0.9402"	"E2F3"	"E2F3"	"0"	"296"	"1.0"	"1.0"	"0.0"	"Enrichr--Queries"	""
"gene_set_query"	"1321"	"0.9409"	"ZNF775"	"ZNF775"	"0"	"296"	"1.0"	"1.0"	"0.0"	"Enrichr--Queries"	""
"gene_set_query"	"1322"	"0.9416"	"SMAD5"	"SMAD5"	"0"	"296"	"1.0"	"1.0"	"0.0"	"Enrichr--Queries"	""
"gene_set_query"	"1323"	"0.9423"	"SIX5"	"SIX5"	"0"	"296"	"1.0"	"1.0"	"0.0"	"Enrichr--Queries"	""
"gene_set_query"	"1324"	"0.943"	"ZC3H8"	"ZC3H8"	"0"	"296"	"1.0"	"1.0"	"0.0"	"Enrichr--Queries"	""
"gene_set_query"	"1325"	"0.9437"	"MYBL1"	"MYBL1"	"0"	"296"	"1.0"	"1.0"	"0.0"	"Enrichr--Queries"	""
"gene_set_query"	"1326"	"0.9444"	"ZNF655"	"ZNF655"	"0"	"296"	"1.0"	"1.0"	"0.0"	"Enrichr--Queries"	""
"gene_set_query"	"1327"	"0.9452"	"ZNF143"	"ZNF143"	"0"	"296"	"1.0"	"1.0"	"0.0"	"Enrichr--Queries"	""
"gene_set_query"	"1328"	"0.9459"	"ZNF513"	"ZNF513"	"0"	"296"	"1.0"	"1.0"	"0.0"	"Enrichr--Queries"	""
"gene_set_query"	"1329"	"0.9466"	"JUN"	"JUN"	"0"	"296"	"1.0"	"1.0"	"0.0"	"Enrichr--Queries"	""
"gene_set_query"	"1330"	"0.9473"	"ZNF574"	"ZNF574"	"0"	"296"	"1.0"	"1.0"	"0.0"	"Enrichr--Queries"	""
"gene_set_query"	"1331"	"0.948"	"TEAD4"	"TEAD4"	"0"	"296"	"1.0"	"1.0"	"0.0"	"Enrichr--Queries"	""
"gene_set_query"	"1332"	"0.9487"	"ZNF787"	"ZNF787"	"0"	"296"	"1.0"	"1.0"	"0.0"	"Enrichr--Queries"	""
"gene_set_query"	"1333"	"0.9494"	"TSC22D1"	"TSC22D1"	"0"	"296"	"1.0"	"1.0"	"0.0"	"Enrichr--Queries"	""
"gene_set_query"	"1334"	"0.9501"	"ZNF654"	"ZNF654"	"0"	"296"	"1.0"	"1.0"	"0.0"	"Enrichr--Queries"	""
"gene_set_query"	"1335"	"0.9509"	"ZNF629"	"ZNF629"	"0"	"296"	"1.0"	"1.0"	"0.0"	"Enrichr--Queries"	""
"gene_set_query"	"1336"	"0.9516"	"ZBTB6"	"ZBTB6"	"0"	"296"	"1.0"	"1.0"	"0.0"	"Enrichr--Queries"	""
"gene_set_query"	"1337"	"0.9523"	"DRAP1"	"DRAP1"	"0"	"296"	"1.0"	"1.0"	"0.0"	"Enrichr--Queries"	""
"gene_set_query"	"1338"	"0.953"	"ZNF358"	"ZNF358"	"0"	"296"	"1.0"	"1.0"	"0.0"	"Enrichr--Queries"	""
"gene_set_query"	"1339"	"0.9537"	"THAP1"	"THAP1"	"0"	"296"	"1.0"	"1.0"	"0.0"	"Enrichr--Queries"	""
"gene_set_query"	"1340"	"0.9544"	"REST"	"REST"	"0"	"296"	"1.0"	"1.0"	"0.0"	"Enrichr--Queries"	""
"gene_set_query"	"1341"	"0.9551"	"ZNF580"	"ZNF580"	"0"	"296"	"1.0"	"1.0"	"0.0"	"Enrichr--Queries"	""
"gene_set_query"	"1342"	"0.9558"	"ARNT"	"ARNT"	"0"	"296"	"1.0"	"1.0"	"0.0"	"Enrichr--Queries"	""
"gene_set_query"	"1343"	"0.9566"	"TEAD2"	"TEAD2"	"0"	"296"	"1.0"	"1.0"	"0.0"	"Enrichr--Queries"	""
"gene_set_query"	"1344"	"0.9573"	"ZNF669"	"ZNF669"	"0"	"296"	"1.0"	"1.0"	"0.0"	"Enrichr--Queries"	""
"gene_set_query"	"1345"	"0.958"	"ZNF587"	"ZNF587"	"0"	"296"	"1.0"	"1.0"	"0.0"	"Enrichr--Queries"	""
"gene_set_query"	"1346"	"0.9587"	"ZNF223"	"ZNF223"	"0"	"296"	"1.0"	"1.0"	"0.0"	"Enrichr--Queries"	""
"gene_set_query"	"1347"	"0.9594"	"MZF1"	"MZF1"	"0"	"296"	"1.0"	"1.0"	"0.0"	"Enrichr--Queries"	""
"gene_set_query"	"1348"	"0.9601"	"REPIN1"	"REPIN1"	"0"	"296"	"1.0"	"1.0"	"0.0"	"Enrichr--Queries"	""
"gene_set_query"	"1349"	"0.9608"	"ZNF473"	"ZNF473"	"0"	"295"	"1.0"	"1.0"	"0.0"	"Enrichr--Queries"	""
"gene_set_query"	"1350"	"0.9615"	"ZNF644"	"ZNF644"	"0"	"295"	"1.0"	"1.0"	"0.0"	"Enrichr--Queries"	""
"gene_set_query"	"1351"	"0.9623"	"ZNF507"	"ZNF507"	"0"	"295"	"1.0"	"1.0"	"0.0"	"Enrichr--Queries"	""
"gene_set_query"	"1352"	"0.963"	"HOXA9"	"HOXA9"	"0"	"295"	"1.0"	"1.0"	"0.0"	"Enrichr--Queries"	""
"gene_set_query"	"1353"	"0.9637"	"IRF8"	"IRF8"	"0"	"295"	"1.0"	"1.0"	"0.0"	"Enrichr--Queries"	""
"gene_set_query"	"1354"	"0.9644"	"ZNF181"	"ZNF181"	"0"	"295"	"1.0"	"1.0"	"0.0"	"Enrichr--Queries"	""
"gene_set_query"	"1355"	"0.9651"	"CENPB"	"CENPB"	"0"	"295"	"1.0"	"1.0"	"0.0"	"Enrichr--Queries"	""
"gene_set_query"	"1356"	"0.9658"	"ZNF695"	"ZNF695"	"0"	"295"	"1.0"	"1.0"	"0.0"	"Enrichr--Queries"	""
"gene_set_query"	"1357"	"0.9665"	"ZNF519"	"ZNF519"	"0"	"295"	"1.0"	"1.0"	"0.0"	"Enrichr--Queries"	""
"gene_set_query"	"1358"	"0.9672"	"ZNF84"	"ZNF84"	"0"	"295"	"1.0"	"1.0"	"0.0"	"Enrichr--Queries"	""
"gene_set_query"	"1359"	"0.9679"	"ZNF217"	"ZNF217"	"0"	"295"	"1.0"	"1.0"	"0.0"	"Enrichr--Queries"	""
"gene_set_query"	"1360"	"0.9687"	"CEBPG"	"CEBPG"	"0"	"295"	"1.0"	"1.0"	"0.0"	"Enrichr--Queries"	""
"gene_set_query"	"1361"	"0.9694"	"ZNF770"	"ZNF770"	"0"	"295"	"1.0"	"1.0"	"0.0"	"Enrichr--Queries"	""
"gene_set_query"	"1362"	"0.9701"	"ZNF367"	"ZNF367"	"0"	"295"	"1.0"	"1.0"	"0.0"	"Enrichr--Queries"	""
"gene_set_query"	"1363"	"0.9708"	"RAX2"	"RAX2"	"0"	"295"	"1.0"	"1.0"	"0.0"	"Enrichr--Queries"	""
"gene_set_query"	"1364"	"0.9715"	"ZNF845"	"ZNF845"	"0"	"295"	"1.0"	"1.0"	"0.0"	"Enrichr--Queries"	""
"gene_set_query"	"1365"	"0.9722"	"ZNF780A"	"ZNF780A"	"0"	"295"	"1.0"	"1.0"	"0.0"	"Enrichr--Queries"	""
"gene_set_query"	"1366"	"0.9729"	"CENPT"	"CENPT"	"0"	"295"	"1.0"	"1.0"	"0.0"	"Enrichr--Queries"	""
"gene_set_query"	"1367"	"0.9736"	"TP53"	"TP53"	"0"	"295"	"1.0"	"1.0"	"0.0"	"Enrichr--Queries"	""
"gene_set_query"	"1368"	"0.9744"	"ZNF296"	"ZNF296"	"0"	"295"	"1.0"	"1.0"	"0.0"	"Enrichr--Queries"	""
"gene_set_query"	"1369"	"0.9751"	"HES6"	"HES6"	"0"	"295"	"1.0"	"1.0"	"0.0"	"Enrichr--Queries"	""
"gene_set_query"	"1370"	"0.9758"	"ZNF136"	"ZNF136"	"0"	"295"	"1.0"	"1.0"	"0.0"	"Enrichr--Queries"	""
"gene_set_query"	"1371"	"0.9765"	"AIRE"	"AIRE"	"0"	"295"	"1.0"	"1.0"	"0.0"	"Enrichr--Queries"	""
"gene_set_query"	"1372"	"0.9772"	"NCOA3"	"NCOA3"	"0"	"295"	"1.0"	"1.0"	"0.0"	"Enrichr--Queries"	""
"gene_set_query"	"1373"	"0.9779"	"ZNF670"	"ZNF670"	"0"	"295"	"1.0"	"1.0"	"0.0"	"Enrichr--Queries"	""
"gene_set_query"	"1374"	"0.9786"	"ZNF22"	"ZNF22"	"0"	"295"	"1.0"	"1.0"	"0.0"	"Enrichr--Queries"	""
"gene_set_query"	"1375"	"0.9793"	"ZNF121"	"ZNF121"	"0"	"295"	"1.0"	"1.0"	"0.0"	"Enrichr--Queries"	""
"gene_set_query"	"1376"	"0.9801"	"NR5A1"	"NR5A1"	"0"	"295"	"1.0"	"1.0"	"0.0"	"Enrichr--Queries"	""
"gene_set_query"	"1377"	"0.9808"	"ZNF561"	"ZNF561"	"0"	"295"	"1.0"	"1.0"	"0.0"	"Enrichr--Queries"	""
"gene_set_query"	"1378"	"0.9815"	"ZNF202"	"ZNF202"	"0"	"295"	"1.0"	"1.0"	"0.0"	"Enrichr--Queries"	""
"gene_set_query"	"1379"	"0.9822"	"BATF2"	"BATF2"	"0"	"295"	"1.0"	"1.0"	"0.0"	"Enrichr--Queries"	""
"gene_set_query"	"1380"	"0.9829"	"ZNF197"	"ZNF197"	"0"	"295"	"1.0"	"1.0"	"0.0"	"Enrichr--Queries"	""
"gene_set_query"	"1381"	"0.9836"	"ZNF510"	"ZNF510"	"0"	"294"	"1.0"	"1.0"	"0.0"	"Enrichr--Queries"	""
"gene_set_query"	"1382"	"0.9843"	"THAP5"	"THAP5"	"0"	"294"	"1.0"	"1.0"	"0.0"	"Enrichr--Queries"	""
"gene_set_query"	"1383"	"0.985"	"ZNF579"	"ZNF579"	"0"	"294"	"1.0"	"1.0"	"0.0"	"Enrichr--Queries"	""
"gene_set_query"	"1384"	"0.9858"	"ZNF771"	"ZNF771"	"0"	"294"	"1.0"	"1.0"	"0.0"	"Enrichr--Queries"	""
"gene_set_query"	"1385"	"0.9865"	"ZNF227"	"ZNF227"	"0"	"294"	"1.0"	"1.0"	"0.0"	"Enrichr--Queries"	""
"gene_set_query"	"1386"	"0.9872"	"ZNF768"	"ZNF768"	"0"	"294"	"1.0"	"1.0"	"0.0"	"Enrichr--Queries"	""
"gene_set_query"	"1387"	"0.9879"	"ZNF511"	"ZNF511"	"0"	"294"	"1.0"	"1.0"	"0.0"	"Enrichr--Queries"	""
"gene_set_query"	"1388"	"0.9886"	"CDX2"	"CDX2"	"0"	"294"	"1.0"	"1.0"	"0.0"	"Enrichr--Queries"	""
"gene_set_query"	"1389"	"0.9893"	"ZNF430"	"ZNF430"	"0"	"294"	"1.0"	"1.0"	"0.0"	"Enrichr--Queries"	""
"gene_set_query"	"1390"	"0.99"	"STAT2"	"STAT2"	"0"	"294"	"1.0"	"1.0"	"0.0"	"Enrichr--Queries"	""
"gene_set_query"	"1391"	"0.9907"	"TGIF2"	"TGIF2"	"0"	"294"	"1.0"	"1.0"	"0.0"	"Enrichr--Queries"	""
"gene_set_query"	"1392"	"0.9915"	"ZNF674"	"ZNF674"	"0"	"293"	"1.0"	"1.0"	"0.0"	"Enrichr--Queries"	""
"gene_set_query"	"1393"	"0.9922"	"ZNF266"	"ZNF266"	"0"	"293"	"1.0"	"1.0"	"0.0"	"Enrichr--Queries"	""
"gene_set_query"	"1394"	"0.9929"	"SLC2A4RG"	"SLC2A4RG"	"0"	"293"	"1.0"	"1.0"	"0.0"	"Enrichr--Queries"	""
"gene_set_query"	"1395"	"0.9936"	"ZNF786"	"ZNF786"	"0"	"292"	"1.0"	"1.0"	"0.0"	"Enrichr--Queries"	""
"gene_set_query"	"1396"	"0.9943"	"ZNF784"	"ZNF784"	"0"	"292"	"1.0"	"1.0"	"0.0"	"Enrichr--Queries"	""
"gene_set_query"	"1397"	"0.995"	"ZNF524"	"ZNF524"	"0"	"292"	"1.0"	"1.0"	"0.0"	"Enrichr--Queries"	""
"gene_set_query"	"1398"	"0.9957"	"ZNF688"	"ZNF688"	"0"	"292"	"1.0"	"1.0"	"0.0"	"Enrichr--Queries"	""
"gene_set_query"	"1399"	"0.9964"	"ZNF486"	"ZNF486"	"0"	"292"	"1.0"	"1.0"	"0.0"	"Enrichr--Queries"	""
"gene_set_query"	"1400"	"0.9972"	"IRF9"	"IRF9"	"0"	"292"	"1.0"	"1.0"	"0.0"	"Enrichr--Queries"	""
"gene_set_query"	"1401"	"0.9979"	"HES4"	"HES4"	"0"	"291"	"1.0"	"1.0"	"0.0"	"Enrichr--Queries"	""
"gene_set_query"	"1402"	"0.9986"	"ZNF581"	"ZNF581"	"0"	"291"	"1.0"	"1.0"	"0.0"	"Enrichr--Queries"	""
"gene_set_query"	"1403"	"0.9993"	"ZBED1"	"ZBED1"	"0"	"289"	"1.0"	"1.0"	"0.0"	"Enrichr--Queries"	""
"gene_set_query"	"1404"	"1.0"	"ETV7"	"ETV7"	"0"	"289"	"1.0"	"1.0"	"0.0"	"Enrichr--Queries"	""