Query Name	Rank	Scaled Rank	Set_name	TF	Intersect	Set length	FET p-value	FDR	Odds Ratio	Library	Overlapping_Genes
"gene_set_query"	"1"	"6.223E-4"	"EGR2"	"EGR2"	"32"	"300"	"6.658E-24"	"1.07E-20"	"14.1"	"GTEx--Coexpression"	"PROS1,ARHGAP39,AHR,MPZ,PHLDA3,POU3F1,FRMD8,MXRA8,KANK4,DHH,ITPR3,WNT6,EPB41L2,HSPA12A,NES,ITGB4,AATK,TGIF2,SECISBP2L,ITGA6,EGFL8,MATN2,RBMS3,PLEC,AHNAK,SH3TC2,LMNA,ERBB2,CTNNA1,SCN7A,PLEKHA4,VIM"
"gene_set_query"	"2"	"0.001245"	"AHR"	"AHR"	"30"	"300"	"9.284E-22"	"7.46E-19"	"13.12"	"GTEx--Coexpression"	"IFITM3,PROS1,MPZ,PHLDA3,FRMD8,MXRA8,KANK4,DHH,WNT6,EPB41L2,ADGRG6,S100A10,HSPA12A,ITGB4,AATK,SECISBP2L,RHOA,ITGA6,EGFL8,MATN2,RBMS3,PLEC,AHNAK,LMNA,CTNNA1,SCN7A,LAMB1,PLEKHA4,DLC1,VIM"
"gene_set_query"	"3"	"0.001867"	"FOXD3"	"FOXD3"	"29"	"299"	"9.544E-21"	"5.11E-18"	"12.68"	"GTEx--Coexpression"	"PROS1,ARHGAP39,AHR,OLFML2A,MPZ,PHLDA3,FRMD8,MXRA8,KANK4,DHH,WNT6,EPB41L2,HSPA12A,CUEDC2,ITGB4,AATK,SECISBP2L,SORCS2,ITGA6,EGFL8,MATN2,RBMS3,PLEC,AHNAK,SH3TC2,CTNNA1,SCN7A,PLEKHA4,VIM"
"gene_set_query"	"4"	"0.002489"	"GLI1"	"GLI1"	"27"	"299"	"1.108E-18"	"4.45E-16"	"11.72"	"GTEx--Coexpression"	"PROS1,ARHGAP39,AHR,MPZ,PHLDA3,FRMD8,MXRA8,KANK4,DHH,WNT6,EPB41L2,HSPA12A,CUEDC2,ITGB4,AATK,SECISBP2L,SORCS2,ITGA6,EGFL8,MATN2,RBMS3,PLEC,AHNAK,SH3TC2,SCN7A,PLEKHA4,VIM"
"gene_set_query"	"5"	"0.003111"	"SOX10"	"SOX10"	"26"	"298"	"1.045E-17"	"3.04E-15"	"11.28"	"GTEx--Coexpression"	"ARHGAP39,AHR,MPZ,PHLDA3,KANK4,DHH,LPAR1,WNT6,EPB41L2,HSPA12A,IGSF11,CUEDC2,ITGB4,AATK,SECISBP2L,SORCS2,ZEB2,ITGA6,PMP2,EGFL8,PLEC,AHNAK,SH3TC2,SCN7A,PLEKHA4,PLP1"
"gene_set_query"	"6"	"0.003734"	"EBF2"	"EBF2"	"26"	"299"	"1.134E-17"	"3.04E-15"	"11.24"	"GTEx--Coexpression"	"PROS1,AHR,MPZ,PHLDA3,MXRA8,KANK4,DHH,PLAC9,WNT6,EPB41L2,HSPA12A,NES,LAMC1,ITGA7,ITGA6,EGFL8,MATN2,RBMS3,AHNAK,LAMA2,EGFLAM,SCN7A,LAMB1,PLEKHA4,DLC1,VIM"
"gene_set_query"	"7"	"0.004356"	"FOXD2"	"FOXD2"	"23"	"300"	"1.046E-14"	"2.4E-12"	"9.802"	"GTEx--Coexpression"	"PROS1,ARHGAP39,AHR,MPZ,PHLDA3,MXRA8,KANK4,DHH,WNT6,EPB41L2,HSPA12A,ITGB4,AATK,SECISBP2L,ITGA6,EGFL8,RBMS3,PLEC,AHNAK,PRELP,SCN7A,PLEKHA4,VIM"
"gene_set_query"	"8"	"0.004978"	"FOXE3"	"FOXE3"	"22"	"299"	"8.562E-14"	"1.72E-11"	"9.376"	"GTEx--Coexpression"	"ARHGAP39,MPZ,KANK4,DHH,WNT6,EPB41L2,TRPM3,HSPA12A,IGSF11,ITGB4,AATK,SECISBP2L,SORCS2,ITGA6,PMP2,EGFL8,GAS7,PLEC,AHNAK,RELN,SH3TC2,PLEKHA4"
"gene_set_query"	"9"	"0.0056"	"PLAG1"	"PLAG1"	"21"	"300"	"7.685E-13"	"1.37E-10"	"8.885"	"GTEx--Coexpression"	"ARHGAP39,AHR,MPZ,MXRA8,KANK4,DHH,WNT6,EPB41L2,HSPA12A,COL1A2,TENM3,AATK,SECISBP2L,COL6A3,ITGA6,EGFL8,PLEC,AHNAK,SCN7A,LAMB1,PLEKHA4"
"gene_set_query"	"10"	"0.006223"	"MEOX2"	"MEOX2"	"19"	"299"	"4.471E-11"	"7.18E-9"	"8.01"	"GTEx--Coexpression"	"PROS1,AHR,MPZ,PHLDA3,MXRA8,KANK4,DHH,PLAC9,WNT6,EPB41L2,HSPA12A,RHOA,ITGA6,EGFL8,RBMS3,AHNAK,PLEKHA4,DLC1,VIM"
"gene_set_query"	"11"	"0.006845"	"ELK3"	"ELK3"	"18"	"297"	"2.943E-10"	"3.94E-8"	"7.616"	"GTEx--Coexpression"	"LGALS1,EVA1B,KIRREL1,TPM4,TM4SF1,MXRA8,S100A10,COL1A2,EHD4,COL5A2,LAMC1,ANXA2,ANXA5,MMP14,COL6A3,LMNA,DLC1,RAB13"
"gene_set_query"	"12"	"0.007467"	"PRRX2"	"PRRX2"	"18"	"297"	"2.943E-10"	"3.94E-8"	"7.616"	"GTEx--Coexpression"	"LGALS1,EVA1B,KIRREL1,TPM4,MXRA8,IGFBP7,COL1A2,COL5A2,COL18A1,ANXA2,ANXA5,MMP14,ITGA8,THBS2,LMNA,SOD3,RAB13,VIM"
"gene_set_query"	"13"	"0.00809"	"NR2F2"	"NR2F2"	"18"	"299"	"3.276E-10"	"4.05E-8"	"7.562"	"GTEx--Coexpression"	"AHR,IGFBP5,MXRA8,WNT6,EPB41L2,WWTR1,COL18A1,SIX5,RHOA,ITGA6,EGFL8,MATN2,RBMS3,AHNAK,SCN7A,LAMB2,PLEKHA4,VIM"
"gene_set_query"	"14"	"0.008712"	"SHOX2"	"SHOX2"	"17"	"298"	"2.169E-9"	"2.29E-7"	"7.142"	"GTEx--Coexpression"	"COL12A1,AHR,LGALS1,EVA1B,KIRREL1,TPM4,FST,MXRA8,COL1A2,COL5A2,LAMC1,ANXA5,MMP14,COL6A3,RBMS3,AHNAK,VIM"
"gene_set_query"	"15"	"0.009334"	"RFX8"	"RFX8"	"17"	"298"	"2.169E-9"	"2.29E-7"	"7.142"	"GTEx--Coexpression"	"LGALS1,TPM4,PIMREG,ECT2,NDC80,TPX2,COL1A2,COL5A2,KIF11,TK1,ANXA2,ANXA5,CCNA2,MMP14,COL6A3,CENPF,PRC1"
"gene_set_query"	"16"	"0.009956"	"GLIS2"	"GLIS2"	"17"	"299"	"2.28E-9"	"2.29E-7"	"7.116"	"GTEx--Coexpression"	"EVA1B,KIRREL1,COL4A2,PDGFA,IGFBP7,WWTR1,COL18A1,SIX5,ITGA1,ITGA8,RBMS3,CRIP2,FLNA,S1PR3,LAMB2,SOD3,TBX2"
"gene_set_query"	"17"	"0.01058"	"TCF7L1"	"TCF7L1"	"16"	"297"	"1.37E-8"	"1.15E-6"	"6.722"	"GTEx--Coexpression"	"COL4A2,COL4A1,MXRA8,PLAC9,IGFBP7,WWTR1,PARVA,COL18A1,SIX5,ITGA1,ITGA7,PDZRN3,RBMS3,FLNA,LAMB2,SOD3"
"gene_set_query"	"18"	"0.0112"	"TWIST2"	"TWIST2"	"16"	"297"	"1.37E-8"	"1.15E-6"	"6.722"	"GTEx--Coexpression"	"COL12A1,LGALS1,EVA1B,KIRREL1,TPM4,MXRA8,COL1A2,COL5A1,COL5A2,LAMC1,ANXA2,ANXA5,MMP14,COL6A3,LAMB1,RAB13"
"gene_set_query"	"19"	"0.01182"	"HMGA2"	"HMGA2"	"16"	"298"	"1.435E-8"	"1.15E-6"	"6.698"	"GTEx--Coexpression"	"LGALS1,TPM4,PIMREG,ECT2,NDC80,TPX2,COL1A2,COL5A2,KIF11,TK1,ANXA2,ANXA5,CCNA2,COL6A3,CENPF,PRC1"
"gene_set_query"	"20"	"0.01245"	"KLF7"	"KLF7"	"16"	"298"	"1.435E-8"	"1.15E-6"	"6.698"	"GTEx--Coexpression"	"KIRREL1,TPM4,COL4A2,COL4A1,WWTR1,MSN,PARVA,LAMC1,CLEC1A,ITGA1,ANXA5,RHOA,RBMS3,STOM,LAMB1,DLC1"
"gene_set_query"	"21"	"0.01307"	"BNC2"	"BNC2"	"16"	"299"	"1.503E-8"	"1.15E-6"	"6.674"	"GTEx--Coexpression"	"OLFML2A,LGALS1,IGFBP5,MXRA8,EPB41L2,WWTR1,PARVA,COL5A1,LAMC1,SIX5,EGFL8,PDZRN3,MATN2,AHNAK,SCN7A,PLEKHA4"
"gene_set_query"	"22"	"0.01369"	"FOXM1"	"FOXM1"	"16"	"300"	"1.574E-8"	"1.15E-6"	"6.651"	"GTEx--Coexpression"	"PTTG1,PIMREG,SGO1,CDCA3,CDCA8,ECT2,NDC80,TPX2,KIF18B,KIF11,TK1,CCNA2,CENPW,CENPF,PRC1,CDKN3"
"gene_set_query"	"23"	"0.01431"	"TWIST1"	"TWIST1"	"15"	"297"	"8.584E-8"	"5.41E-6"	"6.279"	"GTEx--Coexpression"	"COL12A1,LGALS1,EVA1B,KIRREL1,TPM4,MXRA8,COL1A2,COL5A2,LAMC1,ANXA2,ANXA5,MMP14,COL6A3,LMNA,RAB13"
"gene_set_query"	"24"	"0.01493"	"FOXD1"	"FOXD1"	"15"	"298"	"8.963E-8"	"5.41E-6"	"6.257"	"GTEx--Coexpression"	"LGALS1,EVA1B,KIRREL1,TPM4,PIMREG,MXRA8,ECT2,COL1A2,COL5A2,TENM3,LAMC1,ANXA2,ANXA5,COL6A3,PLEC"
"gene_set_query"	"25"	"0.01556"	"HOXC6"	"HOXC6"	"15"	"298"	"8.963E-8"	"5.41E-6"	"6.257"	"GTEx--Coexpression"	"COL12A1,LGALS1,EVA1B,KIRREL1,TPM4,MXRA8,COL1A2,COL5A2,LAMC1,ANXA2,ANXA5,MMP14,COL6A3,PLEC,VIM"
"gene_set_query"	"26"	"0.01618"	"TBX2"	"TBX2"	"15"	"299"	"9.357E-8"	"5.41E-6"	"6.235"	"GTEx--Coexpression"	"COL4A2,COL4A1,IGFBP7,MSN,COL18A1,CLEC1A,CEMIP2,ITGA1,RHOA,RBMS3,NKD2,STOM,LAMB2,SOD3,DLC1"
"gene_set_query"	"27"	"0.0168"	"E2F1"	"E2F1"	"15"	"300"	"9.767E-8"	"5.41E-6"	"6.213"	"GTEx--Coexpression"	"PTTG1,PIMREG,SGO1,CDCA3,CDCA8,ECT2,NDC80,TPX2,KIF18B,KIF11,TK1,CCNA2,CENPW,CENPF,PRC1"
"gene_set_query"	"28"	"0.01742"	"TFDP1"	"TFDP1"	"15"	"300"	"9.767E-8"	"5.41E-6"	"6.213"	"GTEx--Coexpression"	"PTTG1,PIMREG,SGO1,CDCA3,CDCA8,ECT2,NDC80,TPX2,KIF18B,KIF11,TK1,CCNA2,CENPW,CENPF,PRC1"
"gene_set_query"	"29"	"0.01805"	"HMGA1"	"HMGA1"	"15"	"300"	"9.767E-8"	"5.41E-6"	"6.213"	"GTEx--Coexpression"	"PTTG1,PIMREG,SGO1,CDCA8,ECT2,NDC80,TPX2,KIF18B,KIF11,TK1,ANXA2,CCNA2,CENPW,CENPF,PRC1"
"gene_set_query"	"30"	"0.01867"	"HEYL"	"HEYL"	"14"	"298"	"5.267E-7"	"2.54E-5"	"5.819"	"GTEx--Coexpression"	"COL4A2,COL4A1,PDGFA,IGFBP7,COL18A1,SIX5,ITGA8,RBMS3,CRIP2,PRELP,FLNA,LAMB2,SOD3,TBX2"
"gene_set_query"	"31"	"0.01929"	"SOX18"	"SOX18"	"14"	"299"	"5.48E-7"	"2.54E-5"	"5.799"	"GTEx--Coexpression"	"TM4SF1,COL4A1,PLAC9,EHD4,NES,CLEC1A,ITGA7,RBMS3,LAMA2,CRIP2,EGFLAM,STOM,LAMB2,DLC1"
"gene_set_query"	"32"	"0.01991"	"MYCN"	"MYCN"	"14"	"299"	"5.48E-7"	"2.54E-5"	"5.799"	"GTEx--Coexpression"	"ARHGAP39,STMN1,KANK4,EPB41L2,HSPA12A,IGSF11,AATK,SECISBP2L,SORCS2,ZEB2,PMP2,EGFL8,SH3TC2,PLP1"
"gene_set_query"	"33"	"0.02054"	"RUNX2"	"RUNX2"	"14"	"299"	"5.48E-7"	"2.54E-5"	"5.799"	"GTEx--Coexpression"	"COL12A1,LGALS1,EVA1B,KIRREL1,TPM4,RUNX1,MXRA8,COL1A2,COL5A2,ANXA2,ANXA5,EMP3,MMP14,COL6A3"
"gene_set_query"	"34"	"0.02116"	"E2F7"	"E2F7"	"14"	"300"	"5.7E-7"	"2.54E-5"	"5.779"	"GTEx--Coexpression"	"PTTG1,PIMREG,SGO1,CDCA8,ECT2,NDC80,TPX2,KIF18B,KIF11,TK1,CCNA2,CENPW,CENPF,PRC1"
"gene_set_query"	"35"	"0.02178"	"CENPA"	"CENPA"	"14"	"300"	"5.7E-7"	"2.54E-5"	"5.779"	"GTEx--Coexpression"	"PTTG1,PIMREG,SGO1,CDCA8,ECT2,NDC80,TPX2,KIF18B,KIF11,TK1,CCNA2,CENPW,CENPF,PRC1"
"gene_set_query"	"36"	"0.0224"	"ZNF367"	"ZNF367"	"14"	"300"	"5.7E-7"	"2.54E-5"	"5.779"	"GTEx--Coexpression"	"PTTG1,PIMREG,SGO1,CDCA8,ECT2,NDC80,TPX2,KIF18B,KIF11,TK1,CCNA2,CENPW,CENPF,PRC1"
"gene_set_query"	"37"	"0.02302"	"HOXC4"	"HOXC4"	"13"	"297"	"2.796E-6"	"1.04E-4"	"5.404"	"GTEx--Coexpression"	"COL12A1,LGALS1,KIRREL1,TPM4,MXRA8,COL1A2,COL5A2,LAMC1,ANXA2,ANXA5,MMP14,COL6A3,VIM"
"gene_set_query"	"38"	"0.02365"	"PRRX1"	"PRRX1"	"13"	"297"	"2.796E-6"	"1.04E-4"	"5.404"	"GTEx--Coexpression"	"EVA1B,KIRREL1,TPM4,MXRA8,PLAC9,COL1A2,COL5A2,LAMC1,ANXA5,MMP14,COL6A3,RBMS3,VIM"
"gene_set_query"	"39"	"0.02427"	"ERG"	"ERG"	"13"	"298"	"2.9E-6"	"1.04E-4"	"5.385"	"GTEx--Coexpression"	"TM4SF1,COL4A2,COL4A1,IGFBP7,MSN,COL18A1,CLEC1A,ITGA8,RBMS3,STOM,SOD3,TBX2,DLC1"
"gene_set_query"	"40"	"0.02489"	"HOXD4"	"HOXD4"	"13"	"298"	"2.9E-6"	"1.04E-4"	"5.385"	"GTEx--Coexpression"	"LGALS1,EVA1B,KIRREL1,IGFBP5,RPL22,MXRA8,PARVA,COL5A1,LAMC1,SIX5,ANXA5,MMP14,RAB13"
"gene_set_query"	"41"	"0.02551"	"SNAI1"	"SNAI1"	"13"	"299"	"3.007E-6"	"1.04E-4"	"5.366"	"GTEx--Coexpression"	"IFITM3,TM4SF1,COL4A2,COL4A1,MSN,EHD4,CLEC1A,ADAMTS9,CEMIP2,ANXA5,RBMS3,STOM,DLC1"
"gene_set_query"	"42"	"0.02614"	"SOX13"	"SOX13"	"13"	"299"	"3.007E-6"	"1.04E-4"	"5.366"	"GTEx--Coexpression"	"AHR,PHLDA3,COL4A2,MXRA8,ITGA6,EGFL8,RBMS3,AHNAK,LAMA2,CTNNA1,SCN7A,LAMB2,TBX2"
"gene_set_query"	"43"	"0.02676"	"TET1"	"TET1"	"13"	"299"	"3.007E-6"	"1.04E-4"	"5.366"	"GTEx--Coexpression"	"AHR,LGALS1,MXRA8,KANK4,EPB41L2,HSPA12A,COL5A1,EGFL8,MATN2,AHNAK,SCN7A,PLEKHA4,VIM"
"gene_set_query"	"44"	"0.02738"	"TEAD2"	"TEAD2"	"13"	"300"	"3.117E-6"	"1.04E-4"	"5.347"	"GTEx--Coexpression"	"IFITM3,TES,COL4A2,COL4A1,WWTR1,PARVA,SIX5,ITGA1,ITGA7,PDZRN3,STOM,S1PR3,LAMB2"
"gene_set_query"	"45"	"0.028"	"ZNF492"	"ZNF492"	"13"	"300"	"3.117E-6"	"1.04E-4"	"5.347"	"GTEx--Coexpression"	"PIMREG,SGO1,CDCA8,ECT2,NDC80,TPX2,KIF18B,KIF11,TK1,CCNA2,CENPW,CENPF,PRC1"
"gene_set_query"	"46"	"0.02862"	"DNMT1"	"DNMT1"	"13"	"300"	"3.117E-6"	"1.04E-4"	"5.347"	"GTEx--Coexpression"	"PTTG1,SGO1,CDCA3,CDCA8,ECT2,NDC80,TPX2,KIF18B,KIF11,CCNA2,CENPW,CENPF,PRC1"
"gene_set_query"	"47"	"0.02925"	"ATOH8"	"ATOH8"	"13"	"300"	"3.117E-6"	"1.04E-4"	"5.347"	"GTEx--Coexpression"	"PROS1,RASSF4,MXRA8,IGFBP7,COL18A1,SIX5,ITGA7,RBMS3,LAMA2,PRELP,LAMB2,SOD3,VIM"
"gene_set_query"	"48"	"0.02987"	"ZNF695"	"ZNF695"	"13"	"300"	"3.117E-6"	"1.04E-4"	"5.347"	"GTEx--Coexpression"	"PIMREG,SGO1,CDCA8,ECT2,NDC80,TPX2,KIF18B,KIF11,TK1,CCNA2,CENPW,CENPF,PRC1"
"gene_set_query"	"49"	"0.03049"	"ZNF469"	"ZNF469"	"12"	"297"	"1.441E-5"	"3.99E-4"	"4.97"	"GTEx--Coexpression"	"COL12A1,LGALS1,EVA1B,KIRREL1,TPM4,COL1A2,COL5A1,COL5A2,TENM3,ANXA5,MMP14,COL6A3"
"gene_set_query"	"50"	"0.03111"	"SCMH1"	"SCMH1"	"12"	"298"	"1.489E-5"	"3.99E-4"	"4.953"	"GTEx--Coexpression"	"TES,COL4A2,WWTR1,PARVA,SIX5,ITGA1,ITGA7,PDZRN3,FLNA,S1PR3,LAMB2,SOD3"
"gene_set_query"	"51"	"0.03174"	"FOXL1"	"FOXL1"	"12"	"298"	"1.489E-5"	"3.99E-4"	"4.953"	"GTEx--Coexpression"	"EVA1B,KIRREL1,TPM4,PDGFA,IGFBP7,COL18A1,ITGA8,RBMS3,THBS2,FLNA,SOD3,VIM"
"gene_set_query"	"52"	"0.03236"	"TSHZ3"	"TSHZ3"	"12"	"298"	"1.489E-5"	"3.99E-4"	"4.953"	"GTEx--Coexpression"	"OLFML2A,IGFBP5,MXRA8,WWTR1,PARVA,COL5A1,SIX5,ITGA1,PDZRN3,MATN2,SCN7A,LAMB2"
"gene_set_query"	"53"	"0.03298"	"GLI3"	"GLI3"	"12"	"299"	"1.539E-5"	"3.99E-4"	"4.936"	"GTEx--Coexpression"	"OLFML2A,KIRREL1,RPL22,MXRA8,WWTR1,PARVA,COL5A1,COL5A2,LAMC1,MMP14,PDZRN3,LMNA"
"gene_set_query"	"54"	"0.0336"	"HIF3A"	"HIF3A"	"12"	"299"	"1.539E-5"	"3.99E-4"	"4.936"	"GTEx--Coexpression"	"COL4A2,WWTR1,PARVA,SIX5,ITGA1,ITGA7,PDZRN3,RBMS3,LAMA2,SCN7A,S1PR3,LAMB2"
"gene_set_query"	"55"	"0.03423"	"ZNF503"	"ZNF503"	"12"	"299"	"1.539E-5"	"3.99E-4"	"4.936"	"GTEx--Coexpression"	"TES,IGFBP5,WWTR1,RARRES2,PARVA,COL5A1,SIX5,ITGA1,PDZRN3,S1PR3,LAMB2,SOD3"
"gene_set_query"	"56"	"0.03485"	"OSR1"	"OSR1"	"12"	"299"	"1.539E-5"	"3.99E-4"	"4.936"	"GTEx--Coexpression"	"TES,COL4A2,IGFBP7,WWTR1,PARVA,ITGA1,ITGA8,PDZRN3,RBMS3,FLNA,S1PR3,SOD3"
"gene_set_query"	"57"	"0.03547"	"BCL6B"	"BCL6B"	"12"	"299"	"1.539E-5"	"3.99E-4"	"4.936"	"GTEx--Coexpression"	"TM4SF1,COL4A1,PLAC9,MSN,NES,CLEC1A,ADAMTS9,CEMIP2,NKD2,STOM,TBX2,DLC1"
"gene_set_query"	"58"	"0.03609"	"MAFK"	"MAFK"	"12"	"299"	"1.539E-5"	"3.99E-4"	"4.936"	"GTEx--Coexpression"	"COL4A2,PDGFA,WWTR1,SIX5,ITGA1,ITGA7,PDZRN3,RBMS3,CRIP2,FLNA,LAMB2,SOD3"
"gene_set_query"	"59"	"0.03671"	"MYBL2"	"MYBL2"	"12"	"300"	"1.59E-5"	"3.99E-4"	"4.919"	"GTEx--Coexpression"	"PTTG1,SGO1,CDCA8,NDC80,TPX2,KIF18B,KIF11,TK1,CCNA2,CENPW,CENPF,PRC1"
"gene_set_query"	"60"	"0.03734"	"EPAS1"	"EPAS1"	"12"	"300"	"1.59E-5"	"3.99E-4"	"4.919"	"GTEx--Coexpression"	"TM4SF1,COL4A2,COL4A1,MSN,CLEC1A,CEMIP2,RHOA,RBMS3,NKD2,STOM,TBX2,DLC1"
"gene_set_query"	"61"	"0.03796"	"AHRR"	"AHRR"	"12"	"300"	"1.59E-5"	"3.99E-4"	"4.919"	"GTEx--Coexpression"	"PTTG1,PIMREG,SGO1,CDCA8,NDC80,TPX2,KIF18B,KIF11,CCNA2,CENPW,CENPF,PRC1"
"gene_set_query"	"62"	"0.03858"	"ZNF724"	"ZNF724"	"12"	"300"	"1.59E-5"	"3.99E-4"	"4.919"	"GTEx--Coexpression"	"PIMREG,SGO1,CDCA8,ECT2,NDC80,TPX2,KIF18B,KIF11,TK1,CCNA2,CENPF,PRC1"
"gene_set_query"	"63"	"0.0392"	"ZNF726"	"ZNF726"	"12"	"300"	"1.59E-5"	"3.99E-4"	"4.919"	"GTEx--Coexpression"	"PIMREG,SGO1,CDCA8,ECT2,NDC80,TPX2,KIF18B,KIF11,TK1,CCNA2,CENPF,PRC1"
"gene_set_query"	"64"	"0.03983"	"ZNF215"	"ZNF215"	"12"	"300"	"1.59E-5"	"3.99E-4"	"4.919"	"GTEx--Coexpression"	"PIMREG,SGO1,CDCA8,ECT2,NDC80,TPX2,KIF18B,KIF11,TK1,CCNA2,CENPF,PRC1"
"gene_set_query"	"65"	"0.04045"	"FOXS1"	"FOXS1"	"11"	"297"	"6.885E-5"	"0.00152"	"4.54"	"GTEx--Coexpression"	"PDGFA,IGFBP7,COL18A1,ITGA8,RBMS3,CRIP2,PRELP,THBS2,FLNA,SOD3,VIM"
"gene_set_query"	"66"	"0.04107"	"ZNF311"	"ZNF311"	"11"	"297"	"6.885E-5"	"0.00152"	"4.54"	"GTEx--Coexpression"	"KIRREL1,MXRA8,COL1A2,COL5A2,LAMC1,ANXA5,MMP14,COL6A3,LAMB1,RAB13,VIM"
"gene_set_query"	"67"	"0.04169"	"HOXC5"	"HOXC5"	"11"	"297"	"6.885E-5"	"0.00152"	"4.54"	"GTEx--Coexpression"	"LGALS1,KIRREL1,MXRA8,COL5A2,LAMC1,ANXA5,MMP14,RBMS3,PLEC,LMNA,VIM"
"gene_set_query"	"68"	"0.04231"	"HOXA2"	"HOXA2"	"11"	"298"	"7.092E-5"	"0.00152"	"4.524"	"GTEx--Coexpression"	"TES,COL4A2,WWTR1,PARVA,SIX5,ITGA1,ITGA8,PDZRN3,FLNA,S1PR3,SOD3"
"gene_set_query"	"69"	"0.04294"	"GLI2"	"GLI2"	"11"	"298"	"7.092E-5"	"0.00152"	"4.524"	"GTEx--Coexpression"	"LGALS1,IGFBP5,MXRA8,WWTR1,PARVA,COL5A1,COL5A2,SIX5,PDZRN3,FLNA,LAMB2"
"gene_set_query"	"70"	"0.04356"	"GLIS1"	"GLIS1"	"11"	"298"	"7.092E-5"	"0.00152"	"4.524"	"GTEx--Coexpression"	"LGALS1,EVA1B,TPM4,UNC5B,COL1A2,COL5A1,COL5A2,ANXA2,MMP14,COL6A3,NPDC1"
"gene_set_query"	"71"	"0.04418"	"SRF"	"SRF"	"11"	"298"	"7.092E-5"	"0.00152"	"4.524"	"GTEx--Coexpression"	"TES,COL4A2,WWTR1,PARVA,SIX5,ITGA1,ITGA7,PDZRN3,FLNA,S1PR3,SOD3"
"gene_set_query"	"72"	"0.0448"	"HIF1A"	"HIF1A"	"11"	"298"	"7.092E-5"	"0.00152"	"4.524"	"GTEx--Coexpression"	"KIRREL1,TPM4,PIMREG,ECT2,COL1A2,COL5A2,ANXA2,ANXA5,MMP14,COL6A3,RAB13"
"gene_set_query"	"73"	"0.04543"	"SETBP1"	"SETBP1"	"11"	"298"	"7.092E-5"	"0.00152"	"4.524"	"GTEx--Coexpression"	"TES,COL4A2,WWTR1,PARVA,COL18A1,SIX5,ITGA1,PDZRN3,RBMS3,FLNA,SOD3"
"gene_set_query"	"74"	"0.04605"	"ALX1"	"ALX1"	"11"	"299"	"7.304E-5"	"0.00152"	"4.509"	"GTEx--Coexpression"	"EVA1B,KIRREL1,TPM4,COL1A2,COL5A2,LAMC1,ANXA2,ANXA5,MMP14,COL6A3,LMNA"
"gene_set_query"	"75"	"0.04667"	"HOXA3"	"HOXA3"	"11"	"299"	"7.304E-5"	"0.00152"	"4.509"	"GTEx--Coexpression"	"TES,COL4A2,WWTR1,PARVA,SIX5,ITGA1,ITGA7,PDZRN3,FLNA,S1PR3,SOD3"
"gene_set_query"	"76"	"0.04729"	"ZNF621"	"ZNF621"	"11"	"299"	"7.304E-5"	"0.00152"	"4.509"	"GTEx--Coexpression"	"KIRREL1,LPAR1,EPB41L2,COL5A2,ANP32B,LAMC1,MMP14,ZEB2,COL6A3,ERBIN,LAMB1"
"gene_set_query"	"77"	"0.04792"	"ETV4"	"ETV4"	"11"	"299"	"7.304E-5"	"0.00152"	"4.509"	"GTEx--Coexpression"	"PIMREG,SGO1,RAB38,ECT2,TPX2,KIF18B,KIF11,ANXA2,CCNA2,CENPF,PRC1"
"gene_set_query"	"78"	"0.04854"	"MKX"	"MKX"	"10"	"296"	"2.955E-4"	"0.00552"	"4.128"	"GTEx--Coexpression"	"COL12A1,KIRREL1,WWTR1,PARVA,SIX5,ITGA1,PDZRN3,FLNA,S1PR3,SOD3"
"gene_set_query"	"79"	"0.04916"	"TCF12"	"TCF12"	"10"	"296"	"2.955E-4"	"0.00552"	"4.128"	"GTEx--Coexpression"	"KIRREL1,TPM4,MXRA8,WWTR1,PARVA,COL5A2,ANP32B,LAMC1,ANXA5,MMP14"
"gene_set_query"	"80"	"0.04978"	"ZEB1"	"ZEB1"	"10"	"296"	"2.955E-4"	"0.00552"	"4.128"	"GTEx--Coexpression"	"LGALS1,KIRREL1,COL4A2,WWTR1,PARVA,COL5A1,COL5A2,LAMC1,ITGA1,PDZRN3"
"gene_set_query"	"81"	"0.0504"	"FOXC2"	"FOXC2"	"10"	"297"	"3.034E-4"	"0.00552"	"4.113"	"GTEx--Coexpression"	"PDGFA,IGFBP7,COL18A1,ITGA8,RBMS3,PRELP,THBS2,FLNA,SOD3,VIM"
"gene_set_query"	"82"	"0.05103"	"MSX1"	"MSX1"	"10"	"297"	"3.034E-4"	"0.00552"	"4.113"	"GTEx--Coexpression"	"LGALS1,EVA1B,KIRREL1,MXRA8,PLAC9,LAMC1,ADAMTS9,ANXA5,RBMS3,DLC1"
"gene_set_query"	"83"	"0.05165"	"ZNF665"	"ZNF665"	"10"	"298"	"3.114E-4"	"0.00552"	"4.099"	"GTEx--Coexpression"	"LGALS1,KIRREL1,RPL22,MXRA8,PARVA,COL5A1,LAMC1,SIX5,RBMS3,VIM"
"gene_set_query"	"84"	"0.05227"	"TBX18"	"TBX18"	"10"	"298"	"3.114E-4"	"0.00552"	"4.099"	"GTEx--Coexpression"	"KIRREL1,MXRA8,IGFBP7,COL18A1,ITGA8,RBMS3,PRELP,FLNA,SOD3,VIM"
"gene_set_query"	"85"	"0.05289"	"ZNF618"	"ZNF618"	"10"	"298"	"3.114E-4"	"0.00552"	"4.099"	"GTEx--Coexpression"	"EVA1B,KIRREL1,MXRA8,GLIS3,IGFBP7,COL18A1,SIX5,RBMS3,LAMB2,VIM"
"gene_set_query"	"86"	"0.05352"	"SNAI2"	"SNAI2"	"10"	"298"	"3.114E-4"	"0.00552"	"4.099"	"GTEx--Coexpression"	"EVA1B,KIRREL1,TPM4,COL1A2,COL5A2,LAMC1,ANXA2,MMP14,COL6A3,LAMB1"
"gene_set_query"	"87"	"0.05414"	"AEBP1"	"AEBP1"	"10"	"298"	"3.114E-4"	"0.00552"	"4.099"	"GTEx--Coexpression"	"COL4A2,PDGFA,IGFBP7,COL18A1,ITGA8,RBMS3,PRELP,THBS2,FLNA,SOD3"
"gene_set_query"	"88"	"0.05476"	"SP7"	"SP7"	"10"	"299"	"3.197E-4"	"0.00552"	"4.085"	"GTEx--Coexpression"	"ARHGAP39,IBSP,STMN1,IGSF11,COL20A1,SECISBP2L,SORCS2,ZEB2,SH3TC2,PLP1"
"gene_set_query"	"89"	"0.05538"	"ZNF536"	"ZNF536"	"10"	"299"	"3.197E-4"	"0.00552"	"4.085"	"GTEx--Coexpression"	"LPAR1,IGSF11,AATK,SECISBP2L,SORCS2,ZEB2,PMP2,GAS7,SH3TC2,PLP1"
"gene_set_query"	"90"	"0.056"	"SOX17"	"SOX17"	"10"	"299"	"3.197E-4"	"0.00552"	"4.085"	"GTEx--Coexpression"	"PHLDA3,TM4SF1,COL4A1,PLAC9,CLEC1A,ADAMTS9,RBMS3,EGFLAM,STOM,DLC1"
"gene_set_query"	"91"	"0.05663"	"PRDM6"	"PRDM6"	"10"	"299"	"3.197E-4"	"0.00552"	"4.085"	"GTEx--Coexpression"	"TES,COL4A2,PDGFA,IGFBP7,COL18A1,ITGA8,PRELP,THBS2,FLNA,SOD3"
"gene_set_query"	"92"	"0.05725"	"TEAD3"	"TEAD3"	"10"	"299"	"3.197E-4"	"0.00552"	"4.085"	"GTEx--Coexpression"	"TES,COL4A2,WWTR1,PARVA,SIX5,ITGA1,PDZRN3,FLNA,S1PR3,SOD3"
"gene_set_query"	"93"	"0.05787"	"NFATC4"	"NFATC4"	"10"	"299"	"3.197E-4"	"0.00552"	"4.085"	"GTEx--Coexpression"	"IGFBP5,MXRA8,WWTR1,PARVA,COL5A1,SIX5,PDZRN3,RBMS3,LAMB2,RAB13"
"gene_set_query"	"94"	"0.05849"	"FOXP1"	"FOXP1"	"10"	"300"	"3.281E-4"	"0.00555"	"4.071"	"GTEx--Coexpression"	"TES,COL4A2,WWTR1,PARVA,SIX5,ITGA1,PDZRN3,FLNA,S1PR3,SOD3"
"gene_set_query"	"95"	"0.05912"	"ZNF219"	"ZNF219"	"10"	"300"	"3.281E-4"	"0.00555"	"4.071"	"GTEx--Coexpression"	"TES,PHLDA3,COL4A2,WWTR1,PARVA,SIX5,ITGA1,ITGA7,PDZRN3,LAMB2"
"gene_set_query"	"96"	"0.05974"	"CREB3L2"	"CREB3L2"	"9"	"297"	"0.001224"	"0.0182"	"3.689"	"GTEx--Coexpression"	"COL4A2,MXRA8,GLIS3,IGFBP7,COL18A1,SIX5,ANXA5,RBMS3,LAMB2"
"gene_set_query"	"97"	"0.06036"	"SIM1"	"SIM1"	"9"	"297"	"0.001224"	"0.0182"	"3.689"	"GTEx--Coexpression"	"COL12A1,KIRREL1,COL1A2,COL5A2,LAMC1,ANXA2,ANXA5,MMP14,COL6A3"
"gene_set_query"	"98"	"0.06098"	"FOXC1"	"FOXC1"	"9"	"297"	"0.001224"	"0.0182"	"3.689"	"GTEx--Coexpression"	"PDGFA,IGFBP7,COL18A1,ITGA8,RBMS3,PRELP,FLNA,SOD3,VIM"
"gene_set_query"	"99"	"0.06161"	"SOX8"	"SOX8"	"9"	"297"	"0.001224"	"0.0182"	"3.689"	"GTEx--Coexpression"	"LPAR1,IGSF11,SECISBP2L,SORCS2,ZEB2,PMP2,SH3TC2,ERBIN,PLP1"
"gene_set_query"	"100"	"0.06223"	"ZBTB8A"	"ZBTB8A"	"9"	"298"	"0.001252"	"0.0182"	"3.676"	"GTEx--Coexpression"	"COL4A2,WWTR1,PARVA,LAMC1,SIX5,RBMS3,LAMA2,LAMB2,LAMB1"
"gene_set_query"	"101"	"0.06285"	"ZNF676"	"ZNF676"	"9"	"298"	"0.001252"	"0.0182"	"3.676"	"GTEx--Coexpression"	"GLIS3,IGFBP7,WWTR1,SIX5,MATN2,RBMS3,CRIP2,LAMB2,SOD3"
"gene_set_query"	"102"	"0.06347"	"PRDM16"	"PRDM16"	"9"	"298"	"0.001252"	"0.0182"	"3.676"	"GTEx--Coexpression"	"PDGFA,IGFBP7,COL18A1,ITGA8,RBMS3,PRELP,FLNA,SOD3,VIM"
"gene_set_query"	"103"	"0.06409"	"HIC1"	"HIC1"	"9"	"298"	"0.001252"	"0.0182"	"3.676"	"GTEx--Coexpression"	"OLFML2A,LGALS1,MXRA8,PLAC9,COL5A1,NES,MATN2,LAMB2,DLC1"
"gene_set_query"	"104"	"0.06472"	"SOX4"	"SOX4"	"9"	"298"	"0.001252"	"0.0182"	"3.676"	"GTEx--Coexpression"	"RPL18A,IGFBP5,RPL22,TM4SF1,RUNX1,BLOC1S1,RPS24,TGIF2,MMP14"
"gene_set_query"	"105"	"0.06534"	"PRDM5"	"PRDM5"	"9"	"299"	"0.001281"	"0.0182"	"3.664"	"GTEx--Coexpression"	"IGFBP5,MXRA8,WWTR1,PARVA,COL5A1,SIX5,RBMS3,LAMB2,VIM"
"gene_set_query"	"106"	"0.06596"	"ZNF366"	"ZNF366"	"9"	"299"	"0.001281"	"0.0182"	"3.664"	"GTEx--Coexpression"	"COL4A1,NUAK1,NES,CLEC1A,ITGA7,RBMS3,EGFLAM,STOM,DLC1"
"gene_set_query"	"107"	"0.06658"	"TBX4"	"TBX4"	"9"	"299"	"0.001281"	"0.0182"	"3.664"	"GTEx--Coexpression"	"ADGRG6,MSN,CLEC1A,SOSTDC1,CEMIP2,NKD2,STOM,TBX2,DLC1"
"gene_set_query"	"108"	"0.06721"	"HAND2"	"HAND2"	"9"	"299"	"0.001281"	"0.0182"	"3.664"	"GTEx--Coexpression"	"TES,WWTR1,PARVA,SIX5,ITGA1,ITGA7,PDZRN3,FLNA,LAMB2"
"gene_set_query"	"109"	"0.06783"	"TEAD1"	"TEAD1"	"9"	"299"	"0.001281"	"0.0182"	"3.664"	"GTEx--Coexpression"	"PHLDA3,PARVA,COL5A2,TENM3,LAMC1,PDZRN3,PLEC,AHNAK,LAMB1"
"gene_set_query"	"110"	"0.06845"	"UBP1"	"UBP1"	"9"	"300"	"0.001311"	"0.0182"	"3.651"	"GTEx--Coexpression"	"TES,COL4A2,BLOC1S1,WWTR1,PARVA,ITGA1,PDZRN3,FLNA,S1PR3"
"gene_set_query"	"111"	"0.06907"	"ZFP69B"	"ZFP69B"	"9"	"300"	"0.001311"	"0.0182"	"3.651"	"GTEx--Coexpression"	"PIMREG,SGO1,ECT2,NDC80,TPX2,KIF18B,KIF11,CCNA2,CENPF"
"gene_set_query"	"112"	"0.0697"	"ZNF730"	"ZNF730"	"9"	"300"	"0.001311"	"0.0182"	"3.651"	"GTEx--Coexpression"	"PTTG1,CDCA3,CDCA8,NDC80,TPX2,KIF11,CENPF,PRC1,CDKN3"
"gene_set_query"	"113"	"0.07032"	"ZNF124"	"ZNF124"	"9"	"300"	"0.001311"	"0.0182"	"3.651"	"GTEx--Coexpression"	"PTTG1,SGO1,CDCA8,NDC80,TPX2,KIF11,TGIF2,CENPW,CENPF"
"gene_set_query"	"114"	"0.07094"	"HOXB2"	"HOXB2"	"9"	"300"	"0.001311"	"0.0182"	"3.651"	"GTEx--Coexpression"	"TES,COL4A2,WWTR1,PARVA,ITGA1,PDZRN3,S1PR3,LAMB2,SOD3"
"gene_set_query"	"115"	"0.07156"	"RUNX1"	"RUNX1"	"9"	"300"	"0.001311"	"0.0182"	"3.651"	"GTEx--Coexpression"	"AHR,EVA1B,TPM4,COL1A2,ANXA2,CEMIP2,ANXA5,MMP14,CD44"
"gene_set_query"	"116"	"0.07218"	"TCF21"	"TCF21"	"9"	"300"	"0.001311"	"0.0182"	"3.651"	"GTEx--Coexpression"	"MSN,CLEC1A,CEMIP2,ITGA1,NKD2,SCN7A,STOM,TBX2,DLC1"
"gene_set_query"	"117"	"0.07281"	"DUXA"	"DUXA"	"8"	"296"	"0.004394"	"0.0554"	"3.279"	"GTEx--Coexpression"	"PDGFA,IGFBP7,COL18A1,ITGA8,RBMS3,PRELP,FLNA,SOD3"
"gene_set_query"	"118"	"0.07343"	"HOXA11"	"HOXA11"	"8"	"297"	"0.004482"	"0.0554"	"3.268"	"GTEx--Coexpression"	"TES,OLFML2A,LGALS1,PARVA,COL5A1,SIX5,PDZRN3,FLNA"
"gene_set_query"	"119"	"0.07405"	"HES4"	"HES4"	"8"	"297"	"0.004482"	"0.0554"	"3.268"	"GTEx--Coexpression"	"PDGFA,PLAC9,IGFBP7,COL18A1,ITGA7,CRIP2,FLNA,SOD3"
"gene_set_query"	"120"	"0.07467"	"EBF1"	"EBF1"	"8"	"297"	"0.004482"	"0.0554"	"3.268"	"GTEx--Coexpression"	"COL4A1,MXRA8,PLAC9,LAMC1,ITGA7,RBMS3,DLC1,VIM"
"gene_set_query"	"121"	"0.0753"	"ZFHX4"	"ZFHX4"	"8"	"297"	"0.004482"	"0.0554"	"3.268"	"GTEx--Coexpression"	"COL12A1,MXRA8,COL1A2,COL5A2,TENM3,LAMC1,RHBDF2,COL6A3"
"gene_set_query"	"122"	"0.07592"	"JUN"	"JUN"	"8"	"298"	"0.004571"	"0.0554"	"3.256"	"GTEx--Coexpression"	"AHR,TM4SF1,MXRA8,PLAC9,CLEC1A,LMNA,HES1,DLC1"
"gene_set_query"	"123"	"0.07654"	"MAFF"	"MAFF"	"8"	"298"	"0.004571"	"0.0554"	"3.256"	"GTEx--Coexpression"	"TM4SF1,COL4A1,CLEC1A,ADAMTS9,RBMS3,LMNA,STOM,DLC1"
"gene_set_query"	"124"	"0.07716"	"HOXD8"	"HOXD8"	"8"	"298"	"0.004571"	"0.0554"	"3.256"	"GTEx--Coexpression"	"LGALS1,KIRREL1,MXRA8,LAMC1,ANXA5,MMP14,EGFLAM,RAB13"
"gene_set_query"	"125"	"0.07778"	"GSX2"	"GSX2"	"8"	"298"	"0.004571"	"0.0554"	"3.256"	"GTEx--Coexpression"	"POU3F1,HSPA12A,AATK,STON2,SECISBP2L,SORCS2,PMP2,ERBIN"
"gene_set_query"	"126"	"0.07841"	"IRX1"	"IRX1"	"8"	"299"	"0.004662"	"0.0554"	"3.245"	"GTEx--Coexpression"	"RPL18A,EVA1B,RUNX1,ANXA2,MMP14,CD44,LMNA,HES1"
"gene_set_query"	"127"	"0.07903"	"ZFHX3"	"ZFHX3"	"8"	"299"	"0.004662"	"0.0554"	"3.245"	"GTEx--Coexpression"	"COL4A2,IGFBP7,COL18A1,SIX5,RBMS3,PRELP,FLNA,SOD3"
"gene_set_query"	"128"	"0.07965"	"PBX1"	"PBX1"	"8"	"299"	"0.004662"	"0.0554"	"3.245"	"GTEx--Coexpression"	"TES,WWTR1,PARVA,COL5A1,SIX5,ITGA1,PDZRN3,FLNA"
"gene_set_query"	"129"	"0.08027"	"ATF4"	"ATF4"	"8"	"299"	"0.004662"	"0.0554"	"3.245"	"GTEx--Coexpression"	"TES,COL4A2,WWTR1,PARVA,SIX5,ITGA1,PDZRN3,RAB13"
"gene_set_query"	"130"	"0.0809"	"ZNF675"	"ZNF675"	"8"	"299"	"0.004662"	"0.0554"	"3.245"	"GTEx--Coexpression"	"PTTG1,SGO1,RAB38,CDCA8,TPX2,KIF18B,KIF11,PRC1"
"gene_set_query"	"131"	"0.08152"	"EBF3"	"EBF3"	"8"	"299"	"0.004662"	"0.0554"	"3.245"	"GTEx--Coexpression"	"PHLDA3,MXRA8,PLAC9,LAMC1,ITGA7,RBMS3,EGFLAM,DLC1"
"gene_set_query"	"132"	"0.08214"	"NR1H2"	"NR1H2"	"8"	"299"	"0.004662"	"0.0554"	"3.245"	"GTEx--Coexpression"	"TES,WWTR1,ITGA1,ITGA7,PDZRN3,FLNA,S1PR3,SOD3"
"gene_set_query"	"133"	"0.08276"	"ZNF385D"	"ZNF385D"	"8"	"300"	"0.004753"	"0.0554"	"3.234"	"GTEx--Coexpression"	"COL4A2,PDGFA,IGFBP7,ITGA8,RBMS3,THBS2,FLNA,SOD3"
"gene_set_query"	"134"	"0.08339"	"HOXC11"	"HOXC11"	"8"	"300"	"0.004753"	"0.0554"	"3.234"	"GTEx--Coexpression"	"KIRREL1,TPM4,COL1A2,COL5A2,ANXA2,MMP14,COL6A3,LMNA"
"gene_set_query"	"135"	"0.08401"	"MEIS1"	"MEIS1"	"8"	"300"	"0.004753"	"0.0554"	"3.234"	"GTEx--Coexpression"	"TES,WWTR1,RARRES2,PARVA,COL5A1,SIX5,ITGA1,PDZRN3"
"gene_set_query"	"136"	"0.08463"	"HOXA6"	"HOXA6"	"8"	"300"	"0.004753"	"0.0554"	"3.234"	"GTEx--Coexpression"	"KIRREL1,MXRA8,COL5A1,COL5A2,LAMC1,MMP14,PLEC,LAMB1"
"gene_set_query"	"137"	"0.08525"	"HOXB4"	"HOXB4"	"8"	"300"	"0.004753"	"0.0554"	"3.234"	"GTEx--Coexpression"	"TES,COL4A2,WWTR1,PARVA,ITGA1,PDZRN3,S1PR3,SOD3"
"gene_set_query"	"138"	"0.08587"	"SMAD9"	"SMAD9"	"8"	"300"	"0.004753"	"0.0554"	"3.234"	"GTEx--Coexpression"	"GLIS3,IGFBP7,WWTR1,ITGA1,RBMS3,FLNA,S1PR3,SOD3"
"gene_set_query"	"139"	"0.0865"	"FOXD4L5"	"FOXD4L5"	"7"	"297"	"0.01476"	"0.142"	"2.849"	"GTEx--Coexpression"	"PHLDA3,NUAK1,HSPA12A,TENM3,EGFLAM,LAMB1,DLC1"
"gene_set_query"	"140"	"0.08712"	"SIX5"	"SIX5"	"7"	"298"	"0.015"	"0.142"	"2.84"	"GTEx--Coexpression"	"WWTR1,PARVA,COL18A1,PDZRN3,FLNA,LAMB2,SOD3"
"gene_set_query"	"141"	"0.08774"	"NME2"	"NME2"	"7"	"298"	"0.015"	"0.142"	"2.84"	"GTEx--Coexpression"	"RPL18A,RPL22,ANP32B,RPS24,ANXA2,PTMA,RAB13"
"gene_set_query"	"142"	"0.08836"	"RARB"	"RARB"	"7"	"298"	"0.015"	"0.142"	"2.84"	"GTEx--Coexpression"	"WWTR1,PARVA,ITGA1,PDZRN3,CRIP2,S1PR3,LAMB2"
"gene_set_query"	"143"	"0.08899"	"HOXD3"	"HOXD3"	"7"	"298"	"0.015"	"0.142"	"2.84"	"GTEx--Coexpression"	"LGALS1,KIRREL1,IGFBP5,RPL22,MXRA8,COL5A1,MMP14"
"gene_set_query"	"144"	"0.08961"	"POU4F3"	"POU4F3"	"7"	"298"	"0.015"	"0.142"	"2.84"	"GTEx--Coexpression"	"KIRREL1,IGFBP7,COL18A1,RHOA,RBMS3,FLNA,VIM"
"gene_set_query"	"145"	"0.09023"	"HEY2"	"HEY2"	"7"	"298"	"0.015"	"0.142"	"2.84"	"GTEx--Coexpression"	"IGFBP7,COL18A1,ITGA8,ITGA7,CRIP2,PRELP,FLNA"
"gene_set_query"	"146"	"0.09085"	"ZEB2"	"ZEB2"	"7"	"298"	"0.015"	"0.142"	"2.84"	"GTEx--Coexpression"	"LPAR1,EPB41L2,SECISBP2L,PMP2,SH3TC2,ERBIN,PLP1"
"gene_set_query"	"147"	"0.09147"	"ZNF697"	"ZNF697"	"7"	"298"	"0.015"	"0.142"	"2.84"	"GTEx--Coexpression"	"KIRREL1,TPM4,EHD4,LAMC1,ANXA5,COL6A3,DLC1"
"gene_set_query"	"148"	"0.0921"	"ETS1"	"ETS1"	"7"	"299"	"0.01525"	"0.142"	"2.83"	"GTEx--Coexpression"	"MSN,EHD4,CLEC1A,CEMIP2,RHOA,STOM,DLC1"
"gene_set_query"	"149"	"0.09272"	"ZNF362"	"ZNF362"	"7"	"299"	"0.01525"	"0.142"	"2.83"	"GTEx--Coexpression"	"IGFBP7,COL18A1,ITGA8,PDZRN3,PRELP,FLNA,SOD3"
"gene_set_query"	"150"	"0.09334"	"ZNF257"	"ZNF257"	"7"	"299"	"0.01525"	"0.142"	"2.83"	"GTEx--Coexpression"	"SGO1,CDCA8,NDC80,KIF18B,KIF11,TGIF2,CCNA2"
"gene_set_query"	"151"	"0.09396"	"KLF2"	"KLF2"	"7"	"299"	"0.01525"	"0.142"	"2.83"	"GTEx--Coexpression"	"PLAC9,MSN,CLEC1A,EMP3,RHOA,RBMS3,SIPA1"
"gene_set_query"	"152"	"0.09459"	"ZNF827"	"ZNF827"	"7"	"299"	"0.01525"	"0.142"	"2.83"	"GTEx--Coexpression"	"IL1RAP,FRMD8,ADGRG6,S100A10,TSPO,RHBDF2,NPDC1"
"gene_set_query"	"153"	"0.09521"	"ALX4"	"ALX4"	"7"	"299"	"0.01525"	"0.142"	"2.83"	"GTEx--Coexpression"	"RUNX1,MXRA8,COL1A2,ANXA2,MMP14,CD44,LMNA"
"gene_set_query"	"154"	"0.09583"	"SMAD5"	"SMAD5"	"7"	"299"	"0.01525"	"0.142"	"2.83"	"GTEx--Coexpression"	"KIRREL1,RPL22,MXRA8,LAMC1,MMP14,RBMS3,LMNA"
"gene_set_query"	"155"	"0.09645"	"MEOX1"	"MEOX1"	"7"	"299"	"0.01525"	"0.142"	"2.83"	"GTEx--Coexpression"	"PLAC9,EHD4,NES,ITGA7,EGFLAM,STOM,DLC1"
"gene_set_query"	"156"	"0.09708"	"SNAPC2"	"SNAPC2"	"7"	"299"	"0.01525"	"0.142"	"2.83"	"GTEx--Coexpression"	"TES,PARVA,COL5A1,EMP3,PDZRN3,FLNA,S1PR3"
"gene_set_query"	"157"	"0.0977"	"ZNF792"	"ZNF792"	"7"	"299"	"0.01525"	"0.142"	"2.83"	"GTEx--Coexpression"	"MSN,IGSF11,EHD4,CLEC1A,RHOA,STX11,SIPA1"
"gene_set_query"	"158"	"0.09832"	"NFIA"	"NFIA"	"7"	"299"	"0.01525"	"0.142"	"2.83"	"GTEx--Coexpression"	"WWTR1,RHBDF2,ITGA7,PDZRN3,RBMS3,FLNA,SOD3"
"gene_set_query"	"159"	"0.09894"	"SOX7"	"SOX7"	"7"	"300"	"0.0155"	"0.142"	"2.82"	"GTEx--Coexpression"	"TM4SF1,RAB38,RREB1,S100A10,CLEC1A,EMP1,HES1"
"gene_set_query"	"160"	"0.09956"	"ZNF714"	"ZNF714"	"7"	"300"	"0.0155"	"0.142"	"2.82"	"GTEx--Coexpression"	"SGO1,KIF18B,KIF11,EMP1,CCNA2,CENPF,PRC1"
"gene_set_query"	"161"	"0.1002"	"CPEB1"	"CPEB1"	"7"	"300"	"0.0155"	"0.142"	"2.82"	"GTEx--Coexpression"	"ARHGAP39,STMN1,INPP5F,IGSF11,CLDN11,SH3TC2,PLP1"
"gene_set_query"	"162"	"0.1008"	"NKX61"	"NKX61"	"7"	"300"	"0.0155"	"0.142"	"2.82"	"GTEx--Coexpression"	"TES,WWTR1,PARVA,ITGA1,PDZRN3,S1PR3,SOD3"
"gene_set_query"	"163"	"0.1014"	"FOXP2"	"FOXP2"	"7"	"300"	"0.0155"	"0.142"	"2.82"	"GTEx--Coexpression"	"TES,OLFML2A,WWTR1,PARVA,SIX5,ITGA1,PDZRN3"
"gene_set_query"	"164"	"0.1021"	"MAF"	"MAF"	"7"	"300"	"0.0155"	"0.142"	"2.82"	"GTEx--Coexpression"	"POU3F1,RAB38,ITPR3,RREB1,ITGB4,ERBB2,HES1"
"gene_set_query"	"165"	"0.1027"	"PLSCR1"	"PLSCR1"	"7"	"300"	"0.0155"	"0.142"	"2.82"	"GTEx--Coexpression"	"IFITM3,MSN,CLEC1A,ADAMTS9,CEMIP2,STX11,STOM"
"gene_set_query"	"166"	"0.1033"	"PA2G4"	"PA2G4"	"7"	"300"	"0.0155"	"0.142"	"2.82"	"GTEx--Coexpression"	"SGO1,TPX2,KIF18B,KIF11,CENPW,CENPF,PRC1"
"gene_set_query"	"167"	"0.1039"	"FOXF1"	"FOXF1"	"7"	"300"	"0.0155"	"0.142"	"2.82"	"GTEx--Coexpression"	"TES,COL4A2,WWTR1,PARVA,ITGA1,PDZRN3,S1PR3"
"gene_set_query"	"168"	"0.1045"	"CEBPD"	"CEBPD"	"7"	"300"	"0.0155"	"0.142"	"2.82"	"GTEx--Coexpression"	"IFITM3,AHR,EVA1B,ADAMTS9,RBMS3,LAMA2,STOM"
"gene_set_query"	"169"	"0.1052"	"HOXB3"	"HOXB3"	"7"	"300"	"0.0155"	"0.142"	"2.82"	"GTEx--Coexpression"	"TES,OLFML2A,COL4A2,WWTR1,PARVA,ITGA1,PDZRN3"
"gene_set_query"	"170"	"0.1058"	"HOXD13"	"HOXD13"	"7"	"300"	"0.0155"	"0.142"	"2.82"	"GTEx--Coexpression"	"TES,OLFML2A,WWTR1,PARVA,COL5A1,PDZRN3,MATN2"
"gene_set_query"	"171"	"0.1064"	"ZNF326"	"ZNF326"	"7"	"300"	"0.0155"	"0.142"	"2.82"	"GTEx--Coexpression"	"LPAR1,SECISBP2L,ZEB2,PMP2,SH3TC2,ERBIN,PLP1"
"gene_set_query"	"172"	"0.107"	"KLF9"	"KLF9"	"7"	"300"	"0.0155"	"0.142"	"2.82"	"GTEx--Coexpression"	"COL4A2,WWTR1,RBMS3,AHNAK,LAMA2,SCN7A,STOM"
"gene_set_query"	"173"	"0.1077"	"TFE3"	"TFE3"	"7"	"300"	"0.0155"	"0.142"	"2.82"	"GTEx--Coexpression"	"IFITM3,MSN,EMP3,RHOA,STX11,STOM,SIPA1"
"gene_set_query"	"174"	"0.1083"	"HOXD12"	"HOXD12"	"7"	"300"	"0.0155"	"0.142"	"2.82"	"GTEx--Coexpression"	"TES,OLFML2A,WWTR1,PARVA,COL5A1,PDZRN3,MATN2"
"gene_set_query"	"175"	"0.1089"	"TAL1"	"TAL1"	"7"	"300"	"0.0155"	"0.142"	"2.82"	"GTEx--Coexpression"	"MSN,CLEC1A,CEMIP2,STX11,UCP2,STOM,SIPA1"
"gene_set_query"	"176"	"0.1095"	"BHLHE40"	"BHLHE40"	"7"	"300"	"0.0155"	"0.142"	"2.82"	"GTEx--Coexpression"	"TM4SF1,RAB38,RREB1,S100A10,LMNA,ERBB2,HES1"
"gene_set_query"	"177"	"0.1101"	"TCF23"	"TCF23"	"6"	"296"	"0.04261"	"0.333"	"2.442"	"GTEx--Coexpression"	"IGFBP5,COL5A1,TGIF2,PDZRN3,MATN2,FLNA"
"gene_set_query"	"178"	"0.1108"	"KLF15"	"KLF15"	"6"	"296"	"0.04261"	"0.333"	"2.442"	"GTEx--Coexpression"	"PROS1,SIX5,ITGA7,RBMS3,LAMA2,PRELP"
"gene_set_query"	"179"	"0.1114"	"OSR2"	"OSR2"	"6"	"297"	"0.04318"	"0.333"	"2.434"	"GTEx--Coexpression"	"IGFBP5,RPL22,MXRA8,COL5A1,MMP14,MATN2"
"gene_set_query"	"180"	"0.112"	"JAZF1"	"JAZF1"	"6"	"297"	"0.04318"	"0.333"	"2.434"	"GTEx--Coexpression"	"TES,ITGA1,EMP3,PDZRN3,ERBB2,FLNA"
"gene_set_query"	"181"	"0.1126"	"HOXC8"	"HOXC8"	"6"	"297"	"0.04318"	"0.333"	"2.434"	"GTEx--Coexpression"	"COL12A1,KIRREL1,COL1A2,COL5A2,LAMC1,COL6A3"
"gene_set_query"	"182"	"0.1133"	"ZNF24"	"ZNF24"	"6"	"298"	"0.04376"	"0.333"	"2.426"	"GTEx--Coexpression"	"LPAR1,SECISBP2L,ZEB2,PMP2,ERBIN,PLP1"
"gene_set_query"	"183"	"0.1139"	"TCF7L2"	"TCF7L2"	"6"	"298"	"0.04376"	"0.333"	"2.426"	"GTEx--Coexpression"	"COL4A2,COL4A1,MXRA8,COL18A1,MMP14,RBMS3"
"gene_set_query"	"184"	"0.1145"	"HOXB8"	"HOXB8"	"6"	"298"	"0.04376"	"0.333"	"2.426"	"GTEx--Coexpression"	"ANP32B,CLDN11,ZEB2,PMP2,SH3TC2,PLP1"
"gene_set_query"	"185"	"0.1151"	"NKX62"	"NKX62"	"6"	"298"	"0.04376"	"0.333"	"2.426"	"GTEx--Coexpression"	"LPAR1,ZEB2,PMP2,SH3TC2,ERBIN,PLP1"
"gene_set_query"	"186"	"0.1157"	"OLIG1"	"OLIG1"	"6"	"298"	"0.04376"	"0.333"	"2.426"	"GTEx--Coexpression"	"LPAR1,COL20A1,ZEB2,PMP2,ERBIN,PLP1"
"gene_set_query"	"187"	"0.1164"	"SKIL"	"SKIL"	"6"	"298"	"0.04376"	"0.333"	"2.426"	"GTEx--Coexpression"	"TM4SF1,IGFBP7,CLEC1A,RBMS3,TBX2,DLC1"
"gene_set_query"	"188"	"0.117"	"ZNF578"	"ZNF578"	"6"	"298"	"0.04376"	"0.333"	"2.426"	"GTEx--Coexpression"	"KIRREL1,TPM4,COL5A2,LAMC1,ANXA5,COL6A3"
"gene_set_query"	"189"	"0.1176"	"POGK"	"POGK"	"6"	"298"	"0.04376"	"0.333"	"2.426"	"GTEx--Coexpression"	"LPAR1,SECISBP2L,ZEB2,PMP2,ERBIN,PLP1"
"gene_set_query"	"190"	"0.1182"	"ZNF395"	"ZNF395"	"6"	"298"	"0.04376"	"0.333"	"2.426"	"GTEx--Coexpression"	"RPL18A,RPL22,RPS24,SIX5,CD44,ERBB2"
"gene_set_query"	"191"	"0.1189"	"MSC"	"MSC"	"6"	"298"	"0.04376"	"0.333"	"2.426"	"GTEx--Coexpression"	"EVA1B,PDGFA,IGFBP7,EHD4,ITGA8,THBS2"
"gene_set_query"	"192"	"0.1195"	"PGR"	"PGR"	"6"	"298"	"0.04376"	"0.333"	"2.426"	"GTEx--Coexpression"	"IGFBP5,COL5A1,COL18A1,SIX5,PDZRN3,FLNA"
"gene_set_query"	"193"	"0.1201"	"HOXD9"	"HOXD9"	"6"	"298"	"0.04376"	"0.333"	"2.426"	"GTEx--Coexpression"	"OLFML2A,RPL22,MXRA8,COL5A1,RPS24,MATN2"
"gene_set_query"	"194"	"0.1207"	"HOXA4"	"HOXA4"	"6"	"299"	"0.04434"	"0.333"	"2.417"	"GTEx--Coexpression"	"WWTR1,PARVA,ITGA1,PDZRN3,S1PR3,SOD3"
"gene_set_query"	"195"	"0.1213"	"TRPS1"	"TRPS1"	"6"	"299"	"0.04434"	"0.333"	"2.417"	"GTEx--Coexpression"	"RUNX1,TMEM26,CD44,LMNA,ERBB2,HES1"
"gene_set_query"	"196"	"0.122"	"HOXD10"	"HOXD10"	"6"	"299"	"0.04434"	"0.333"	"2.417"	"GTEx--Coexpression"	"TES,OLFML2A,RPL22,COL5A1,PDZRN3,MATN2"
"gene_set_query"	"197"	"0.1226"	"ATF3"	"ATF3"	"6"	"299"	"0.04434"	"0.333"	"2.417"	"GTEx--Coexpression"	"TM4SF1,PLAC9,CLEC1A,LMNA,HES1,DLC1"
"gene_set_query"	"198"	"0.1232"	"PBX3"	"PBX3"	"6"	"299"	"0.04434"	"0.333"	"2.417"	"GTEx--Coexpression"	"WWTR1,RARRES2,SIX5,ITGA1,PDZRN3,LAMB2"
"gene_set_query"	"199"	"0.1238"	"ZHX3"	"ZHX3"	"6"	"299"	"0.04434"	"0.333"	"2.417"	"GTEx--Coexpression"	"WWTR1,PARVA,ITGA1,RHBDF2,PDZRN3,S1PR3"
"gene_set_query"	"200"	"0.1245"	"XPA"	"XPA"	"6"	"299"	"0.04434"	"0.333"	"2.417"	"GTEx--Coexpression"	"WWTR1,SIX5,ITGA1,PDZRN3,FLNA,SOD3"
"gene_set_query"	"201"	"0.1251"	"PHOX2B"	"PHOX2B"	"6"	"299"	"0.04434"	"0.333"	"2.417"	"GTEx--Coexpression"	"TES,WWTR1,RARRES2,PARVA,ITGA1,PDZRN3"
"gene_set_query"	"202"	"0.1257"	"TFEC"	"TFEC"	"6"	"299"	"0.04434"	"0.333"	"2.417"	"GTEx--Coexpression"	"MSN,CEMIP2,RHBDF2,C1QB,STX11,SIPA1"
"gene_set_query"	"203"	"0.1263"	"ZNF449"	"ZNF449"	"6"	"299"	"0.04434"	"0.333"	"2.417"	"GTEx--Coexpression"	"COL4A2,PARVA,SIX5,ITGA1,RBMS3,LAMB2"
"gene_set_query"	"204"	"0.1269"	"HAND1"	"HAND1"	"6"	"300"	"0.04493"	"0.333"	"2.409"	"GTEx--Coexpression"	"TES,OLFML2A,WWTR1,PARVA,ITGA1,PDZRN3"
"gene_set_query"	"205"	"0.1276"	"NKX23"	"NKX23"	"6"	"300"	"0.04493"	"0.333"	"2.409"	"GTEx--Coexpression"	"TES,OLFML2A,PARVA,ITGA1,PDZRN3,C1QB"
"gene_set_query"	"206"	"0.1282"	"SMAD3"	"SMAD3"	"6"	"300"	"0.04493"	"0.333"	"2.409"	"GTEx--Coexpression"	"STMN1,GLIS3,RREB1,EHD4,MMP14,GAS7"
"gene_set_query"	"207"	"0.1288"	"NR3C2"	"NR3C2"	"6"	"300"	"0.04493"	"0.333"	"2.409"	"GTEx--Coexpression"	"CD82,S100A11,TSPO,RHBDF2,CD44,EPCAM"
"gene_set_query"	"208"	"0.1294"	"ZNF704"	"ZNF704"	"6"	"300"	"0.04493"	"0.333"	"2.409"	"GTEx--Coexpression"	"PDGFA,IGFBP7,COL18A1,SIX5,ITGA8,FLNA"
"gene_set_query"	"209"	"0.1301"	"GLMP"	"GLMP"	"6"	"300"	"0.04493"	"0.333"	"2.409"	"GTEx--Coexpression"	"EVA1B,TSPO,ANXA5,EMP3,MMP14,RAB13"
"gene_set_query"	"210"	"0.1307"	"LCORL"	"LCORL"	"6"	"300"	"0.04493"	"0.333"	"2.409"	"GTEx--Coexpression"	"SGO1,ECT2,TPX2,KIF11,CCNA2,PRC1"
"gene_set_query"	"211"	"0.1313"	"NKX32"	"NKX32"	"6"	"300"	"0.04493"	"0.333"	"2.409"	"GTEx--Coexpression"	"TES,OLFML2A,WWTR1,PARVA,ITGA1,PDZRN3"
"gene_set_query"	"212"	"0.1319"	"IKZF2"	"IKZF2"	"6"	"300"	"0.04493"	"0.333"	"2.409"	"GTEx--Coexpression"	"CD82,SGO1,CDCA8,KIF18B,KIF11,CCNA2"
"gene_set_query"	"213"	"0.1325"	"ZBED4"	"ZBED4"	"6"	"300"	"0.04493"	"0.333"	"2.409"	"GTEx--Coexpression"	"SGO1,CDCA8,ECT2,KIF18B,KIF11,CCNA2"
"gene_set_query"	"214"	"0.1332"	"BATF3"	"BATF3"	"6"	"300"	"0.04493"	"0.333"	"2.409"	"GTEx--Coexpression"	"IFITM3,COL4A1,MSN,ADAMTS9,PTMA,STOM"
"gene_set_query"	"215"	"0.1338"	"TET2"	"TET2"	"6"	"300"	"0.04493"	"0.333"	"2.409"	"GTEx--Coexpression"	"CD82,IL1RAP,TSPO,RHBDF2,CD44,STX11"
"gene_set_query"	"216"	"0.1344"	"ZNF708"	"ZNF708"	"6"	"300"	"0.04493"	"0.333"	"2.409"	"GTEx--Coexpression"	"LPAR1,SECISBP2L,ZEB2,PMP2,SH3TC2,PLP1"
"gene_set_query"	"217"	"0.135"	"FOXF2"	"FOXF2"	"6"	"300"	"0.04493"	"0.333"	"2.409"	"GTEx--Coexpression"	"TES,WWTR1,PARVA,ITGA1,PDZRN3,S1PR3"
"gene_set_query"	"218"	"0.1357"	"GATA6"	"GATA6"	"5"	"295"	"0.1085"	"0.695"	"2.035"	"GTEx--Coexpression"	"IGFBP5,RARRES2,SIX5,CRIP2,LAMB2"
"gene_set_query"	"219"	"0.1363"	"CENPB"	"CENPB"	"5"	"297"	"0.1107"	"0.695"	"2.021"	"GTEx--Coexpression"	"LPAR1,ZEB2,PMP2,ERBIN,PLP1"
"gene_set_query"	"220"	"0.1369"	"EGR1"	"EGR1"	"5"	"297"	"0.1107"	"0.695"	"2.021"	"GTEx--Coexpression"	"TM4SF1,MATN2,LMNA,HES1,DLC1"
"gene_set_query"	"221"	"0.1375"	"ZNF639"	"ZNF639"	"5"	"297"	"0.1107"	"0.695"	"2.021"	"GTEx--Coexpression"	"WWTR1,PARVA,ITGA1,PDZRN3,FLNA"
"gene_set_query"	"222"	"0.1381"	"NFYB"	"NFYB"	"5"	"297"	"0.1107"	"0.695"	"2.021"	"GTEx--Coexpression"	"WWTR1,PARVA,ITGA1,PDZRN3,FLNA"
"gene_set_query"	"223"	"0.1388"	"ESR1"	"ESR1"	"5"	"297"	"0.1107"	"0.695"	"2.021"	"GTEx--Coexpression"	"IGFBP5,MXRA8,TMEM26,COL5A1,MATN2"
"gene_set_query"	"224"	"0.1394"	"NR4A1"	"NR4A1"	"5"	"298"	"0.1119"	"0.695"	"2.014"	"GTEx--Coexpression"	"IGFBP5,MATN2,RBMS3,LAMB2,VIM"
"gene_set_query"	"225"	"0.14"	"MYRF"	"MYRF"	"5"	"298"	"0.1119"	"0.695"	"2.014"	"GTEx--Coexpression"	"LPAR1,ZEB2,SH3TC2,ERBIN,PLP1"
"gene_set_query"	"226"	"0.1406"	"BARX1"	"BARX1"	"5"	"298"	"0.1119"	"0.695"	"2.014"	"GTEx--Coexpression"	"TES,WWTR1,PARVA,ITGA1,PDZRN3"
"gene_set_query"	"227"	"0.1413"	"ZNF117"	"ZNF117"	"5"	"298"	"0.1119"	"0.695"	"2.014"	"GTEx--Coexpression"	"COL4A1,S100A10,RARRES2,ANXA5,DLC1"
"gene_set_query"	"228"	"0.1419"	"ZNF208"	"ZNF208"	"5"	"298"	"0.1119"	"0.695"	"2.014"	"GTEx--Coexpression"	"NES,SIX5,ITGA7,CRIP2,LAMB2"
"gene_set_query"	"229"	"0.1425"	"ZNF442"	"ZNF442"	"5"	"298"	"0.1119"	"0.695"	"2.014"	"GTEx--Coexpression"	"RPL22,COL18A1,SIX5,RBMS3,VIM"
"gene_set_query"	"230"	"0.1431"	"HDX"	"HDX"	"5"	"298"	"0.1119"	"0.695"	"2.014"	"GTEx--Coexpression"	"KIRREL1,IGFBP7,COL18A1,RBMS3,FLNA"
"gene_set_query"	"231"	"0.1437"	"OLIG2"	"OLIG2"	"5"	"298"	"0.1119"	"0.695"	"2.014"	"GTEx--Coexpression"	"LPAR1,COL20A1,PMP2,ERBIN,PLP1"
"gene_set_query"	"232"	"0.1444"	"RBPJ"	"RBPJ"	"5"	"298"	"0.1119"	"0.695"	"2.014"	"GTEx--Coexpression"	"MSN,ANP32B,RHOA,STOM,TSPAN17"
"gene_set_query"	"233"	"0.145"	"ZNF664"	"ZNF664"	"5"	"298"	"0.1119"	"0.695"	"2.014"	"GTEx--Coexpression"	"LPAR1,ZEB2,PMP2,ERBIN,PLP1"
"gene_set_query"	"234"	"0.1456"	"ISL1"	"ISL1"	"5"	"298"	"0.1119"	"0.695"	"2.014"	"GTEx--Coexpression"	"COL5A1,SIX5,PDZRN3,MATN2,NPDC1"
"gene_set_query"	"235"	"0.1462"	"ZNF318"	"ZNF318"	"5"	"299"	"0.113"	"0.695"	"2.008"	"GTEx--Coexpression"	"PTTG1,SGO1,CDCA3,CDCA8,TGIF2"
"gene_set_query"	"236"	"0.1469"	"ZNF625"	"ZNF625"	"5"	"299"	"0.113"	"0.695"	"2.008"	"GTEx--Coexpression"	"PIMREG,SGO1,NDC80,KIF11,CCNA2"
"gene_set_query"	"237"	"0.1475"	"ZSCAN23"	"ZSCAN23"	"5"	"299"	"0.113"	"0.695"	"2.008"	"GTEx--Coexpression"	"KIRREL1,COL1A2,COL5A2,LAMC1,COL6A3"
"gene_set_query"	"238"	"0.1481"	"ZBTB10"	"ZBTB10"	"5"	"299"	"0.113"	"0.695"	"2.008"	"GTEx--Coexpression"	"IGFBP7,COL18A1,RBMS3,FLNA,SOD3"
"gene_set_query"	"239"	"0.1487"	"NCOA1"	"NCOA1"	"5"	"299"	"0.113"	"0.695"	"2.008"	"GTEx--Coexpression"	"EVA1B,IGSF11,EHD4,SORCS2,RAB13"
"gene_set_query"	"240"	"0.1493"	"ZNF214"	"ZNF214"	"5"	"299"	"0.113"	"0.695"	"2.008"	"GTEx--Coexpression"	"MXRA8,COL5A1,TENM3,SIX5,RHBDF2"
"gene_set_query"	"241"	"0.15"	"ZFP57"	"ZFP57"	"5"	"299"	"0.113"	"0.695"	"2.008"	"GTEx--Coexpression"	"LPAR1,ZEB2,SH3TC2,ERBIN,PLP1"
"gene_set_query"	"242"	"0.1506"	"FOSL1"	"FOSL1"	"5"	"299"	"0.113"	"0.695"	"2.008"	"GTEx--Coexpression"	"TPM4,ECT2,ANXA2,COL6A3,LMNA"
"gene_set_query"	"243"	"0.1512"	"FOXB1"	"FOXB1"	"5"	"299"	"0.113"	"0.695"	"2.008"	"GTEx--Coexpression"	"STMN1,INPP5F,TRPM3,PMP2,PLP1"
"gene_set_query"	"244"	"0.1518"	"ZNF559"	"ZNF559"	"5"	"299"	"0.113"	"0.695"	"2.008"	"GTEx--Coexpression"	"IGFBP5,MXRA8,MATN2,RBMS3,LAMB2"
"gene_set_query"	"245"	"0.1525"	"ZNF436"	"ZNF436"	"5"	"299"	"0.113"	"0.695"	"2.008"	"GTEx--Coexpression"	"RAB38,RREB1,S100A10,RPS24,ERBB2"
"gene_set_query"	"246"	"0.1531"	"THAP5"	"THAP5"	"5"	"300"	"0.1142"	"0.695"	"2.001"	"GTEx--Coexpression"	"RPL18A,S100A10,CD44,LMNA,ERBB2"
"gene_set_query"	"247"	"0.1537"	"NFE2L2"	"NFE2L2"	"5"	"300"	"0.1142"	"0.695"	"2.001"	"GTEx--Coexpression"	"RAB38,RREB1,S100A10,EMP1,ERBB2"
"gene_set_query"	"248"	"0.1543"	"PRDM4"	"PRDM4"	"5"	"300"	"0.1142"	"0.695"	"2.001"	"GTEx--Coexpression"	"KIRREL1,TPM4,LAMC1,ANXA2,MMP14"
"gene_set_query"	"249"	"0.1549"	"HOXA1"	"HOXA1"	"5"	"300"	"0.1142"	"0.695"	"2.001"	"GTEx--Coexpression"	"RAB38,S100A10,TSPO,ANXA2,EMP1"
"gene_set_query"	"250"	"0.1556"	"NFIL3"	"NFIL3"	"5"	"300"	"0.1142"	"0.695"	"2.001"	"GTEx--Coexpression"	"IL1RAP,MSN,ADAMTS9,STX11,STOM"
"gene_set_query"	"251"	"0.1562"	"ARID5A"	"ARID5A"	"5"	"300"	"0.1142"	"0.695"	"2.001"	"GTEx--Coexpression"	"MSN,CLEC1A,EMP3,STX11,SIPA1"
"gene_set_query"	"252"	"0.1568"	"ZNF681"	"ZNF681"	"5"	"300"	"0.1142"	"0.695"	"2.001"	"GTEx--Coexpression"	"SGO1,CDCA3,KIF18B,KIF11,CCNA2"
"gene_set_query"	"253"	"0.1574"	"JDP2"	"JDP2"	"5"	"300"	"0.1142"	"0.695"	"2.001"	"GTEx--Coexpression"	"EVA1B,KIRREL1,EMP3,STX11,SIPA1"
"gene_set_query"	"254"	"0.1581"	"TLX1"	"TLX1"	"5"	"300"	"0.1142"	"0.695"	"2.001"	"GTEx--Coexpression"	"SPATA13,TMEM26,C1QB,UCP2,SIPA1"
"gene_set_query"	"255"	"0.1587"	"VEZF1"	"VEZF1"	"5"	"300"	"0.1142"	"0.695"	"2.001"	"GTEx--Coexpression"	"WWTR1,PARVA,SIX5,ITGA1,PDZRN3"
"gene_set_query"	"256"	"0.1593"	"BNC1"	"BNC1"	"5"	"300"	"0.1142"	"0.695"	"2.001"	"GTEx--Coexpression"	"PTTG1,RAB38,S100A10,CENPW,CDKN3"
"gene_set_query"	"257"	"0.1599"	"ZC3H8"	"ZC3H8"	"5"	"300"	"0.1142"	"0.695"	"2.001"	"GTEx--Coexpression"	"COL4A2,MSN,RHOA,STOM,RAB13"
"gene_set_query"	"258"	"0.1605"	"ZNF93"	"ZNF93"	"5"	"300"	"0.1142"	"0.695"	"2.001"	"GTEx--Coexpression"	"SGO1,NDC80,KIF18B,KIF11,CCNA2"
"gene_set_query"	"259"	"0.1612"	"STAT3"	"STAT3"	"5"	"300"	"0.1142"	"0.695"	"2.001"	"GTEx--Coexpression"	"IFITM3,STMN1,MSN,ADAMTS9,STOM"
"gene_set_query"	"260"	"0.1618"	"STAT5A"	"STAT5A"	"5"	"300"	"0.1142"	"0.695"	"2.001"	"GTEx--Coexpression"	"PHLDA3,COL4A1,RHOA,STX11,STOM"
"gene_set_query"	"261"	"0.1624"	"SPIC"	"SPIC"	"5"	"300"	"0.1142"	"0.695"	"2.001"	"GTEx--Coexpression"	"SPATA13,TMEM26,C1QB,UCP2,SIPA1"
"gene_set_query"	"262"	"0.163"	"ARNTL2"	"ARNTL2"	"5"	"300"	"0.1142"	"0.695"	"2.001"	"GTEx--Coexpression"	"CD82,RAB38,KIF18B,KIF11,EMP1"
"gene_set_query"	"263"	"0.1637"	"HOXD11"	"HOXD11"	"5"	"300"	"0.1142"	"0.695"	"2.001"	"GTEx--Coexpression"	"TES,OLFML2A,PARVA,COL5A1,PDZRN3"
"gene_set_query"	"264"	"0.1643"	"RELB"	"RELB"	"5"	"300"	"0.1142"	"0.695"	"2.001"	"GTEx--Coexpression"	"MSN,RHBDF2,STX11,UCP2,SIPA1"
"gene_set_query"	"265"	"0.1649"	"PRDM8"	"PRDM8"	"4"	"296"	"0.243"	"1.0"	"1.617"	"GTEx--Coexpression"	"MAP1A,PARVA,PDZRN3,S1PR3"
"gene_set_query"	"266"	"0.1655"	"TCF15"	"TCF15"	"4"	"297"	"0.2448"	"1.0"	"1.612"	"GTEx--Coexpression"	"MYL12A,NES,CRIP2,EGFLAM"
"gene_set_query"	"267"	"0.1661"	"HMX1"	"HMX1"	"4"	"297"	"0.2448"	"1.0"	"1.612"	"GTEx--Coexpression"	"LPAR1,COL20A1,STON2,PMP2"
"gene_set_query"	"268"	"0.1668"	"PPARG"	"PPARG"	"4"	"297"	"0.2448"	"1.0"	"1.612"	"GTEx--Coexpression"	"PHLDA3,COL4A1,EGFLAM,DLC1"
"gene_set_query"	"269"	"0.1674"	"LHX6"	"LHX6"	"4"	"298"	"0.2466"	"1.0"	"1.606"	"GTEx--Coexpression"	"COL4A1,NUAK1,STOM,DLC1"
"gene_set_query"	"270"	"0.168"	"MXI1"	"MXI1"	"4"	"298"	"0.2466"	"1.0"	"1.606"	"GTEx--Coexpression"	"WWTR1,PDZRN3,FLNA,S1PR3"
"gene_set_query"	"271"	"0.1686"	"FOXO4"	"FOXO4"	"4"	"298"	"0.2466"	"1.0"	"1.606"	"GTEx--Coexpression"	"LPAR1,ZEB2,PMP2,ERBIN"
"gene_set_query"	"272"	"0.1693"	"NR5A1"	"NR5A1"	"4"	"298"	"0.2466"	"1.0"	"1.606"	"GTEx--Coexpression"	"TMEM26,RARRES2,C1QB,TSPAN17"
"gene_set_query"	"273"	"0.1699"	"FERD3L"	"FERD3L"	"4"	"298"	"0.2466"	"1.0"	"1.606"	"GTEx--Coexpression"	"KIRREL1,COL5A2,MMP14,COL6A3"
"gene_set_query"	"274"	"0.1705"	"GATA2"	"GATA2"	"4"	"298"	"0.2466"	"1.0"	"1.606"	"GTEx--Coexpression"	"CLEC1A,NKD2,NPDC1,TBX2"
"gene_set_query"	"275"	"0.1711"	"L3MBTL3"	"L3MBTL3"	"4"	"298"	"0.2466"	"1.0"	"1.606"	"GTEx--Coexpression"	"MSN,TGIF2,RHOA,SIPA1"
"gene_set_query"	"276"	"0.1717"	"ZNF699"	"ZNF699"	"4"	"298"	"0.2466"	"1.0"	"1.606"	"GTEx--Coexpression"	"KIRREL1,TPM4,COL5A2,LAMC1"
"gene_set_query"	"277"	"0.1724"	"TSHZ2"	"TSHZ2"	"4"	"298"	"0.2466"	"1.0"	"1.606"	"GTEx--Coexpression"	"IGFBP5,RPL22,TM4SF1,RBMS3"
"gene_set_query"	"278"	"0.173"	"ZZZ3"	"ZZZ3"	"4"	"299"	"0.2484"	"1.0"	"1.601"	"GTEx--Coexpression"	"KIRREL1,COL5A2,LAMC1,MMP14"
"gene_set_query"	"279"	"0.1736"	"NR2F1"	"NR2F1"	"4"	"299"	"0.2484"	"1.0"	"1.601"	"GTEx--Coexpression"	"TRPM3,HSPA12A,SORCS2,NPDC1"
"gene_set_query"	"280"	"0.1742"	"ZNF561"	"ZNF561"	"4"	"299"	"0.2484"	"1.0"	"1.601"	"GTEx--Coexpression"	"RPL18A,RAB38,RREB1,CD44"
"gene_set_query"	"281"	"0.1749"	"ZNF501"	"ZNF501"	"4"	"299"	"0.2484"	"1.0"	"1.601"	"GTEx--Coexpression"	"KIRREL1,PARVA,COL5A2,LAMC1"
"gene_set_query"	"282"	"0.1755"	"NKX22"	"NKX22"	"4"	"299"	"0.2484"	"1.0"	"1.601"	"GTEx--Coexpression"	"LPAR1,ZEB2,PMP2,PLP1"
"gene_set_query"	"283"	"0.1761"	"DRAP1"	"DRAP1"	"4"	"299"	"0.2484"	"1.0"	"1.601"	"GTEx--Coexpression"	"PTTG1,TPX2,PRC1,CDKN3"
"gene_set_query"	"284"	"0.1767"	"TP53"	"TP53"	"4"	"299"	"0.2484"	"1.0"	"1.601"	"GTEx--Coexpression"	"CD82,RPL18A,RAB38,CD44"
"gene_set_query"	"285"	"0.1773"	"HOXA13"	"HOXA13"	"4"	"299"	"0.2484"	"1.0"	"1.601"	"GTEx--Coexpression"	"TES,COL5A1,PDZRN3,MATN2"
"gene_set_query"	"286"	"0.178"	"GSC"	"GSC"	"4"	"299"	"0.2484"	"1.0"	"1.601"	"GTEx--Coexpression"	"MXRA8,PLAC9,RBMS3,EGFLAM"
"gene_set_query"	"287"	"0.1786"	"FLI1"	"FLI1"	"4"	"299"	"0.2484"	"1.0"	"1.601"	"GTEx--Coexpression"	"MSN,STX11,UCP2,SIPA1"
"gene_set_query"	"288"	"0.1792"	"HMBOX1"	"HMBOX1"	"4"	"299"	"0.2484"	"1.0"	"1.601"	"GTEx--Coexpression"	"RARRES2,CLEC1A,TGIF2,CEMIP2"
"gene_set_query"	"289"	"0.1798"	"NFIB"	"NFIB"	"4"	"299"	"0.2484"	"1.0"	"1.601"	"GTEx--Coexpression"	"TM4SF1,PLAC9,RBMS3,LAMB2"
"gene_set_query"	"290"	"0.1805"	"TIGD1"	"TIGD1"	"4"	"299"	"0.2484"	"1.0"	"1.601"	"GTEx--Coexpression"	"COL4A2,PARVA,CTNNA1,STOM"
"gene_set_query"	"291"	"0.1811"	"ZFP90"	"ZFP90"	"4"	"299"	"0.2484"	"1.0"	"1.601"	"GTEx--Coexpression"	"INPP5F,RREB1,ZEB2,PMP2"
"gene_set_query"	"292"	"0.1817"	"HSFY1"	"HSFY1"	"4"	"299"	"0.2484"	"1.0"	"1.601"	"GTEx--Coexpression"	"PROS1,TRPM3,MSN,LAMA2"
"gene_set_query"	"293"	"0.1823"	"ZBTB1"	"ZBTB1"	"4"	"299"	"0.2484"	"1.0"	"1.601"	"GTEx--Coexpression"	"RPL22,ANP32B,TGIF2,PTMA"
"gene_set_query"	"294"	"0.1829"	"TBX5"	"TBX5"	"4"	"299"	"0.2484"	"1.0"	"1.601"	"GTEx--Coexpression"	"DKK3,NES,CRIP2,LAMB2"
"gene_set_query"	"295"	"0.1836"	"C11ORF95"	"C11ORF95"	"4"	"299"	"0.2484"	"1.0"	"1.601"	"GTEx--Coexpression"	"CD82,IGFBP5,SIX5,RHBDF2"
"gene_set_query"	"296"	"0.1842"	"ZNF354C"	"ZNF354C"	"4"	"299"	"0.2484"	"1.0"	"1.601"	"GTEx--Coexpression"	"KIRREL1,PARVA,COL5A2,LAMC1"
"gene_set_query"	"297"	"0.1848"	"ZBTB37"	"ZBTB37"	"4"	"299"	"0.2484"	"1.0"	"1.601"	"GTEx--Coexpression"	"AHR,EPB41L2,AHNAK,SIPA1"
"gene_set_query"	"298"	"0.1854"	"ZNF90"	"ZNF90"	"4"	"299"	"0.2484"	"1.0"	"1.601"	"GTEx--Coexpression"	"SGO1,TGIF2,CCNA2,PTMA"
"gene_set_query"	"299"	"0.1861"	"THRB"	"THRB"	"4"	"299"	"0.2484"	"1.0"	"1.601"	"GTEx--Coexpression"	"FRMD8,ITGA8,PDZRN3,FLNA"
"gene_set_query"	"300"	"0.1867"	"MBD2"	"MBD2"	"4"	"299"	"0.2484"	"1.0"	"1.601"	"GTEx--Coexpression"	"EHD4,RHOA,PTMA,CD44"
"gene_set_query"	"301"	"0.1873"	"HOXD1"	"HOXD1"	"4"	"299"	"0.2484"	"1.0"	"1.601"	"GTEx--Coexpression"	"CLDN11,ZEB2,SH3TC2,PLP1"
"gene_set_query"	"302"	"0.1879"	"YY2"	"YY2"	"4"	"299"	"0.2484"	"1.0"	"1.601"	"GTEx--Coexpression"	"KIRREL1,TPM4,COL5A2,COL6A3"
"gene_set_query"	"303"	"0.1886"	"GLIS3"	"GLIS3"	"4"	"299"	"0.2484"	"1.0"	"1.601"	"GTEx--Coexpression"	"RASSF4,SIX5,RBMS3,RAB13"
"gene_set_query"	"304"	"0.1892"	"ERF"	"ERF"	"4"	"300"	"0.2502"	"1.0"	"1.595"	"GTEx--Coexpression"	"MSN,TGIF2,EMP3,SIPA1"
"gene_set_query"	"305"	"0.1898"	"ZBTB14"	"ZBTB14"	"4"	"300"	"0.2502"	"1.0"	"1.595"	"GTEx--Coexpression"	"LPAR1,ANP32B,ZEB2,ERBIN"
"gene_set_query"	"306"	"0.1904"	"SRY"	"SRY"	"4"	"300"	"0.2502"	"1.0"	"1.595"	"GTEx--Coexpression"	"POU3F1,RAB38,ANXA2,CD44"
"gene_set_query"	"307"	"0.191"	"SP100"	"SP100"	"4"	"300"	"0.2502"	"1.0"	"1.595"	"GTEx--Coexpression"	"MSN,TGIF2,RHOA,SIPA1"
"gene_set_query"	"308"	"0.1917"	"MYC"	"MYC"	"4"	"300"	"0.2502"	"1.0"	"1.595"	"GTEx--Coexpression"	"RPL18A,RAB38,CD44,LMNA"
"gene_set_query"	"309"	"0.1923"	"MAFB"	"MAFB"	"4"	"300"	"0.2502"	"1.0"	"1.595"	"GTEx--Coexpression"	"POU3F1,RAB38,RHBDF2,CD44"
"gene_set_query"	"310"	"0.1929"	"ZNF92"	"ZNF92"	"4"	"300"	"0.2502"	"1.0"	"1.595"	"GTEx--Coexpression"	"SGO1,KIF18B,KIF11,CCNA2"
"gene_set_query"	"311"	"0.1935"	"SP1"	"SP1"	"4"	"300"	"0.2502"	"1.0"	"1.595"	"GTEx--Coexpression"	"MAP1A,RREB1,TSPO,CD44"
"gene_set_query"	"312"	"0.1942"	"NFKB2"	"NFKB2"	"4"	"300"	"0.2502"	"1.0"	"1.595"	"GTEx--Coexpression"	"MSN,TGIF2,RHBDF2,SIPA1"
"gene_set_query"	"313"	"0.1948"	"E2F2"	"E2F2"	"4"	"300"	"0.2502"	"1.0"	"1.595"	"GTEx--Coexpression"	"TALDO1,S100A11,TSPO,RHBDF2"
"gene_set_query"	"314"	"0.1954"	"ZNF138"	"ZNF138"	"4"	"300"	"0.2502"	"1.0"	"1.595"	"GTEx--Coexpression"	"IFITM3,COL4A2,PARVA,ITGA1"
"gene_set_query"	"315"	"0.196"	"DR1"	"DR1"	"4"	"300"	"0.2502"	"1.0"	"1.595"	"GTEx--Coexpression"	"PTTG1,ECT2,CD44,PRC1"
"gene_set_query"	"316"	"0.1966"	"EEA1"	"EEA1"	"4"	"300"	"0.2502"	"1.0"	"1.595"	"GTEx--Coexpression"	"TPM4,LAMC1,ANXA2,MMP14"
"gene_set_query"	"317"	"0.1973"	"STAT1"	"STAT1"	"4"	"300"	"0.2502"	"1.0"	"1.595"	"GTEx--Coexpression"	"SGO1,NDC80,KIF11,CCNA2"
"gene_set_query"	"318"	"0.1979"	"DLX2"	"DLX2"	"4"	"300"	"0.2502"	"1.0"	"1.595"	"GTEx--Coexpression"	"PIMREG,MAP1A,TUBA1B,COL6A3"
"gene_set_query"	"319"	"0.1985"	"ETV6"	"ETV6"	"4"	"300"	"0.2502"	"1.0"	"1.595"	"GTEx--Coexpression"	"RUNX1,MSN,RHOA,CD44"
"gene_set_query"	"320"	"0.1991"	"ZNF121"	"ZNF121"	"4"	"300"	"0.2502"	"1.0"	"1.595"	"GTEx--Coexpression"	"RPL18A,FRMD8,RAB38,RREB1"
"gene_set_query"	"321"	"0.1998"	"TGIF1"	"TGIF1"	"4"	"300"	"0.2502"	"1.0"	"1.595"	"GTEx--Coexpression"	"RUNX1,MMP14,LMNA,RAB13"
"gene_set_query"	"322"	"0.2004"	"CEBPA"	"CEBPA"	"4"	"300"	"0.2502"	"1.0"	"1.595"	"GTEx--Coexpression"	"IL1RAP,TALDO1,TSPO,STX11"
"gene_set_query"	"323"	"0.201"	"LMX1B"	"LMX1B"	"4"	"300"	"0.2502"	"1.0"	"1.595"	"GTEx--Coexpression"	"SOSTDC1,LMNA,ERBB2,HES1"
"gene_set_query"	"324"	"0.2016"	"ZNF823"	"ZNF823"	"4"	"300"	"0.2502"	"1.0"	"1.595"	"GTEx--Coexpression"	"RAB38,RREB1,S100A10,EMP1"
"gene_set_query"	"325"	"0.2022"	"ZNF431"	"ZNF431"	"4"	"300"	"0.2502"	"1.0"	"1.595"	"GTEx--Coexpression"	"RAB38,RREB1,S100A10,EMP1"
"gene_set_query"	"326"	"0.2029"	"DZIP1"	"DZIP1"	"4"	"300"	"0.2502"	"1.0"	"1.595"	"GTEx--Coexpression"	"STMN1,MAP1A,INPP5F,COL20A1"
"gene_set_query"	"327"	"0.2035"	"CEBPB"	"CEBPB"	"4"	"300"	"0.2502"	"1.0"	"1.595"	"GTEx--Coexpression"	"IL1RAP,RHBDF2,STX11,SIPA1"
"gene_set_query"	"328"	"0.2041"	"ZNF878"	"ZNF878"	"4"	"300"	"0.2502"	"1.0"	"1.595"	"GTEx--Coexpression"	"SGO1,KIF11,TGIF2,CCNA2"
"gene_set_query"	"329"	"0.2047"	"ETV7"	"ETV7"	"4"	"300"	"0.2502"	"1.0"	"1.595"	"GTEx--Coexpression"	"RPL18A,RAB38,RHBDF2,CD44"
"gene_set_query"	"330"	"0.2054"	"BARX2"	"BARX2"	"4"	"300"	"0.2502"	"1.0"	"1.595"	"GTEx--Coexpression"	"RAB38,RREB1,S100A10,EMP1"
"gene_set_query"	"331"	"0.206"	"CSRNP1"	"CSRNP1"	"4"	"300"	"0.2502"	"1.0"	"1.595"	"GTEx--Coexpression"	"MSN,RHBDF2,STX11,SIPA1"
"gene_set_query"	"332"	"0.2066"	"POU3F2"	"POU3F2"	"3"	"297"	"0.4582"	"1.0"	"1.205"	"GTEx--Coexpression"	"STON2,SORCS2,PMP2"
"gene_set_query"	"333"	"0.2072"	"DPRX"	"DPRX"	"3"	"297"	"0.4582"	"1.0"	"1.205"	"GTEx--Coexpression"	"PHTF2,CLEC1A,EGFLAM"
"gene_set_query"	"334"	"0.2078"	"DRGX"	"DRGX"	"3"	"297"	"0.4582"	"1.0"	"1.205"	"GTEx--Coexpression"	"STMN1,MAP1A,INPP5F"
"gene_set_query"	"335"	"0.2085"	"ZNF880"	"ZNF880"	"3"	"297"	"0.4582"	"1.0"	"1.205"	"GTEx--Coexpression"	"KIRREL1,LAMC1,RBMS3"
"gene_set_query"	"336"	"0.2091"	"THAP8"	"THAP8"	"3"	"298"	"0.4604"	"1.0"	"1.2"	"GTEx--Coexpression"	"CUEDC2,JOSD2,PDZRN3"
"gene_set_query"	"337"	"0.2097"	"ZNF385B"	"ZNF385B"	"3"	"298"	"0.4604"	"1.0"	"1.2"	"GTEx--Coexpression"	"DKK3,RHOA,PTMA"
"gene_set_query"	"338"	"0.2103"	"SOX3"	"SOX3"	"3"	"298"	"0.4604"	"1.0"	"1.2"	"GTEx--Coexpression"	"STMN1,INPP5F,COL20A1"
"gene_set_query"	"339"	"0.211"	"ZNF575"	"ZNF575"	"3"	"298"	"0.4604"	"1.0"	"1.2"	"GTEx--Coexpression"	"RREB1,CUEDC2,MAPK3"
"gene_set_query"	"340"	"0.2116"	"NKX25"	"NKX25"	"3"	"298"	"0.4604"	"1.0"	"1.2"	"GTEx--Coexpression"	"MYL12A,NES,CRIP2"
"gene_set_query"	"341"	"0.2122"	"ZNF567"	"ZNF567"	"3"	"298"	"0.4604"	"1.0"	"1.2"	"GTEx--Coexpression"	"CDCA3,BLOC1S1,MAPK3"
"gene_set_query"	"342"	"0.2128"	"BACH1"	"BACH1"	"3"	"298"	"0.4604"	"1.0"	"1.2"	"GTEx--Coexpression"	"RHBDF2,CD44,STX11"
"gene_set_query"	"343"	"0.2134"	"DBX2"	"DBX2"	"3"	"298"	"0.4604"	"1.0"	"1.2"	"GTEx--Coexpression"	"COL20A1,STON2,PMP2"
"gene_set_query"	"344"	"0.2141"	"ZNF280D"	"ZNF280D"	"3"	"298"	"0.4604"	"1.0"	"1.2"	"GTEx--Coexpression"	"WWTR1,SIX5,RBMS3"
"gene_set_query"	"345"	"0.2147"	"SOX9"	"SOX9"	"3"	"298"	"0.4604"	"1.0"	"1.2"	"GTEx--Coexpression"	"COL20A1,STON2,ERBIN"
"gene_set_query"	"346"	"0.2153"	"FOXL2"	"FOXL2"	"3"	"298"	"0.4604"	"1.0"	"1.2"	"GTEx--Coexpression"	"IGFBP5,RPL22,RPS24"
"gene_set_query"	"347"	"0.2159"	"TFAP2D"	"TFAP2D"	"3"	"298"	"0.4604"	"1.0"	"1.2"	"GTEx--Coexpression"	"STMN1,MAP1A,MAPK3"
"gene_set_query"	"348"	"0.2166"	"SOHLH1"	"SOHLH1"	"3"	"298"	"0.4604"	"1.0"	"1.2"	"GTEx--Coexpression"	"STMN1,MAP1A,COL20A1"
"gene_set_query"	"349"	"0.2172"	"AEBP2"	"AEBP2"	"3"	"299"	"0.4625"	"1.0"	"1.196"	"GTEx--Coexpression"	"COL18A1,LMNA,FLNA"
"gene_set_query"	"350"	"0.2178"	"LTF"	"LTF"	"3"	"299"	"0.4625"	"1.0"	"1.196"	"GTEx--Coexpression"	"RUNX1,FUT4,SIPA1"
"gene_set_query"	"351"	"0.2184"	"POU5F1B"	"POU5F1B"	"3"	"299"	"0.4625"	"1.0"	"1.196"	"GTEx--Coexpression"	"RPL18A,RREB1,CD44"
"gene_set_query"	"352"	"0.219"	"ZBTB16"	"ZBTB16"	"3"	"299"	"0.4625"	"1.0"	"1.196"	"GTEx--Coexpression"	"RBMS3,LAMA2,PRELP"
"gene_set_query"	"353"	"0.2197"	"ZKSCAN4"	"ZKSCAN4"	"3"	"299"	"0.4625"	"1.0"	"1.196"	"GTEx--Coexpression"	"PTTG1,CDCA8,CDKN3"
"gene_set_query"	"354"	"0.2203"	"ZNF71"	"ZNF71"	"3"	"299"	"0.4625"	"1.0"	"1.196"	"GTEx--Coexpression"	"PARVA,ITGA7,PDZRN3"
"gene_set_query"	"355"	"0.2209"	"EBF4"	"EBF4"	"3"	"299"	"0.4625"	"1.0"	"1.196"	"GTEx--Coexpression"	"WWTR1,SIX5,MATN2"
"gene_set_query"	"356"	"0.2215"	"MTF2"	"MTF2"	"3"	"299"	"0.4625"	"1.0"	"1.196"	"GTEx--Coexpression"	"CDCA3,CDCA8,TGIF2"
"gene_set_query"	"357"	"0.2222"	"ASCL2"	"ASCL2"	"3"	"299"	"0.4625"	"1.0"	"1.196"	"GTEx--Coexpression"	"TSPO,RHBDF2,CD44"
"gene_set_query"	"358"	"0.2228"	"ZNF524"	"ZNF524"	"3"	"299"	"0.4625"	"1.0"	"1.196"	"GTEx--Coexpression"	"RPL18A,TALDO1,TSPO"
"gene_set_query"	"359"	"0.2234"	"ZHX1"	"ZHX1"	"3"	"299"	"0.4625"	"1.0"	"1.196"	"GTEx--Coexpression"	"STON2,EMP1,SIPA1"
"gene_set_query"	"360"	"0.224"	"FOS"	"FOS"	"3"	"299"	"0.4625"	"1.0"	"1.196"	"GTEx--Coexpression"	"POU3F1,LMNA,HES1"
"gene_set_query"	"361"	"0.2246"	"ZNF100"	"ZNF100"	"3"	"299"	"0.4625"	"1.0"	"1.196"	"GTEx--Coexpression"	"PTTG1,CDCA3,CDCA8"
"gene_set_query"	"362"	"0.2253"	"ZNF837"	"ZNF837"	"3"	"299"	"0.4625"	"1.0"	"1.196"	"GTEx--Coexpression"	"RPL18A,RREB1,ERBB2"
"gene_set_query"	"363"	"0.2259"	"ZNF544"	"ZNF544"	"3"	"299"	"0.4625"	"1.0"	"1.196"	"GTEx--Coexpression"	"PTTG1,CDCA3,CDCA8"
"gene_set_query"	"364"	"0.2265"	"SHOX"	"SHOX"	"3"	"299"	"0.4625"	"1.0"	"1.196"	"GTEx--Coexpression"	"FST,LAMC1,EGFLAM"
"gene_set_query"	"365"	"0.2271"	"LEUTX"	"LEUTX"	"3"	"299"	"0.4625"	"1.0"	"1.196"	"GTEx--Coexpression"	"SGO1,NDC80,KIF11"
"gene_set_query"	"366"	"0.2278"	"FIGLA"	"FIGLA"	"3"	"299"	"0.4625"	"1.0"	"1.196"	"GTEx--Coexpression"	"RPL22,SIX5,TGIF2"
"gene_set_query"	"367"	"0.2284"	"ATF7"	"ATF7"	"3"	"299"	"0.4625"	"1.0"	"1.196"	"GTEx--Coexpression"	"WWTR1,RBMS3,SOD3"
"gene_set_query"	"368"	"0.229"	"NKX26"	"NKX26"	"3"	"299"	"0.4625"	"1.0"	"1.196"	"GTEx--Coexpression"	"DKK3,NES,CRIP2"
"gene_set_query"	"369"	"0.2296"	"NFE2L3"	"NFE2L3"	"3"	"299"	"0.4625"	"1.0"	"1.196"	"GTEx--Coexpression"	"RPL18A,RHBDF2,CD44"
"gene_set_query"	"370"	"0.2302"	"GATAD2A"	"GATAD2A"	"3"	"299"	"0.4625"	"1.0"	"1.196"	"GTEx--Coexpression"	"KRT72,RHBDF2,CD44"
"gene_set_query"	"371"	"0.2309"	"TERF1"	"TERF1"	"3"	"299"	"0.4625"	"1.0"	"1.196"	"GTEx--Coexpression"	"RREB1,HSPA12A,SECISBP2L"
"gene_set_query"	"372"	"0.2315"	"ZBTB33"	"ZBTB33"	"3"	"299"	"0.4625"	"1.0"	"1.196"	"GTEx--Coexpression"	"CD82,RAB38,ITGA7"
"gene_set_query"	"373"	"0.2321"	"SP140L"	"SP140L"	"3"	"299"	"0.4625"	"1.0"	"1.196"	"GTEx--Coexpression"	"RHBDF2,UCP2,SIPA1"
"gene_set_query"	"374"	"0.2327"	"ZNF649"	"ZNF649"	"3"	"299"	"0.4625"	"1.0"	"1.196"	"GTEx--Coexpression"	"WWTR1,PARVA,PDZRN3"
"gene_set_query"	"375"	"0.2334"	"TRERF1"	"TRERF1"	"3"	"299"	"0.4625"	"1.0"	"1.196"	"GTEx--Coexpression"	"RAB38,S100A11,TSPO"
"gene_set_query"	"376"	"0.234"	"MXD4"	"MXD4"	"3"	"300"	"0.4647"	"1.0"	"1.192"	"GTEx--Coexpression"	"TRPM3,RELN,NPDC1"
"gene_set_query"	"377"	"0.2346"	"MEF2A"	"MEF2A"	"3"	"300"	"0.4647"	"1.0"	"1.192"	"GTEx--Coexpression"	"MYL12A,PHTF2,ITGA7"
"gene_set_query"	"378"	"0.2352"	"VSX1"	"VSX1"	"3"	"300"	"0.4647"	"1.0"	"1.192"	"GTEx--Coexpression"	"TRPM3,GAS7,RELN"
"gene_set_query"	"379"	"0.2358"	"ETV1"	"ETV1"	"3"	"300"	"0.4647"	"1.0"	"1.192"	"GTEx--Coexpression"	"TRPM3,GAS7,RELN"
"gene_set_query"	"380"	"0.2365"	"NFATC2"	"NFATC2"	"3"	"300"	"0.4647"	"1.0"	"1.192"	"GTEx--Coexpression"	"RHBDF2,UCP2,SIPA1"
"gene_set_query"	"381"	"0.2371"	"GTF2B"	"GTF2B"	"3"	"300"	"0.4647"	"1.0"	"1.192"	"GTEx--Coexpression"	"TALDO1,S100A11,STX11"
"gene_set_query"	"382"	"0.2377"	"ST18"	"ST18"	"3"	"300"	"0.4647"	"1.0"	"1.192"	"GTEx--Coexpression"	"TRPM3,GAS7,PLP1"
"gene_set_query"	"383"	"0.2383"	"ZNF598"	"ZNF598"	"3"	"300"	"0.4647"	"1.0"	"1.192"	"GTEx--Coexpression"	"RPL18A,RREB1,CD44"
"gene_set_query"	"384"	"0.239"	"LHX5"	"LHX5"	"3"	"300"	"0.4647"	"1.0"	"1.192"	"GTEx--Coexpression"	"INPP5F,TRPM3,RELN"
"gene_set_query"	"385"	"0.2396"	"HES1"	"HES1"	"3"	"300"	"0.4647"	"1.0"	"1.192"	"GTEx--Coexpression"	"RAB38,RREB1,ERBB2"
"gene_set_query"	"386"	"0.2402"	"REL"	"REL"	"3"	"300"	"0.4647"	"1.0"	"1.192"	"GTEx--Coexpression"	"CD82,RHBDF2,STX11"
"gene_set_query"	"387"	"0.2408"	"ZNF80"	"ZNF80"	"3"	"300"	"0.4647"	"1.0"	"1.192"	"GTEx--Coexpression"	"RHBDF2,UCP2,SIPA1"
"gene_set_query"	"388"	"0.2414"	"TFCP2L1"	"TFCP2L1"	"3"	"300"	"0.4647"	"1.0"	"1.192"	"GTEx--Coexpression"	"ITPR3,RREB1,ERBB2"
"gene_set_query"	"389"	"0.2421"	"IRX2"	"IRX2"	"3"	"300"	"0.4647"	"1.0"	"1.192"	"GTEx--Coexpression"	"RAB38,SOSTDC1,CD44"
"gene_set_query"	"390"	"0.2427"	"PAX1"	"PAX1"	"3"	"300"	"0.4647"	"1.0"	"1.192"	"GTEx--Coexpression"	"RREB1,PHTF2,ERBB2"
"gene_set_query"	"391"	"0.2433"	"ZNF157"	"ZNF157"	"3"	"300"	"0.4647"	"1.0"	"1.192"	"GTEx--Coexpression"	"TRPM3,GAS7,RELN"
"gene_set_query"	"392"	"0.2439"	"ZNF831"	"ZNF831"	"3"	"300"	"0.4647"	"1.0"	"1.192"	"GTEx--Coexpression"	"RHBDF2,UCP2,SIPA1"
"gene_set_query"	"393"	"0.2446"	"FOXE1"	"FOXE1"	"3"	"300"	"0.4647"	"1.0"	"1.192"	"GTEx--Coexpression"	"RASSF4,GLIS3,ITPR3"
"gene_set_query"	"394"	"0.2452"	"FOXI3"	"FOXI3"	"3"	"300"	"0.4647"	"1.0"	"1.192"	"GTEx--Coexpression"	"POU3F1,RAB38,SOSTDC1"
"gene_set_query"	"395"	"0.2458"	"TFAP2E"	"TFAP2E"	"3"	"300"	"0.4647"	"1.0"	"1.192"	"GTEx--Coexpression"	"TRPM3,GAS7,RELN"
"gene_set_query"	"396"	"0.2464"	"NEUROD1"	"NEUROD1"	"3"	"300"	"0.4647"	"1.0"	"1.192"	"GTEx--Coexpression"	"TRPM3,GAS7,RELN"
"gene_set_query"	"397"	"0.247"	"ZNF804B"	"ZNF804B"	"3"	"300"	"0.4647"	"1.0"	"1.192"	"GTEx--Coexpression"	"RASSF4,GLIS3,ITPR3"
"gene_set_query"	"398"	"0.2477"	"HES3"	"HES3"	"3"	"300"	"0.4647"	"1.0"	"1.192"	"GTEx--Coexpression"	"STMN1,TRPM3,CTNNA1"
"gene_set_query"	"399"	"0.2483"	"ZNF302"	"ZNF302"	"3"	"300"	"0.4647"	"1.0"	"1.192"	"GTEx--Coexpression"	"CD82,TSPO,CD44"
"gene_set_query"	"400"	"0.2489"	"POU2F1"	"POU2F1"	"3"	"300"	"0.4647"	"1.0"	"1.192"	"GTEx--Coexpression"	"TRPM3,GAS7,RELN"
"gene_set_query"	"401"	"0.2495"	"HLX"	"HLX"	"3"	"300"	"0.4647"	"1.0"	"1.192"	"GTEx--Coexpression"	"EMP3,STX11,SIPA1"
"gene_set_query"	"402"	"0.2502"	"ZUP1"	"ZUP1"	"3"	"300"	"0.4647"	"1.0"	"1.192"	"GTEx--Coexpression"	"CD82,SGO1,KIF11"
"gene_set_query"	"403"	"0.2508"	"ZNF521"	"ZNF521"	"3"	"300"	"0.4647"	"1.0"	"1.192"	"GTEx--Coexpression"	"TRPM3,GAS7,RELN"
"gene_set_query"	"404"	"0.2514"	"ZFP62"	"ZFP62"	"3"	"300"	"0.4647"	"1.0"	"1.192"	"GTEx--Coexpression"	"RPL22,ITPR3,RPS24"
"gene_set_query"	"405"	"0.252"	"FOXO1"	"FOXO1"	"3"	"300"	"0.4647"	"1.0"	"1.192"	"GTEx--Coexpression"	"RBMS3,LAMA2,EGFLAM"
"gene_set_query"	"406"	"0.2526"	"ZNF558"	"ZNF558"	"3"	"300"	"0.4647"	"1.0"	"1.192"	"GTEx--Coexpression"	"RPL22,WWTR1,SIX5"
"gene_set_query"	"407"	"0.2533"	"ZNF860"	"ZNF860"	"3"	"300"	"0.4647"	"1.0"	"1.192"	"GTEx--Coexpression"	"RAB38,S100A10,EMP1"
"gene_set_query"	"408"	"0.2539"	"ZNF705E"	"ZNF705E"	"3"	"300"	"0.4647"	"1.0"	"1.192"	"GTEx--Coexpression"	"RPL18A,RPL22,LMNA"
"gene_set_query"	"409"	"0.2545"	"ZBTB7C"	"ZBTB7C"	"3"	"300"	"0.4647"	"1.0"	"1.192"	"GTEx--Coexpression"	"RAB38,RREB1,ERBB2"
"gene_set_query"	"410"	"0.2551"	"MYBL1"	"MYBL1"	"3"	"300"	"0.4647"	"1.0"	"1.192"	"GTEx--Coexpression"	"MSN,EMP3,SIPA1"
"gene_set_query"	"411"	"0.2558"	"TRAFD1"	"TRAFD1"	"3"	"300"	"0.4647"	"1.0"	"1.192"	"GTEx--Coexpression"	"CD82,RHBDF2,CD44"
"gene_set_query"	"412"	"0.2564"	"ZNF66"	"ZNF66"	"3"	"300"	"0.4647"	"1.0"	"1.192"	"GTEx--Coexpression"	"RPL22,SGO1,TGIF2"
"gene_set_query"	"413"	"0.257"	"PRDM1"	"PRDM1"	"3"	"300"	"0.4647"	"1.0"	"1.192"	"GTEx--Coexpression"	"RAB38,S100A10,EMP1"
"gene_set_query"	"414"	"0.2576"	"ZNF486"	"ZNF486"	"3"	"300"	"0.4647"	"1.0"	"1.192"	"GTEx--Coexpression"	"RASSF4,GLIS3,ITPR3"
"gene_set_query"	"415"	"0.2582"	"AHDC1"	"AHDC1"	"3"	"300"	"0.4647"	"1.0"	"1.192"	"GTEx--Coexpression"	"RAB38,ERBB2,HES1"
"gene_set_query"	"416"	"0.2589"	"ZNF888"	"ZNF888"	"3"	"300"	"0.4647"	"1.0"	"1.192"	"GTEx--Coexpression"	"SGO1,ECT2,KIF11"
"gene_set_query"	"417"	"0.2595"	"KLF6"	"KLF6"	"3"	"300"	"0.4647"	"1.0"	"1.192"	"GTEx--Coexpression"	"AHR,CD44,LMNA"
"gene_set_query"	"418"	"0.2601"	"ZBTB40"	"ZBTB40"	"3"	"300"	"0.4647"	"1.0"	"1.192"	"GTEx--Coexpression"	"SIX5,ITGA1,LAMB2"
"gene_set_query"	"419"	"0.2607"	"ZBTB7B"	"ZBTB7B"	"3"	"300"	"0.4647"	"1.0"	"1.192"	"GTEx--Coexpression"	"RAB38,TSPO,ERBB2"
"gene_set_query"	"420"	"0.2614"	"AKNA"	"AKNA"	"3"	"300"	"0.4647"	"1.0"	"1.192"	"GTEx--Coexpression"	"RHBDF2,UCP2,SIPA1"
"gene_set_query"	"421"	"0.262"	"IRF1"	"IRF1"	"3"	"300"	"0.4647"	"1.0"	"1.192"	"GTEx--Coexpression"	"RHBDF2,STX11,SIPA1"
"gene_set_query"	"422"	"0.2626"	"PAX8"	"PAX8"	"3"	"300"	"0.4647"	"1.0"	"1.192"	"GTEx--Coexpression"	"RASSF4,GLIS3,ITPR3"
"gene_set_query"	"423"	"0.2632"	"FBXL19"	"FBXL19"	"3"	"300"	"0.4647"	"1.0"	"1.192"	"GTEx--Coexpression"	"STMN1,MAP1A,COL20A1"
"gene_set_query"	"424"	"0.2638"	"ZIC1"	"ZIC1"	"3"	"300"	"0.4647"	"1.0"	"1.192"	"GTEx--Coexpression"	"TRPM3,GAS7,RELN"
"gene_set_query"	"425"	"0.2645"	"ZBTB5"	"ZBTB5"	"3"	"300"	"0.4647"	"1.0"	"1.192"	"GTEx--Coexpression"	"RAB38,RREB1,ERBB2"
"gene_set_query"	"426"	"0.2651"	"ZNF430"	"ZNF430"	"3"	"300"	"0.4647"	"1.0"	"1.192"	"GTEx--Coexpression"	"CD82,RAB38,CD44"
"gene_set_query"	"427"	"0.2657"	"ZNF713"	"ZNF713"	"3"	"300"	"0.4647"	"1.0"	"1.192"	"GTEx--Coexpression"	"STMN1,IGSF11,PLP1"
"gene_set_query"	"428"	"0.2663"	"NR1D1"	"NR1D1"	"3"	"300"	"0.4647"	"1.0"	"1.192"	"GTEx--Coexpression"	"POU3F1,RAB38,HES1"
"gene_set_query"	"429"	"0.267"	"ZFP41"	"ZFP41"	"3"	"300"	"0.4647"	"1.0"	"1.192"	"GTEx--Coexpression"	"STMN1,MAP1A,COL20A1"
"gene_set_query"	"430"	"0.2676"	"ZBTB18"	"ZBTB18"	"3"	"300"	"0.4647"	"1.0"	"1.192"	"GTEx--Coexpression"	"TRPM3,GAS7,RELN"
"gene_set_query"	"431"	"0.2682"	"NFKB1"	"NFKB1"	"3"	"300"	"0.4647"	"1.0"	"1.192"	"GTEx--Coexpression"	"CD82,EHD4,TGIF2"
"gene_set_query"	"432"	"0.2688"	"TCF3"	"TCF3"	"3"	"300"	"0.4647"	"1.0"	"1.192"	"GTEx--Coexpression"	"PTTG1,CDCA3,CDCA8"
"gene_set_query"	"433"	"0.2694"	"ZIC4"	"ZIC4"	"3"	"300"	"0.4647"	"1.0"	"1.192"	"GTEx--Coexpression"	"TRPM3,GAS7,RELN"
"gene_set_query"	"434"	"0.2701"	"RUNX3"	"RUNX3"	"3"	"300"	"0.4647"	"1.0"	"1.192"	"GTEx--Coexpression"	"RHBDF2,UCP2,SIPA1"
"gene_set_query"	"435"	"0.2707"	"TBX20"	"TBX20"	"3"	"300"	"0.4647"	"1.0"	"1.192"	"GTEx--Coexpression"	"DKK3,NES,CRIP2"
"gene_set_query"	"436"	"0.2713"	"ETS2"	"ETS2"	"3"	"300"	"0.4647"	"1.0"	"1.192"	"GTEx--Coexpression"	"ADGRG6,CD44,HES1"
"gene_set_query"	"437"	"0.2719"	"CUX1"	"CUX1"	"3"	"300"	"0.4647"	"1.0"	"1.192"	"GTEx--Coexpression"	"CDCA8,WWTR1,PDZRN3"
"gene_set_query"	"438"	"0.2726"	"GPBP1L1"	"GPBP1L1"	"3"	"300"	"0.4647"	"1.0"	"1.192"	"GTEx--Coexpression"	"RREB1,CUEDC2,ERBB2"
"gene_set_query"	"439"	"0.2732"	"JUNB"	"JUNB"	"3"	"300"	"0.4647"	"1.0"	"1.192"	"GTEx--Coexpression"	"COL18A1,LMNA,HES1"
"gene_set_query"	"440"	"0.2738"	"SMAD4"	"SMAD4"	"3"	"300"	"0.4647"	"1.0"	"1.192"	"GTEx--Coexpression"	"WWTR1,SIX5,MAPK3"
"gene_set_query"	"441"	"0.2744"	"PRDM13"	"PRDM13"	"3"	"300"	"0.4647"	"1.0"	"1.192"	"GTEx--Coexpression"	"SGO1,CDCA8,KIF11"
"gene_set_query"	"442"	"0.275"	"ELF4"	"ELF4"	"3"	"300"	"0.4647"	"1.0"	"1.192"	"GTEx--Coexpression"	"RHBDF2,STX11,SIPA1"
"gene_set_query"	"443"	"0.2757"	"ZKSCAN8"	"ZKSCAN8"	"3"	"300"	"0.4647"	"1.0"	"1.192"	"GTEx--Coexpression"	"WWTR1,SIX5,RBMS3"
"gene_set_query"	"444"	"0.2763"	"FOXI2"	"FOXI2"	"3"	"300"	"0.4647"	"1.0"	"1.192"	"GTEx--Coexpression"	"RREB1,S100A10,EMP1"
"gene_set_query"	"445"	"0.2769"	"HOXB1"	"HOXB1"	"3"	"300"	"0.4647"	"1.0"	"1.192"	"GTEx--Coexpression"	"RAB38,RREB1,EMP1"
"gene_set_query"	"446"	"0.2775"	"NKX21"	"NKX21"	"3"	"300"	"0.4647"	"1.0"	"1.192"	"GTEx--Coexpression"	"RASSF4,GLIS3,ITPR3"
"gene_set_query"	"447"	"0.2782"	"ZNF91"	"ZNF91"	"3"	"300"	"0.4647"	"1.0"	"1.192"	"GTEx--Coexpression"	"MSN,EMP3,RHOA"
"gene_set_query"	"448"	"0.2788"	"RAG1"	"RAG1"	"3"	"300"	"0.4647"	"1.0"	"1.192"	"GTEx--Coexpression"	"C1QB,LAMB2,RAB13"
"gene_set_query"	"449"	"0.2794"	"GFI1"	"GFI1"	"3"	"300"	"0.4647"	"1.0"	"1.192"	"GTEx--Coexpression"	"FUT4,RHBDF2,SIPA1"
"gene_set_query"	"450"	"0.28"	"IRF7"	"IRF7"	"3"	"300"	"0.4647"	"1.0"	"1.192"	"GTEx--Coexpression"	"RHBDF2,UCP2,SIPA1"
"gene_set_query"	"451"	"0.2806"	"ELF5"	"ELF5"	"3"	"300"	"0.4647"	"1.0"	"1.192"	"GTEx--Coexpression"	"RUNX1,ITGB4,SOSTDC1"
"gene_set_query"	"452"	"0.2813"	"PAX6"	"PAX6"	"3"	"300"	"0.4647"	"1.0"	"1.192"	"GTEx--Coexpression"	"TRPM3,GAS7,RELN"
"gene_set_query"	"453"	"0.2819"	"ZNF189"	"ZNF189"	"3"	"300"	"0.4647"	"1.0"	"1.192"	"GTEx--Coexpression"	"IGSF11,LMNA,PLP1"
"gene_set_query"	"454"	"0.2825"	"TBX6"	"TBX6"	"3"	"300"	"0.4647"	"1.0"	"1.192"	"GTEx--Coexpression"	"RAB38,RREB1,EMP1"
"gene_set_query"	"455"	"0.2831"	"EHF"	"EHF"	"3"	"300"	"0.4647"	"1.0"	"1.192"	"GTEx--Coexpression"	"RAB38,RREB1,EMP1"
"gene_set_query"	"456"	"0.2838"	"ZNF296"	"ZNF296"	"3"	"300"	"0.4647"	"1.0"	"1.192"	"GTEx--Coexpression"	"CD82,TSPO,RHBDF2"
"gene_set_query"	"457"	"0.2844"	"GABPA"	"GABPA"	"2"	"296"	"0.712"	"1.0"	"0.803"	"GTEx--Coexpression"	"LAMC1,RBMS3"
"gene_set_query"	"458"	"0.285"	"CREB3L4"	"CREB3L4"	"2"	"297"	"0.7137"	"1.0"	"0.8003"	"GTEx--Coexpression"	"RPS24,NPDC1"
"gene_set_query"	"459"	"0.2856"	"SOX2"	"SOX2"	"2"	"297"	"0.7137"	"1.0"	"0.8003"	"GTEx--Coexpression"	"STON2,PMP2"
"gene_set_query"	"460"	"0.2862"	"ZNF761"	"ZNF761"	"2"	"297"	"0.7137"	"1.0"	"0.8003"	"GTEx--Coexpression"	"RPS24,NPDC1"
"gene_set_query"	"461"	"0.2869"	"EVX1"	"EVX1"	"2"	"297"	"0.7137"	"1.0"	"0.8003"	"GTEx--Coexpression"	"RARRES2,MATN2"
"gene_set_query"	"462"	"0.2875"	"HOXA5"	"HOXA5"	"2"	"297"	"0.7137"	"1.0"	"0.8003"	"GTEx--Coexpression"	"RARRES2,ITGA1"
"gene_set_query"	"463"	"0.2881"	"ZBTB12"	"ZBTB12"	"2"	"297"	"0.7137"	"1.0"	"0.8003"	"GTEx--Coexpression"	"KIRREL1,COL6A3"
"gene_set_query"	"464"	"0.2887"	"CC2D1A"	"CC2D1A"	"2"	"297"	"0.7137"	"1.0"	"0.8003"	"GTEx--Coexpression"	"ANXA5,EPCAM"
"gene_set_query"	"465"	"0.2894"	"ZBTB38"	"ZBTB38"	"2"	"298"	"0.7154"	"1.0"	"0.7976"	"GTEx--Coexpression"	"KIRREL1,COL5A2"
"gene_set_query"	"466"	"0.29"	"KCNIP3"	"KCNIP3"	"2"	"298"	"0.7154"	"1.0"	"0.7976"	"GTEx--Coexpression"	"MAP1A,COL20A1"
"gene_set_query"	"467"	"0.2906"	"ESR2"	"ESR2"	"2"	"298"	"0.7154"	"1.0"	"0.7976"	"GTEx--Coexpression"	"RARRES2,TGIF2"
"gene_set_query"	"468"	"0.2912"	"LHX2"	"LHX2"	"2"	"298"	"0.7154"	"1.0"	"0.7976"	"GTEx--Coexpression"	"MAP1A,STON2"
"gene_set_query"	"469"	"0.2918"	"ZNF470"	"ZNF470"	"2"	"298"	"0.7154"	"1.0"	"0.7976"	"GTEx--Coexpression"	"RREB1,TRPM3"
"gene_set_query"	"470"	"0.2925"	"ZNF322"	"ZNF322"	"2"	"298"	"0.7154"	"1.0"	"0.7976"	"GTEx--Coexpression"	"KIRREL1,LAMC1"
"gene_set_query"	"471"	"0.2931"	"HMGN3"	"HMGN3"	"2"	"298"	"0.7154"	"1.0"	"0.7976"	"GTEx--Coexpression"	"CD44,CRIP2"
"gene_set_query"	"472"	"0.2937"	"AR"	"AR"	"2"	"298"	"0.7154"	"1.0"	"0.7976"	"GTEx--Coexpression"	"PROS1,GBP7"
"gene_set_query"	"473"	"0.2943"	"DLX1"	"DLX1"	"2"	"298"	"0.7154"	"1.0"	"0.7976"	"GTEx--Coexpression"	"MAP1A,INPP5F"
"gene_set_query"	"474"	"0.295"	"CREB1"	"CREB1"	"2"	"298"	"0.7154"	"1.0"	"0.7976"	"GTEx--Coexpression"	"MSN,RHOA"
"gene_set_query"	"475"	"0.2956"	"PHOX2A"	"PHOX2A"	"2"	"298"	"0.7154"	"1.0"	"0.7976"	"GTEx--Coexpression"	"UNC5B,RARRES2"
"gene_set_query"	"476"	"0.2962"	"ZBED3"	"ZBED3"	"2"	"298"	"0.7154"	"1.0"	"0.7976"	"GTEx--Coexpression"	"RASSF4,COL4A1"
"gene_set_query"	"477"	"0.2968"	"MBNL2"	"MBNL2"	"2"	"298"	"0.7154"	"1.0"	"0.7976"	"GTEx--Coexpression"	"ZEB2,PLP1"
"gene_set_query"	"478"	"0.2974"	"TIGD6"	"TIGD6"	"2"	"298"	"0.7154"	"1.0"	"0.7976"	"GTEx--Coexpression"	"ANXA5,COL6A3"
"gene_set_query"	"479"	"0.2981"	"ZNF280A"	"ZNF280A"	"2"	"298"	"0.7154"	"1.0"	"0.7976"	"GTEx--Coexpression"	"RARRES2,TSPAN17"
"gene_set_query"	"480"	"0.2987"	"AIRE"	"AIRE"	"2"	"298"	"0.7154"	"1.0"	"0.7976"	"GTEx--Coexpression"	"MAP1A,INPP5F"
"gene_set_query"	"481"	"0.2993"	"SREBF1"	"SREBF1"	"2"	"298"	"0.7154"	"1.0"	"0.7976"	"GTEx--Coexpression"	"RARRES2,OAF"
"gene_set_query"	"482"	"0.2999"	"MEIS2"	"MEIS2"	"2"	"298"	"0.7154"	"1.0"	"0.7976"	"GTEx--Coexpression"	"PARVA,PDZRN3"
"gene_set_query"	"483"	"0.3006"	"TBR1"	"TBR1"	"2"	"298"	"0.7154"	"1.0"	"0.7976"	"GTEx--Coexpression"	"STMN1,MAP1A"
"gene_set_query"	"484"	"0.3012"	"MTERF2"	"MTERF2"	"2"	"298"	"0.7154"	"1.0"	"0.7976"	"GTEx--Coexpression"	"CD82,TSPO"
"gene_set_query"	"485"	"0.3018"	"NPAS3"	"NPAS3"	"2"	"298"	"0.7154"	"1.0"	"0.7976"	"GTEx--Coexpression"	"STON2,PMP2"
"gene_set_query"	"486"	"0.3024"	"KLF12"	"KLF12"	"2"	"298"	"0.7154"	"1.0"	"0.7976"	"GTEx--Coexpression"	"RREB1,FLNA"
"gene_set_query"	"487"	"0.303"	"LHX9"	"LHX9"	"2"	"298"	"0.7154"	"1.0"	"0.7976"	"GTEx--Coexpression"	"IGFBP5,COL18A1"
"gene_set_query"	"488"	"0.3037"	"HES5"	"HES5"	"2"	"298"	"0.7154"	"1.0"	"0.7976"	"GTEx--Coexpression"	"COL20A1,STON2"
"gene_set_query"	"489"	"0.3043"	"GCM2"	"GCM2"	"2"	"299"	"0.7171"	"1.0"	"0.7949"	"GTEx--Coexpression"	"RARRES2,ERBB2"
"gene_set_query"	"490"	"0.3049"	"MSX2"	"MSX2"	"2"	"299"	"0.7171"	"1.0"	"0.7949"	"GTEx--Coexpression"	"KIRREL1,KRT72"
"gene_set_query"	"491"	"0.3055"	"NR1H3"	"NR1H3"	"2"	"299"	"0.7171"	"1.0"	"0.7949"	"GTEx--Coexpression"	"OAF,DLC1"
"gene_set_query"	"492"	"0.3062"	"ZNF276"	"ZNF276"	"2"	"299"	"0.7171"	"1.0"	"0.7949"	"GTEx--Coexpression"	"RHBDF2,SIPA1"
"gene_set_query"	"493"	"0.3068"	"HLF"	"HLF"	"2"	"299"	"0.7171"	"1.0"	"0.7949"	"GTEx--Coexpression"	"PDZRN3,S1PR3"
"gene_set_query"	"494"	"0.3074"	"ZBTB46"	"ZBTB46"	"2"	"299"	"0.7171"	"1.0"	"0.7949"	"GTEx--Coexpression"	"RELN,NPDC1"
"gene_set_query"	"495"	"0.308"	"BHLHE41"	"BHLHE41"	"2"	"299"	"0.7171"	"1.0"	"0.7949"	"GTEx--Coexpression"	"PMP2,PLP1"
"gene_set_query"	"496"	"0.3086"	"ZNF3"	"ZNF3"	"2"	"299"	"0.7171"	"1.0"	"0.7949"	"GTEx--Coexpression"	"DKK3,MAP1A"
"gene_set_query"	"497"	"0.3093"	"NFAT5"	"NFAT5"	"2"	"299"	"0.7171"	"1.0"	"0.7949"	"GTEx--Coexpression"	"BLOC1S1,LMNA"
"gene_set_query"	"498"	"0.3099"	"HIVEP3"	"HIVEP3"	"2"	"299"	"0.7171"	"1.0"	"0.7949"	"GTEx--Coexpression"	"RAB38,CD44"
"gene_set_query"	"499"	"0.3105"	"ZNF22"	"ZNF22"	"2"	"299"	"0.7171"	"1.0"	"0.7949"	"GTEx--Coexpression"	"GLIS3,DLC1"
"gene_set_query"	"500"	"0.3111"	"SP3"	"SP3"	"2"	"299"	"0.7171"	"1.0"	"0.7949"	"GTEx--Coexpression"	"RHOA,MMP14"
"gene_set_query"	"501"	"0.3118"	"ZNF514"	"ZNF514"	"2"	"299"	"0.7171"	"1.0"	"0.7949"	"GTEx--Coexpression"	"SIX5,MATN2"
"gene_set_query"	"502"	"0.3124"	"LEF1"	"LEF1"	"2"	"299"	"0.7171"	"1.0"	"0.7949"	"GTEx--Coexpression"	"KRT72,SIPA1"
"gene_set_query"	"503"	"0.313"	"GTF2IRD2"	"GTF2IRD2"	"2"	"299"	"0.7171"	"1.0"	"0.7949"	"GTEx--Coexpression"	"SIX5,PDZRN3"
"gene_set_query"	"504"	"0.3136"	"ZBTB21"	"ZBTB21"	"2"	"299"	"0.7171"	"1.0"	"0.7949"	"GTEx--Coexpression"	"FST,LMNA"
"gene_set_query"	"505"	"0.3143"	"ZFAT"	"ZFAT"	"2"	"299"	"0.7171"	"1.0"	"0.7949"	"GTEx--Coexpression"	"SGO1,CDCA8"
"gene_set_query"	"506"	"0.3149"	"SALL4"	"SALL4"	"2"	"299"	"0.7171"	"1.0"	"0.7949"	"GTEx--Coexpression"	"RASSF4,GLIS3"
"gene_set_query"	"507"	"0.3155"	"ZNF496"	"ZNF496"	"2"	"299"	"0.7171"	"1.0"	"0.7949"	"GTEx--Coexpression"	"SIX5,TGIF2"
"gene_set_query"	"508"	"0.3161"	"GZF1"	"GZF1"	"2"	"299"	"0.7171"	"1.0"	"0.7949"	"GTEx--Coexpression"	"RPS24,ERBB2"
"gene_set_query"	"509"	"0.3167"	"ZFP64"	"ZFP64"	"2"	"299"	"0.7171"	"1.0"	"0.7949"	"GTEx--Coexpression"	"RAB38,KIF11"
"gene_set_query"	"510"	"0.3174"	"ZNF529"	"ZNF529"	"2"	"299"	"0.7171"	"1.0"	"0.7949"	"GTEx--Coexpression"	"TRPM3,GAS7"
"gene_set_query"	"511"	"0.318"	"ZNF454"	"ZNF454"	"2"	"299"	"0.7171"	"1.0"	"0.7949"	"GTEx--Coexpression"	"PARVA,RHBDF2"
"gene_set_query"	"512"	"0.3186"	"POU4F1"	"POU4F1"	"2"	"299"	"0.7171"	"1.0"	"0.7949"	"GTEx--Coexpression"	"CDCA8,PHTF2"
"gene_set_query"	"513"	"0.3192"	"ZFP2"	"ZFP2"	"2"	"299"	"0.7171"	"1.0"	"0.7949"	"GTEx--Coexpression"	"CD82,RHBDF2"
"gene_set_query"	"514"	"0.3199"	"ZFP92"	"ZFP92"	"2"	"299"	"0.7171"	"1.0"	"0.7949"	"GTEx--Coexpression"	"ITGB4,ERBB2"
"gene_set_query"	"515"	"0.3205"	"GTF2IRD2B"	"GTF2IRD2B"	"2"	"299"	"0.7171"	"1.0"	"0.7949"	"GTEx--Coexpression"	"SIX5,PDZRN3"
"gene_set_query"	"516"	"0.3211"	"ZNF727"	"ZNF727"	"2"	"299"	"0.7171"	"1.0"	"0.7949"	"GTEx--Coexpression"	"SIX5,PDZRN3"
"gene_set_query"	"517"	"0.3217"	"ZNF525"	"ZNF525"	"2"	"299"	"0.7171"	"1.0"	"0.7949"	"GTEx--Coexpression"	"PTTG1,CDCA3"
"gene_set_query"	"518"	"0.3223"	"BSX"	"BSX"	"2"	"299"	"0.7171"	"1.0"	"0.7949"	"GTEx--Coexpression"	"STMN1,INPP5F"
"gene_set_query"	"519"	"0.323"	"ZNF334"	"ZNF334"	"2"	"299"	"0.7171"	"1.0"	"0.7949"	"GTEx--Coexpression"	"TRPM3,NPDC1"
"gene_set_query"	"520"	"0.3236"	"TCF4"	"TCF4"	"2"	"299"	"0.7171"	"1.0"	"0.7949"	"GTEx--Coexpression"	"CLEC1A,DLC1"
"gene_set_query"	"521"	"0.3242"	"FOSB"	"FOSB"	"2"	"299"	"0.7171"	"1.0"	"0.7949"	"GTEx--Coexpression"	"LMNA,DLC1"
"gene_set_query"	"522"	"0.3248"	"DACH2"	"DACH2"	"2"	"299"	"0.7171"	"1.0"	"0.7949"	"GTEx--Coexpression"	"MAP1A,INPP5F"
"gene_set_query"	"523"	"0.3255"	"WT1"	"WT1"	"2"	"299"	"0.7171"	"1.0"	"0.7949"	"GTEx--Coexpression"	"IGFBP5,TGIF2"
"gene_set_query"	"524"	"0.3261"	"ZNF808"	"ZNF808"	"2"	"299"	"0.7171"	"1.0"	"0.7949"	"GTEx--Coexpression"	"MAP1A,COL20A1"
"gene_set_query"	"525"	"0.3267"	"BATF2"	"BATF2"	"2"	"299"	"0.7171"	"1.0"	"0.7949"	"GTEx--Coexpression"	"FUT4,SIPA1"
"gene_set_query"	"526"	"0.3273"	"LIN54"	"LIN54"	"2"	"299"	"0.7171"	"1.0"	"0.7949"	"GTEx--Coexpression"	"IL1RAP,LAMB2"
"gene_set_query"	"527"	"0.3279"	"DMRT2"	"DMRT2"	"2"	"299"	"0.7171"	"1.0"	"0.7949"	"GTEx--Coexpression"	"CLEC1A,EGFLAM"
"gene_set_query"	"528"	"0.3286"	"ZNF528"	"ZNF528"	"2"	"299"	"0.7171"	"1.0"	"0.7949"	"GTEx--Coexpression"	"RELN,NPDC1"
"gene_set_query"	"529"	"0.3292"	"SOX1"	"SOX1"	"2"	"299"	"0.7171"	"1.0"	"0.7949"	"GTEx--Coexpression"	"MAP1A,INPP5F"
"gene_set_query"	"530"	"0.3298"	"ZNF277"	"ZNF277"	"2"	"299"	"0.7171"	"1.0"	"0.7949"	"GTEx--Coexpression"	"RPL22,ANP32B"
"gene_set_query"	"531"	"0.3304"	"HMX3"	"HMX3"	"2"	"300"	"0.7188"	"1.0"	"0.7923"	"GTEx--Coexpression"	"SGO1,KIF11"
"gene_set_query"	"532"	"0.3311"	"TSHZ1"	"TSHZ1"	"2"	"300"	"0.7188"	"1.0"	"0.7923"	"GTEx--Coexpression"	"IGFBP5,PDZRN3"
"gene_set_query"	"533"	"0.3317"	"IRF4"	"IRF4"	"2"	"300"	"0.7188"	"1.0"	"0.7923"	"GTEx--Coexpression"	"SGO1,KIF11"
"gene_set_query"	"534"	"0.3323"	"MESP2"	"MESP2"	"2"	"300"	"0.7188"	"1.0"	"0.7923"	"GTEx--Coexpression"	"MAP1A,MAPK3"
"gene_set_query"	"535"	"0.3329"	"POU2F2"	"POU2F2"	"2"	"300"	"0.7188"	"1.0"	"0.7923"	"GTEx--Coexpression"	"UCP2,SIPA1"
"gene_set_query"	"536"	"0.3335"	"ZIC2"	"ZIC2"	"2"	"300"	"0.7188"	"1.0"	"0.7923"	"GTEx--Coexpression"	"TRPM3,RELN"
"gene_set_query"	"537"	"0.3342"	"ZSCAN5C"	"ZSCAN5C"	"2"	"300"	"0.7188"	"1.0"	"0.7923"	"GTEx--Coexpression"	"SGO1,CCNA2"
"gene_set_query"	"538"	"0.3348"	"HHEX"	"HHEX"	"2"	"300"	"0.7188"	"1.0"	"0.7923"	"GTEx--Coexpression"	"RASSF4,GLIS3"
"gene_set_query"	"539"	"0.3354"	"ZNF581"	"ZNF581"	"2"	"300"	"0.7188"	"1.0"	"0.7923"	"GTEx--Coexpression"	"RPL18A,RHBDF2"
"gene_set_query"	"540"	"0.336"	"RAX"	"RAX"	"2"	"300"	"0.7188"	"1.0"	"0.7923"	"GTEx--Coexpression"	"UNC5B,TENM3"
"gene_set_query"	"541"	"0.3367"	"MNT"	"MNT"	"2"	"300"	"0.7188"	"1.0"	"0.7923"	"GTEx--Coexpression"	"TES,S100A11"
"gene_set_query"	"542"	"0.3373"	"DLX3"	"DLX3"	"2"	"300"	"0.7188"	"1.0"	"0.7923"	"GTEx--Coexpression"	"POU3F1,RAB38"
"gene_set_query"	"543"	"0.3379"	"MTF1"	"MTF1"	"2"	"300"	"0.7188"	"1.0"	"0.7923"	"GTEx--Coexpression"	"TALDO1,S100A11"
"gene_set_query"	"544"	"0.3385"	"ZNF415"	"ZNF415"	"2"	"300"	"0.7188"	"1.0"	"0.7923"	"GTEx--Coexpression"	"STMN1,IGSF11"
"gene_set_query"	"545"	"0.3391"	"BARHL2"	"BARHL2"	"2"	"300"	"0.7188"	"1.0"	"0.7923"	"GTEx--Coexpression"	"TRPM3,RELN"
"gene_set_query"	"546"	"0.3398"	"RARG"	"RARG"	"2"	"300"	"0.7188"	"1.0"	"0.7923"	"GTEx--Coexpression"	"RAB38,ERBB2"
"gene_set_query"	"547"	"0.3404"	"ZNF813"	"ZNF813"	"2"	"300"	"0.7188"	"1.0"	"0.7923"	"GTEx--Coexpression"	"SGO1,NDC80"
"gene_set_query"	"548"	"0.341"	"PRDM12"	"PRDM12"	"2"	"300"	"0.7188"	"1.0"	"0.7923"	"GTEx--Coexpression"	"MAP1A,INPP5F"
"gene_set_query"	"549"	"0.3416"	"TFAP2A"	"TFAP2A"	"2"	"300"	"0.7188"	"1.0"	"0.7923"	"GTEx--Coexpression"	"POU3F1,RAB38"
"gene_set_query"	"550"	"0.3423"	"FOSL2"	"FOSL2"	"2"	"300"	"0.7188"	"1.0"	"0.7923"	"GTEx--Coexpression"	"STMN1,LMNA"
"gene_set_query"	"551"	"0.3429"	"UNCX"	"UNCX"	"2"	"300"	"0.7188"	"1.0"	"0.7923"	"GTEx--Coexpression"	"TRPM3,RELN"
"gene_set_query"	"552"	"0.3435"	"KLF4"	"KLF4"	"2"	"300"	"0.7188"	"1.0"	"0.7923"	"GTEx--Coexpression"	"POU3F1,RAB38"
"gene_set_query"	"553"	"0.3441"	"FOXD4"	"FOXD4"	"2"	"300"	"0.7188"	"1.0"	"0.7923"	"GTEx--Coexpression"	"TRPM3,RELN"
"gene_set_query"	"554"	"0.3447"	"POU2F3"	"POU2F3"	"2"	"300"	"0.7188"	"1.0"	"0.7923"	"GTEx--Coexpression"	"POU3F1,RAB38"
"gene_set_query"	"555"	"0.3454"	"GPBP1"	"GPBP1"	"2"	"300"	"0.7188"	"1.0"	"0.7923"	"GTEx--Coexpression"	"STMN1,IGSF11"
"gene_set_query"	"556"	"0.346"	"ASCL3"	"ASCL3"	"2"	"300"	"0.7188"	"1.0"	"0.7923"	"GTEx--Coexpression"	"RUNX1,ITGB4"
"gene_set_query"	"557"	"0.3466"	"THAP10"	"THAP10"	"2"	"300"	"0.7188"	"1.0"	"0.7923"	"GTEx--Coexpression"	"MAP1A,INPP5F"
"gene_set_query"	"558"	"0.3472"	"GRHL2"	"GRHL2"	"2"	"300"	"0.7188"	"1.0"	"0.7923"	"GTEx--Coexpression"	"RAB38,ERBB2"
"gene_set_query"	"559"	"0.3479"	"PIN1"	"PIN1"	"2"	"300"	"0.7188"	"1.0"	"0.7923"	"GTEx--Coexpression"	"STMN1,MAP1A"
"gene_set_query"	"560"	"0.3485"	"SPI1"	"SPI1"	"2"	"300"	"0.7188"	"1.0"	"0.7923"	"GTEx--Coexpression"	"TALDO1,STX11"
"gene_set_query"	"561"	"0.3491"	"IRF6"	"IRF6"	"2"	"300"	"0.7188"	"1.0"	"0.7923"	"GTEx--Coexpression"	"RAB38,ERBB2"
"gene_set_query"	"562"	"0.3497"	"ZNF850"	"ZNF850"	"2"	"300"	"0.7188"	"1.0"	"0.7923"	"GTEx--Coexpression"	"SGO1,TGIF2"
"gene_set_query"	"563"	"0.3503"	"PAX9"	"PAX9"	"2"	"300"	"0.7188"	"1.0"	"0.7923"	"GTEx--Coexpression"	"S100A10,EMP1"
"gene_set_query"	"564"	"0.351"	"ZNF205"	"ZNF205"	"2"	"300"	"0.7188"	"1.0"	"0.7923"	"GTEx--Coexpression"	"SIX5,UCP2"
"gene_set_query"	"565"	"0.3516"	"ZNF317"	"ZNF317"	"2"	"300"	"0.7188"	"1.0"	"0.7923"	"GTEx--Coexpression"	"RPL18A,CD44"
"gene_set_query"	"566"	"0.3522"	"ZNF540"	"ZNF540"	"2"	"300"	"0.7188"	"1.0"	"0.7923"	"GTEx--Coexpression"	"INPP5F,NPDC1"
"gene_set_query"	"567"	"0.3528"	"PPARD"	"PPARD"	"2"	"300"	"0.7188"	"1.0"	"0.7923"	"GTEx--Coexpression"	"ITPR3,EMP1"
"gene_set_query"	"568"	"0.3535"	"NHLH2"	"NHLH2"	"2"	"300"	"0.7188"	"1.0"	"0.7923"	"GTEx--Coexpression"	"TRPM3,RELN"
"gene_set_query"	"569"	"0.3541"	"BCL11B"	"BCL11B"	"2"	"300"	"0.7188"	"1.0"	"0.7923"	"GTEx--Coexpression"	"POU3F1,RAB38"
"gene_set_query"	"570"	"0.3547"	"SALL1"	"SALL1"	"2"	"300"	"0.7188"	"1.0"	"0.7923"	"GTEx--Coexpression"	"RASSF4,PLP1"
"gene_set_query"	"571"	"0.3553"	"MYT1"	"MYT1"	"2"	"300"	"0.7188"	"1.0"	"0.7923"	"GTEx--Coexpression"	"TRPM3,RELN"
"gene_set_query"	"572"	"0.3559"	"ZBTB32"	"ZBTB32"	"2"	"300"	"0.7188"	"1.0"	"0.7923"	"GTEx--Coexpression"	"PTTG1,CDKN3"
"gene_set_query"	"573"	"0.3566"	"ZNF114"	"ZNF114"	"2"	"300"	"0.7188"	"1.0"	"0.7923"	"GTEx--Coexpression"	"RASSF4,GLIS3"
"gene_set_query"	"574"	"0.3572"	"TCF20"	"TCF20"	"2"	"300"	"0.7188"	"1.0"	"0.7923"	"GTEx--Coexpression"	"PTTG1,RAB38"
"gene_set_query"	"575"	"0.3578"	"SP110"	"SP110"	"2"	"300"	"0.7188"	"1.0"	"0.7923"	"GTEx--Coexpression"	"STX11,SIPA1"
"gene_set_query"	"576"	"0.3584"	"BHLHE22"	"BHLHE22"	"2"	"300"	"0.7188"	"1.0"	"0.7923"	"GTEx--Coexpression"	"TRPM3,RELN"
"gene_set_query"	"577"	"0.3591"	"THYN1"	"THYN1"	"2"	"300"	"0.7188"	"1.0"	"0.7923"	"GTEx--Coexpression"	"MAP1A,RREB1"
"gene_set_query"	"578"	"0.3597"	"ARID5B"	"ARID5B"	"2"	"300"	"0.7188"	"1.0"	"0.7923"	"GTEx--Coexpression"	"PHTF2,EGFLAM"
"gene_set_query"	"579"	"0.3603"	"ZNF532"	"ZNF532"	"2"	"300"	"0.7188"	"1.0"	"0.7923"	"GTEx--Coexpression"	"TRPM3,RELN"
"gene_set_query"	"580"	"0.3609"	"ZNF562"	"ZNF562"	"2"	"300"	"0.7188"	"1.0"	"0.7923"	"GTEx--Coexpression"	"S100A10,EMP1"
"gene_set_query"	"581"	"0.3615"	"ZNF583"	"ZNF583"	"2"	"300"	"0.7188"	"1.0"	"0.7923"	"GTEx--Coexpression"	"RREB1,ERBB2"
"gene_set_query"	"582"	"0.3622"	"SCRT2"	"SCRT2"	"2"	"300"	"0.7188"	"1.0"	"0.7923"	"GTEx--Coexpression"	"TRPM3,GAS7"
"gene_set_query"	"583"	"0.3628"	"RORA"	"RORA"	"2"	"300"	"0.7188"	"1.0"	"0.7923"	"GTEx--Coexpression"	"POU3F1,RAB38"
"gene_set_query"	"584"	"0.3634"	"ZNF212"	"ZNF212"	"2"	"300"	"0.7188"	"1.0"	"0.7923"	"GTEx--Coexpression"	"RAB38,RREB1"
"gene_set_query"	"585"	"0.364"	"PITX1"	"PITX1"	"2"	"300"	"0.7188"	"1.0"	"0.7923"	"GTEx--Coexpression"	"S100A10,EMP1"
"gene_set_query"	"586"	"0.3647"	"TCF7"	"TCF7"	"2"	"300"	"0.7188"	"1.0"	"0.7923"	"GTEx--Coexpression"	"UCP2,SIPA1"
"gene_set_query"	"587"	"0.3653"	"PLAGL2"	"PLAGL2"	"2"	"300"	"0.7188"	"1.0"	"0.7923"	"GTEx--Coexpression"	"PTTG1,CDKN3"
"gene_set_query"	"588"	"0.3659"	"INSM2"	"INSM2"	"2"	"300"	"0.7188"	"1.0"	"0.7923"	"GTEx--Coexpression"	"MAP1A,INPP5F"
"gene_set_query"	"589"	"0.3665"	"KDM2B"	"KDM2B"	"2"	"300"	"0.7188"	"1.0"	"0.7923"	"GTEx--Coexpression"	"CD82,RAB38"
"gene_set_query"	"590"	"0.3671"	"ELF3"	"ELF3"	"2"	"300"	"0.7188"	"1.0"	"0.7923"	"GTEx--Coexpression"	"RREB1,EPCAM"
"gene_set_query"	"591"	"0.3678"	"FOXN2"	"FOXN2"	"2"	"300"	"0.7188"	"1.0"	"0.7923"	"GTEx--Coexpression"	"ZEB2,STX11"
"gene_set_query"	"592"	"0.3684"	"SOX21"	"SOX21"	"2"	"300"	"0.7188"	"1.0"	"0.7923"	"GTEx--Coexpression"	"POU3F1,RAB38"
"gene_set_query"	"593"	"0.369"	"ZNF610"	"ZNF610"	"2"	"300"	"0.7188"	"1.0"	"0.7923"	"GTEx--Coexpression"	"STMN1,IGSF11"
"gene_set_query"	"594"	"0.3696"	"ZNF462"	"ZNF462"	"2"	"300"	"0.7188"	"1.0"	"0.7923"	"GTEx--Coexpression"	"FUT4,STX11"
"gene_set_query"	"595"	"0.3703"	"EN2"	"EN2"	"2"	"300"	"0.7188"	"1.0"	"0.7923"	"GTEx--Coexpression"	"TRPM3,RELN"
"gene_set_query"	"596"	"0.3709"	"CSRNP3"	"CSRNP3"	"2"	"300"	"0.7188"	"1.0"	"0.7923"	"GTEx--Coexpression"	"MAP1A,INPP5F"
"gene_set_query"	"597"	"0.3715"	"DLX4"	"DLX4"	"2"	"300"	"0.7188"	"1.0"	"0.7923"	"GTEx--Coexpression"	"KRT72,RAB38"
"gene_set_query"	"598"	"0.3721"	"ZNF217"	"ZNF217"	"2"	"300"	"0.7188"	"1.0"	"0.7923"	"GTEx--Coexpression"	"RHBDF2,CD44"
"gene_set_query"	"599"	"0.3727"	"ZNF385A"	"ZNF385A"	"2"	"300"	"0.7188"	"1.0"	"0.7923"	"GTEx--Coexpression"	"POU3F1,RAB38"
"gene_set_query"	"600"	"0.3734"	"ZNF652"	"ZNF652"	"2"	"300"	"0.7188"	"1.0"	"0.7923"	"GTEx--Coexpression"	"ITGB4,ERBIN"
"gene_set_query"	"601"	"0.374"	"BCL11A"	"BCL11A"	"2"	"300"	"0.7188"	"1.0"	"0.7923"	"GTEx--Coexpression"	"POU3F1,RAB38"
"gene_set_query"	"602"	"0.3746"	"IRF8"	"IRF8"	"2"	"300"	"0.7188"	"1.0"	"0.7923"	"GTEx--Coexpression"	"UCP2,SIPA1"
"gene_set_query"	"603"	"0.3752"	"ZBED2"	"ZBED2"	"2"	"300"	"0.7188"	"1.0"	"0.7923"	"GTEx--Coexpression"	"RASSF4,ITPR3"
"gene_set_query"	"604"	"0.3759"	"SP140"	"SP140"	"2"	"300"	"0.7188"	"1.0"	"0.7923"	"GTEx--Coexpression"	"UCP2,SIPA1"
"gene_set_query"	"605"	"0.3765"	"USF1"	"USF1"	"2"	"300"	"0.7188"	"1.0"	"0.7923"	"GTEx--Coexpression"	"UCP2,SIPA1"
"gene_set_query"	"606"	"0.3771"	"NEUROD2"	"NEUROD2"	"2"	"300"	"0.7188"	"1.0"	"0.7923"	"GTEx--Coexpression"	"TRPM3,RELN"
"gene_set_query"	"607"	"0.3777"	"ZBTB22"	"ZBTB22"	"2"	"300"	"0.7188"	"1.0"	"0.7923"	"GTEx--Coexpression"	"TSPO,CD44"
"gene_set_query"	"608"	"0.3783"	"RARA"	"RARA"	"2"	"300"	"0.7188"	"1.0"	"0.7923"	"GTEx--Coexpression"	"STX11,SIPA1"
"gene_set_query"	"609"	"0.379"	"IKZF1"	"IKZF1"	"2"	"300"	"0.7188"	"1.0"	"0.7923"	"GTEx--Coexpression"	"UCP2,SIPA1"
"gene_set_query"	"610"	"0.3796"	"KLF8"	"KLF8"	"2"	"300"	"0.7188"	"1.0"	"0.7923"	"GTEx--Coexpression"	"RAB38,ERBB2"
"gene_set_query"	"611"	"0.3802"	"ZNF554"	"ZNF554"	"2"	"300"	"0.7188"	"1.0"	"0.7923"	"GTEx--Coexpression"	"MSN,RHOA"
"gene_set_query"	"612"	"0.3808"	"IKZF4"	"IKZF4"	"2"	"300"	"0.7188"	"1.0"	"0.7923"	"GTEx--Coexpression"	"CD82,TSPO"
"gene_set_query"	"613"	"0.3815"	"BHLHE23"	"BHLHE23"	"2"	"300"	"0.7188"	"1.0"	"0.7923"	"GTEx--Coexpression"	"SGO1,CDCA8"
"gene_set_query"	"614"	"0.3821"	"KLF5"	"KLF5"	"2"	"300"	"0.7188"	"1.0"	"0.7923"	"GTEx--Coexpression"	"RAB38,ERBB2"
"gene_set_query"	"615"	"0.3827"	"NR1H4"	"NR1H4"	"2"	"300"	"0.7188"	"1.0"	"0.7923"	"GTEx--Coexpression"	"GBP7,OAF"
"gene_set_query"	"616"	"0.3833"	"MITF"	"MITF"	"2"	"300"	"0.7188"	"1.0"	"0.7923"	"GTEx--Coexpression"	"PHTF2,PDZRN3"
"gene_set_query"	"617"	"0.3839"	"KLF13"	"KLF13"	"2"	"300"	"0.7188"	"1.0"	"0.7923"	"GTEx--Coexpression"	"GAS7,RELN"
"gene_set_query"	"618"	"0.3846"	"NKX28"	"NKX28"	"2"	"300"	"0.7188"	"1.0"	"0.7923"	"GTEx--Coexpression"	"CLDN11,SH3TC2"
"gene_set_query"	"619"	"0.3852"	"ZIC3"	"ZIC3"	"2"	"300"	"0.7188"	"1.0"	"0.7923"	"GTEx--Coexpression"	"TRPM3,RELN"
"gene_set_query"	"620"	"0.3858"	"MIXL1"	"MIXL1"	"2"	"300"	"0.7188"	"1.0"	"0.7923"	"GTEx--Coexpression"	"SGO1,KIF18B"
"gene_set_query"	"621"	"0.3864"	"IRX5"	"IRX5"	"2"	"300"	"0.7188"	"1.0"	"0.7923"	"GTEx--Coexpression"	"RAB38,HES1"
"gene_set_query"	"622"	"0.3871"	"KLF3"	"KLF3"	"2"	"300"	"0.7188"	"1.0"	"0.7923"	"GTEx--Coexpression"	"RAB38,CD44"
"gene_set_query"	"623"	"0.3877"	"OVOL2"	"OVOL2"	"2"	"300"	"0.7188"	"1.0"	"0.7923"	"GTEx--Coexpression"	"RREB1,ERBB2"
"gene_set_query"	"624"	"0.3883"	"ZNF382"	"ZNF382"	"2"	"300"	"0.7188"	"1.0"	"0.7923"	"GTEx--Coexpression"	"TRPM3,RELN"
"gene_set_query"	"625"	"0.3889"	"NKX12"	"NKX12"	"2"	"300"	"0.7188"	"1.0"	"0.7923"	"GTEx--Coexpression"	"RAB38,EMP1"
"gene_set_query"	"626"	"0.3895"	"SP5"	"SP5"	"2"	"300"	"0.7188"	"1.0"	"0.7923"	"GTEx--Coexpression"	"RPL18A,MMP14"
"gene_set_query"	"627"	"0.3902"	"GATA3"	"GATA3"	"2"	"300"	"0.7188"	"1.0"	"0.7923"	"GTEx--Coexpression"	"POU3F1,RAB38"
"gene_set_query"	"628"	"0.3908"	"HES2"	"HES2"	"2"	"300"	"0.7188"	"1.0"	"0.7923"	"GTEx--Coexpression"	"RAB38,RREB1"
"gene_set_query"	"629"	"0.3914"	"GLYR1"	"GLYR1"	"2"	"300"	"0.7188"	"1.0"	"0.7923"	"GTEx--Coexpression"	"TES,PDZRN3"
"gene_set_query"	"630"	"0.392"	"NCOA2"	"NCOA2"	"2"	"300"	"0.7188"	"1.0"	"0.7923"	"GTEx--Coexpression"	"RREB1,CUEDC2"
"gene_set_query"	"631"	"0.3927"	"ZBTB41"	"ZBTB41"	"2"	"300"	"0.7188"	"1.0"	"0.7923"	"GTEx--Coexpression"	"TRPM3,RELN"
"gene_set_query"	"632"	"0.3933"	"ZNF324"	"ZNF324"	"2"	"300"	"0.7188"	"1.0"	"0.7923"	"GTEx--Coexpression"	"EPB41L2,NES"
"gene_set_query"	"633"	"0.3939"	"NKRF"	"NKRF"	"2"	"300"	"0.7188"	"1.0"	"0.7923"	"GTEx--Coexpression"	"MAP1A,INPP5F"
"gene_set_query"	"634"	"0.3945"	"SKOR1"	"SKOR1"	"2"	"300"	"0.7188"	"1.0"	"0.7923"	"GTEx--Coexpression"	"TRPM3,RELN"
"gene_set_query"	"635"	"0.3951"	"POU3F1"	"POU3F1"	"2"	"300"	"0.7188"	"1.0"	"0.7923"	"GTEx--Coexpression"	"RAB38,ITGB4"
"gene_set_query"	"636"	"0.3958"	"ZNF195"	"ZNF195"	"2"	"300"	"0.7188"	"1.0"	"0.7923"	"GTEx--Coexpression"	"LAMB2,SOD3"
"gene_set_query"	"637"	"0.3964"	"TBX21"	"TBX21"	"2"	"300"	"0.7188"	"1.0"	"0.7923"	"GTEx--Coexpression"	"UCP2,SIPA1"
"gene_set_query"	"638"	"0.397"	"VDR"	"VDR"	"2"	"300"	"0.7188"	"1.0"	"0.7923"	"GTEx--Coexpression"	"RAB38,EPCAM"
"gene_set_query"	"639"	"0.3976"	"ZNF30"	"ZNF30"	"2"	"300"	"0.7188"	"1.0"	"0.7923"	"GTEx--Coexpression"	"TRPM3,RELN"
"gene_set_query"	"640"	"0.3983"	"ZNF445"	"ZNF445"	"2"	"300"	"0.7188"	"1.0"	"0.7923"	"GTEx--Coexpression"	"GAS7,RELN"
"gene_set_query"	"641"	"0.3989"	"DLX5"	"DLX5"	"2"	"300"	"0.7188"	"1.0"	"0.7923"	"GTEx--Coexpression"	"POU3F1,RAB38"
"gene_set_query"	"642"	"0.3995"	"IRX3"	"IRX3"	"2"	"300"	"0.7188"	"1.0"	"0.7923"	"GTEx--Coexpression"	"RAB38,ERBB2"
"gene_set_query"	"643"	"0.4001"	"PBX4"	"PBX4"	"2"	"300"	"0.7188"	"1.0"	"0.7923"	"GTEx--Coexpression"	"RASSF4,ITPR3"
"gene_set_query"	"644"	"0.4007"	"CXXC5"	"CXXC5"	"2"	"300"	"0.7188"	"1.0"	"0.7923"	"GTEx--Coexpression"	"TRPM3,RELN"
"gene_set_query"	"645"	"0.4014"	"EOMES"	"EOMES"	"2"	"300"	"0.7188"	"1.0"	"0.7923"	"GTEx--Coexpression"	"UCP2,SIPA1"
"gene_set_query"	"646"	"0.402"	"EGR3"	"EGR3"	"2"	"300"	"0.7188"	"1.0"	"0.7923"	"GTEx--Coexpression"	"POU3F1,LMNA"
"gene_set_query"	"647"	"0.4026"	"MAX"	"MAX"	"2"	"300"	"0.7188"	"1.0"	"0.7923"	"GTEx--Coexpression"	"RHBDF2,SIPA1"
"gene_set_query"	"648"	"0.4032"	"FOXO3"	"FOXO3"	"2"	"300"	"0.7188"	"1.0"	"0.7923"	"GTEx--Coexpression"	"RBMS3,LAMA2"
"gene_set_query"	"649"	"0.4039"	"LBX2"	"LBX2"	"2"	"300"	"0.7188"	"1.0"	"0.7923"	"GTEx--Coexpression"	"GBP7,OAF"
"gene_set_query"	"650"	"0.4045"	"ZNF534"	"ZNF534"	"2"	"300"	"0.7188"	"1.0"	"0.7923"	"GTEx--Coexpression"	"TRPM3,GAS7"
"gene_set_query"	"651"	"0.4051"	"ZNF394"	"ZNF394"	"2"	"300"	"0.7188"	"1.0"	"0.7923"	"GTEx--Coexpression"	"STX11,SIPA1"
"gene_set_query"	"652"	"0.4057"	"BARHL1"	"BARHL1"	"2"	"300"	"0.7188"	"1.0"	"0.7923"	"GTEx--Coexpression"	"TRPM3,RELN"
"gene_set_query"	"653"	"0.4063"	"TFEB"	"TFEB"	"2"	"300"	"0.7188"	"1.0"	"0.7923"	"GTEx--Coexpression"	"UCP2,SIPA1"
"gene_set_query"	"654"	"0.407"	"RELA"	"RELA"	"2"	"300"	"0.7188"	"1.0"	"0.7923"	"GTEx--Coexpression"	"STMN1,MAP1A"
"gene_set_query"	"655"	"0.4076"	"ZNF426"	"ZNF426"	"2"	"300"	"0.7188"	"1.0"	"0.7923"	"GTEx--Coexpression"	"S100A10,EMP1"
"gene_set_query"	"656"	"0.4082"	"TFAP2B"	"TFAP2B"	"2"	"300"	"0.7188"	"1.0"	"0.7923"	"GTEx--Coexpression"	"RAB38,ERBB2"
"gene_set_query"	"657"	"0.4088"	"ZIC5"	"ZIC5"	"2"	"300"	"0.7188"	"1.0"	"0.7923"	"GTEx--Coexpression"	"TRPM3,RELN"
"gene_set_query"	"658"	"0.4095"	"ETV3"	"ETV3"	"2"	"300"	"0.7188"	"1.0"	"0.7923"	"GTEx--Coexpression"	"RAB38,CD44"
"gene_set_query"	"659"	"0.4101"	"NKX63"	"NKX63"	"2"	"300"	"0.7188"	"1.0"	"0.7923"	"GTEx--Coexpression"	"TRPM3,RELN"
"gene_set_query"	"660"	"0.4107"	"VENTX"	"VENTX"	"2"	"300"	"0.7188"	"1.0"	"0.7923"	"GTEx--Coexpression"	"STX11,SIPA1"
"gene_set_query"	"661"	"0.4113"	"MSGN1"	"MSGN1"	"2"	"300"	"0.7188"	"1.0"	"0.7923"	"GTEx--Coexpression"	"S100A10,EMP1"
"gene_set_query"	"662"	"0.4119"	"ZBTB7A"	"ZBTB7A"	"2"	"300"	"0.7188"	"1.0"	"0.7923"	"GTEx--Coexpression"	"MAP1A,MAPK3"
"gene_set_query"	"663"	"0.4126"	"CDX4"	"CDX4"	"2"	"300"	"0.7188"	"1.0"	"0.7923"	"GTEx--Coexpression"	"POU3F1,RAB38"
"gene_set_query"	"664"	"0.4132"	"TET3"	"TET3"	"2"	"300"	"0.7188"	"1.0"	"0.7923"	"GTEx--Coexpression"	"RAB38,CD44"
"gene_set_query"	"665"	"0.4138"	"CAMTA1"	"CAMTA1"	"2"	"300"	"0.7188"	"1.0"	"0.7923"	"GTEx--Coexpression"	"MAP1A,INPP5F"
"gene_set_query"	"666"	"0.4144"	"VAX2"	"VAX2"	"2"	"300"	"0.7188"	"1.0"	"0.7923"	"GTEx--Coexpression"	"TRPM3,RELN"
"gene_set_query"	"667"	"0.4151"	"SIM2"	"SIM2"	"2"	"300"	"0.7188"	"1.0"	"0.7923"	"GTEx--Coexpression"	"S100A10,EMP1"
"gene_set_query"	"668"	"0.4157"	"HMX2"	"HMX2"	"2"	"300"	"0.7188"	"1.0"	"0.7923"	"GTEx--Coexpression"	"SGO1,KIF11"
"gene_set_query"	"669"	"0.4163"	"ZNF467"	"ZNF467"	"2"	"300"	"0.7188"	"1.0"	"0.7923"	"GTEx--Coexpression"	"TALDO1,STX11"
"gene_set_query"	"670"	"0.4169"	"ZNF804A"	"ZNF804A"	"2"	"300"	"0.7188"	"1.0"	"0.7923"	"GTEx--Coexpression"	"MAP1A,INPP5F"
"gene_set_query"	"671"	"0.4175"	"OLIG3"	"OLIG3"	"2"	"300"	"0.7188"	"1.0"	"0.7923"	"GTEx--Coexpression"	"RPL18A,RAB38"
"gene_set_query"	"672"	"0.4182"	"ZNF404"	"ZNF404"	"2"	"300"	"0.7188"	"1.0"	"0.7923"	"GTEx--Coexpression"	"RREB1,NPDC1"
"gene_set_query"	"673"	"0.4188"	"TCFL5"	"TCFL5"	"2"	"300"	"0.7188"	"1.0"	"0.7923"	"GTEx--Coexpression"	"STMN1,IGSF11"
"gene_set_query"	"674"	"0.4194"	"HOXC12"	"HOXC12"	"2"	"300"	"0.7188"	"1.0"	"0.7923"	"GTEx--Coexpression"	"MMP14,CD44"
"gene_set_query"	"675"	"0.42"	"OTX2"	"OTX2"	"2"	"300"	"0.7188"	"1.0"	"0.7923"	"GTEx--Coexpression"	"TRPM3,RELN"
"gene_set_query"	"676"	"0.4207"	"FOXN1"	"FOXN1"	"2"	"300"	"0.7188"	"1.0"	"0.7923"	"GTEx--Coexpression"	"POU3F1,RAB38"
"gene_set_query"	"677"	"0.4213"	"PRDM10"	"PRDM10"	"2"	"300"	"0.7188"	"1.0"	"0.7923"	"GTEx--Coexpression"	"PHTF2,RELN"
"gene_set_query"	"678"	"0.4219"	"ZNF112"	"ZNF112"	"2"	"300"	"0.7188"	"1.0"	"0.7923"	"GTEx--Coexpression"	"RHBDF2,STX11"
"gene_set_query"	"679"	"0.4225"	"IRF2"	"IRF2"	"2"	"300"	"0.7188"	"1.0"	"0.7923"	"GTEx--Coexpression"	"STX11,SIPA1"
"gene_set_query"	"680"	"0.4231"	"ZNF343"	"ZNF343"	"2"	"300"	"0.7188"	"1.0"	"0.7923"	"GTEx--Coexpression"	"SIX5,RBMS3"
"gene_set_query"	"681"	"0.4238"	"GRHL3"	"GRHL3"	"2"	"300"	"0.7188"	"1.0"	"0.7923"	"GTEx--Coexpression"	"RAB38,EMP1"
"gene_set_query"	"682"	"0.4244"	"ZNF282"	"ZNF282"	"2"	"300"	"0.7188"	"1.0"	"0.7923"	"GTEx--Coexpression"	"RPL18A,TSPO"
"gene_set_query"	"683"	"0.425"	"TLX3"	"TLX3"	"2"	"300"	"0.7188"	"1.0"	"0.7923"	"GTEx--Coexpression"	"TRPM3,RELN"
"gene_set_query"	"684"	"0.4256"	"MYT1L"	"MYT1L"	"2"	"300"	"0.7188"	"1.0"	"0.7923"	"GTEx--Coexpression"	"MAP1A,INPP5F"
"gene_set_query"	"685"	"0.4263"	"TIGD4"	"TIGD4"	"1"	"296"	"0.9174"	"1.0"	"0.4002"	"GTEx--Coexpression"	"CDKN3"
"gene_set_query"	"686"	"0.4269"	"TMF1"	"TMF1"	"1"	"296"	"0.9174"	"1.0"	"0.4002"	"GTEx--Coexpression"	"CDKN3"
"gene_set_query"	"687"	"0.4275"	"CPXCR1"	"CPXCR1"	"1"	"297"	"0.918"	"1.0"	"0.3988"	"GTEx--Coexpression"	"CDKN3"
"gene_set_query"	"688"	"0.4281"	"NACC2"	"NACC2"	"1"	"297"	"0.918"	"1.0"	"0.3988"	"GTEx--Coexpression"	"PMP2"
"gene_set_query"	"689"	"0.4287"	"CGGBP1"	"CGGBP1"	"1"	"297"	"0.918"	"1.0"	"0.3988"	"GTEx--Coexpression"	"RBMS3"
"gene_set_query"	"690"	"0.4294"	"KCMF1"	"KCMF1"	"1"	"297"	"0.918"	"1.0"	"0.3988"	"GTEx--Coexpression"	"PHTF2"
"gene_set_query"	"691"	"0.43"	"ZBTB43"	"ZBTB43"	"1"	"297"	"0.918"	"1.0"	"0.3988"	"GTEx--Coexpression"	"PHTF2"
"gene_set_query"	"692"	"0.4306"	"NR0B1"	"NR0B1"	"1"	"297"	"0.918"	"1.0"	"0.3988"	"GTEx--Coexpression"	"RARRES2"
"gene_set_query"	"693"	"0.4312"	"TFDP2"	"TFDP2"	"1"	"297"	"0.918"	"1.0"	"0.3988"	"GTEx--Coexpression"	"CDKN3"
"gene_set_query"	"694"	"0.4319"	"TBX3"	"TBX3"	"1"	"297"	"0.918"	"1.0"	"0.3988"	"GTEx--Coexpression"	"RARRES2"
"gene_set_query"	"695"	"0.4325"	"ZNF474"	"ZNF474"	"1"	"297"	"0.918"	"1.0"	"0.3988"	"GTEx--Coexpression"	"CDKN3"
"gene_set_query"	"696"	"0.4331"	"JRKL"	"JRKL"	"1"	"297"	"0.918"	"1.0"	"0.3988"	"GTEx--Coexpression"	"KIRREL1"
"gene_set_query"	"697"	"0.4337"	"ZNF358"	"ZNF358"	"1"	"297"	"0.918"	"1.0"	"0.3988"	"GTEx--Coexpression"	"CUEDC2"
"gene_set_query"	"698"	"0.4343"	"FIZ1"	"FIZ1"	"1"	"297"	"0.918"	"1.0"	"0.3988"	"GTEx--Coexpression"	"AHR"
"gene_set_query"	"699"	"0.435"	"HSF4"	"HSF4"	"1"	"297"	"0.918"	"1.0"	"0.3988"	"GTEx--Coexpression"	"NPDC1"
"gene_set_query"	"700"	"0.4356"	"ZNF268"	"ZNF268"	"1"	"297"	"0.918"	"1.0"	"0.3988"	"GTEx--Coexpression"	"KIRREL1"
"gene_set_query"	"701"	"0.4362"	"SOX11"	"SOX11"	"1"	"297"	"0.918"	"1.0"	"0.3988"	"GTEx--Coexpression"	"INPP5F"
"gene_set_query"	"702"	"0.4368"	"ZNF572"	"ZNF572"	"1"	"297"	"0.918"	"1.0"	"0.3988"	"GTEx--Coexpression"	"SIX5"
"gene_set_query"	"703"	"0.4375"	"HOXB13"	"HOXB13"	"1"	"297"	"0.918"	"1.0"	"0.3988"	"GTEx--Coexpression"	"NPDC1"
"gene_set_query"	"704"	"0.4381"	"GBX2"	"GBX2"	"1"	"297"	"0.918"	"1.0"	"0.3988"	"GTEx--Coexpression"	"INPP5F"
"gene_set_query"	"705"	"0.4387"	"TGIF2LX"	"TGIF2LX"	"1"	"297"	"0.918"	"1.0"	"0.3988"	"GTEx--Coexpression"	"CDKN3"
"gene_set_query"	"706"	"0.4393"	"USF2"	"USF2"	"1"	"297"	"0.918"	"1.0"	"0.3988"	"GTEx--Coexpression"	"STON2"
"gene_set_query"	"707"	"0.44"	"MZF1"	"MZF1"	"1"	"297"	"0.918"	"1.0"	"0.3988"	"GTEx--Coexpression"	"NPDC1"
"gene_set_query"	"708"	"0.4406"	"CBLL2"	"CBLL2"	"1"	"297"	"0.918"	"1.0"	"0.3988"	"GTEx--Coexpression"	"CDKN3"
"gene_set_query"	"709"	"0.4412"	"ZNF563"	"ZNF563"	"1"	"297"	"0.918"	"1.0"	"0.3988"	"GTEx--Coexpression"	"CDKN3"
"gene_set_query"	"710"	"0.4418"	"STAT2"	"STAT2"	"1"	"298"	"0.9187"	"1.0"	"0.3975"	"GTEx--Coexpression"	"MXRA8"
"gene_set_query"	"711"	"0.4424"	"SETDB2"	"SETDB2"	"1"	"298"	"0.9187"	"1.0"	"0.3975"	"GTEx--Coexpression"	"TGIF2"
"gene_set_query"	"712"	"0.4431"	"FEZF2"	"FEZF2"	"1"	"298"	"0.9187"	"1.0"	"0.3975"	"GTEx--Coexpression"	"MAP1A"
"gene_set_query"	"713"	"0.4437"	"ADNP"	"ADNP"	"1"	"298"	"0.9187"	"1.0"	"0.3975"	"GTEx--Coexpression"	"BLOC1S1"
"gene_set_query"	"714"	"0.4443"	"PKNOX2"	"PKNOX2"	"1"	"298"	"0.9187"	"1.0"	"0.3975"	"GTEx--Coexpression"	"MAP1A"
"gene_set_query"	"715"	"0.4449"	"SOX30"	"SOX30"	"1"	"298"	"0.9187"	"1.0"	"0.3975"	"GTEx--Coexpression"	"CDKN3"
"gene_set_query"	"716"	"0.4456"	"VAX1"	"VAX1"	"1"	"298"	"0.9187"	"1.0"	"0.3975"	"GTEx--Coexpression"	"STON2"
"gene_set_query"	"717"	"0.4462"	"RORB"	"RORB"	"1"	"298"	"0.9187"	"1.0"	"0.3975"	"GTEx--Coexpression"	"MAP1A"
"gene_set_query"	"718"	"0.4468"	"BBX"	"BBX"	"1"	"298"	"0.9187"	"1.0"	"0.3975"	"GTEx--Coexpression"	"CLDN11"
"gene_set_query"	"719"	"0.4474"	"YBX1"	"YBX1"	"1"	"298"	"0.9187"	"1.0"	"0.3975"	"GTEx--Coexpression"	"CDKN3"
"gene_set_query"	"720"	"0.448"	"MEIS3"	"MEIS3"	"1"	"298"	"0.9187"	"1.0"	"0.3975"	"GTEx--Coexpression"	"MAP1A"
"gene_set_query"	"721"	"0.4487"	"RBSN"	"RBSN"	"1"	"298"	"0.9187"	"1.0"	"0.3975"	"GTEx--Coexpression"	"MAP1A"
"gene_set_query"	"722"	"0.4493"	"NPAS1"	"NPAS1"	"1"	"298"	"0.9187"	"1.0"	"0.3975"	"GTEx--Coexpression"	"MAP1A"
"gene_set_query"	"723"	"0.4499"	"ZNF14"	"ZNF14"	"1"	"298"	"0.9187"	"1.0"	"0.3975"	"GTEx--Coexpression"	"RPL22"
"gene_set_query"	"724"	"0.4505"	"ZNF184"	"ZNF184"	"1"	"298"	"0.9187"	"1.0"	"0.3975"	"GTEx--Coexpression"	"STMN1"
"gene_set_query"	"725"	"0.4512"	"NEUROG3"	"NEUROG3"	"1"	"298"	"0.9187"	"1.0"	"0.3975"	"GTEx--Coexpression"	"EPCAM"
"gene_set_query"	"726"	"0.4518"	"ZNF692"	"ZNF692"	"1"	"298"	"0.9187"	"1.0"	"0.3975"	"GTEx--Coexpression"	"NPDC1"
"gene_set_query"	"727"	"0.4524"	"ZNF136"	"ZNF136"	"1"	"298"	"0.9187"	"1.0"	"0.3975"	"GTEx--Coexpression"	"RBMS3"
"gene_set_query"	"728"	"0.453"	"SAFB2"	"SAFB2"	"1"	"298"	"0.9187"	"1.0"	"0.3975"	"GTEx--Coexpression"	"NPDC1"
"gene_set_query"	"729"	"0.4536"	"CREM"	"CREM"	"1"	"298"	"0.9187"	"1.0"	"0.3975"	"GTEx--Coexpression"	"CDKN3"
"gene_set_query"	"730"	"0.4543"	"ZNF829"	"ZNF829"	"1"	"298"	"0.9187"	"1.0"	"0.3975"	"GTEx--Coexpression"	"CDKN3"
"gene_set_query"	"731"	"0.4549"	"ZNF260"	"ZNF260"	"1"	"298"	"0.9187"	"1.0"	"0.3975"	"GTEx--Coexpression"	"LPAR1"
"gene_set_query"	"732"	"0.4555"	"NOTO"	"NOTO"	"1"	"298"	"0.9187"	"1.0"	"0.3975"	"GTEx--Coexpression"	"EPCAM"
"gene_set_query"	"733"	"0.4561"	"ZNF165"	"ZNF165"	"1"	"298"	"0.9187"	"1.0"	"0.3975"	"GTEx--Coexpression"	"CDKN3"
"gene_set_query"	"734"	"0.4568"	"SON"	"SON"	"1"	"298"	"0.9187"	"1.0"	"0.3975"	"GTEx--Coexpression"	"MAPK3"
"gene_set_query"	"735"	"0.4574"	"EMX1"	"EMX1"	"1"	"298"	"0.9187"	"1.0"	"0.3975"	"GTEx--Coexpression"	"MAP1A"
"gene_set_query"	"736"	"0.458"	"BHLHA9"	"BHLHA9"	"1"	"298"	"0.9187"	"1.0"	"0.3975"	"GTEx--Coexpression"	"MAP1A"
"gene_set_query"	"737"	"0.4586"	"HOMEZ"	"HOMEZ"	"1"	"298"	"0.9187"	"1.0"	"0.3975"	"GTEx--Coexpression"	"CDKN3"
"gene_set_query"	"738"	"0.4592"	"NR2E1"	"NR2E1"	"1"	"298"	"0.9187"	"1.0"	"0.3975"	"GTEx--Coexpression"	"STON2"
"gene_set_query"	"739"	"0.4599"	"ZBTB26"	"ZBTB26"	"1"	"298"	"0.9187"	"1.0"	"0.3975"	"GTEx--Coexpression"	"SIX5"
"gene_set_query"	"740"	"0.4605"	"FAM170A"	"FAM170A"	"1"	"298"	"0.9187"	"1.0"	"0.3975"	"GTEx--Coexpression"	"CDKN3"
"gene_set_query"	"741"	"0.4611"	"PITX3"	"PITX3"	"1"	"298"	"0.9187"	"1.0"	"0.3975"	"GTEx--Coexpression"	"PHTF2"
"gene_set_query"	"742"	"0.4617"	"FOXP4"	"FOXP4"	"1"	"298"	"0.9187"	"1.0"	"0.3975"	"GTEx--Coexpression"	"SIX5"
"gene_set_query"	"743"	"0.4624"	"ZNF233"	"ZNF233"	"1"	"298"	"0.9187"	"1.0"	"0.3975"	"GTEx--Coexpression"	"CDKN3"
"gene_set_query"	"744"	"0.463"	"TBPL1"	"TBPL1"	"1"	"298"	"0.9187"	"1.0"	"0.3975"	"GTEx--Coexpression"	"CDKN3"
"gene_set_query"	"745"	"0.4636"	"ZBTB17"	"ZBTB17"	"1"	"298"	"0.9187"	"1.0"	"0.3975"	"GTEx--Coexpression"	"SIPA1"
"gene_set_query"	"746"	"0.4642"	"ZNF814"	"ZNF814"	"1"	"298"	"0.9187"	"1.0"	"0.3975"	"GTEx--Coexpression"	"CTNNA1"
"gene_set_query"	"747"	"0.4648"	"POU3F3"	"POU3F3"	"1"	"298"	"0.9187"	"1.0"	"0.3975"	"GTEx--Coexpression"	"MAP1A"
"gene_set_query"	"748"	"0.4655"	"NEUROD6"	"NEUROD6"	"1"	"298"	"0.9187"	"1.0"	"0.3975"	"GTEx--Coexpression"	"MAP1A"
"gene_set_query"	"749"	"0.4661"	"ZNF433"	"ZNF433"	"1"	"298"	"0.9187"	"1.0"	"0.3975"	"GTEx--Coexpression"	"CDKN3"
"gene_set_query"	"750"	"0.4667"	"ZNF133"	"ZNF133"	"1"	"298"	"0.9187"	"1.0"	"0.3975"	"GTEx--Coexpression"	"NPDC1"
"gene_set_query"	"751"	"0.4673"	"VSX2"	"VSX2"	"1"	"298"	"0.9187"	"1.0"	"0.3975"	"GTEx--Coexpression"	"PLP1"
"gene_set_query"	"752"	"0.468"	"POU6F2"	"POU6F2"	"1"	"298"	"0.9187"	"1.0"	"0.3975"	"GTEx--Coexpression"	"MAP1A"
"gene_set_query"	"753"	"0.4686"	"ZNF580"	"ZNF580"	"1"	"298"	"0.9187"	"1.0"	"0.3975"	"GTEx--Coexpression"	"NPDC1"
"gene_set_query"	"754"	"0.4692"	"ZNF616"	"ZNF616"	"1"	"298"	"0.9187"	"1.0"	"0.3975"	"GTEx--Coexpression"	"RARRES2"
"gene_set_query"	"755"	"0.4698"	"ZNF736"	"ZNF736"	"1"	"298"	"0.9187"	"1.0"	"0.3975"	"GTEx--Coexpression"	"ITPR3"
"gene_set_query"	"756"	"0.4704"	"ZNF836"	"ZNF836"	"1"	"298"	"0.9187"	"1.0"	"0.3975"	"GTEx--Coexpression"	"RARRES2"
"gene_set_query"	"757"	"0.4711"	"ARX"	"ARX"	"1"	"298"	"0.9187"	"1.0"	"0.3975"	"GTEx--Coexpression"	"IGFBP5"
"gene_set_query"	"758"	"0.4717"	"MGA"	"MGA"	"1"	"298"	"0.9187"	"1.0"	"0.3975"	"GTEx--Coexpression"	"BLOC1S1"
"gene_set_query"	"759"	"0.4723"	"HSF2"	"HSF2"	"1"	"298"	"0.9187"	"1.0"	"0.3975"	"GTEx--Coexpression"	"PHTF2"
"gene_set_query"	"760"	"0.4729"	"FOXB2"	"FOXB2"	"1"	"298"	"0.9187"	"1.0"	"0.3975"	"GTEx--Coexpression"	"INPP5F"
"gene_set_query"	"761"	"0.4736"	"E2F6"	"E2F6"	"1"	"298"	"0.9187"	"1.0"	"0.3975"	"GTEx--Coexpression"	"PHTF2"
"gene_set_query"	"762"	"0.4742"	"ZNF300"	"ZNF300"	"1"	"298"	"0.9187"	"1.0"	"0.3975"	"GTEx--Coexpression"	"MXRA8"
"gene_set_query"	"763"	"0.4748"	"NANOG"	"NANOG"	"1"	"298"	"0.9187"	"1.0"	"0.3975"	"GTEx--Coexpression"	"RARRES2"
"gene_set_query"	"764"	"0.4754"	"LHX8"	"LHX8"	"1"	"298"	"0.9187"	"1.0"	"0.3975"	"GTEx--Coexpression"	"STON2"
"gene_set_query"	"765"	"0.476"	"ZBTB9"	"ZBTB9"	"1"	"298"	"0.9187"	"1.0"	"0.3975"	"GTEx--Coexpression"	"CDCA3"
"gene_set_query"	"766"	"0.4767"	"CLOCK"	"CLOCK"	"1"	"298"	"0.9187"	"1.0"	"0.3975"	"GTEx--Coexpression"	"SIPA1"
"gene_set_query"	"767"	"0.4773"	"MSANTD3"	"MSANTD3"	"1"	"298"	"0.9187"	"1.0"	"0.3975"	"GTEx--Coexpression"	"COL6A3"
"gene_set_query"	"768"	"0.4779"	"CUX2"	"CUX2"	"1"	"298"	"0.9187"	"1.0"	"0.3975"	"GTEx--Coexpression"	"GBP7"
"gene_set_query"	"769"	"0.4785"	"ZNF275"	"ZNF275"	"1"	"298"	"0.9187"	"1.0"	"0.3975"	"GTEx--Coexpression"	"RARRES2"
"gene_set_query"	"770"	"0.4792"	"ZNF740"	"ZNF740"	"1"	"298"	"0.9187"	"1.0"	"0.3975"	"GTEx--Coexpression"	"SIX5"
"gene_set_query"	"771"	"0.4798"	"NKX31"	"NKX31"	"1"	"298"	"0.9187"	"1.0"	"0.3975"	"GTEx--Coexpression"	"NPDC1"
"gene_set_query"	"772"	"0.4804"	"ZNF211"	"ZNF211"	"1"	"298"	"0.9187"	"1.0"	"0.3975"	"GTEx--Coexpression"	"NPDC1"
"gene_set_query"	"773"	"0.481"	"SALL3"	"SALL3"	"1"	"298"	"0.9187"	"1.0"	"0.3975"	"GTEx--Coexpression"	"STON2"
"gene_set_query"	"774"	"0.4816"	"ZNF789"	"ZNF789"	"1"	"298"	"0.9187"	"1.0"	"0.3975"	"GTEx--Coexpression"	"CDCA3"
"gene_set_query"	"775"	"0.4823"	"ZFP91"	"ZFP91"	"1"	"298"	"0.9187"	"1.0"	"0.3975"	"GTEx--Coexpression"	"CDKN3"
"gene_set_query"	"776"	"0.4829"	"FEV"	"FEV"	"1"	"298"	"0.9187"	"1.0"	"0.3975"	"GTEx--Coexpression"	"NPDC1"
"gene_set_query"	"777"	"0.4835"	"ZNF668"	"ZNF668"	"1"	"298"	"0.9187"	"1.0"	"0.3975"	"GTEx--Coexpression"	"EMP3"
"gene_set_query"	"778"	"0.4841"	"ZBED1"	"ZBED1"	"1"	"298"	"0.9187"	"1.0"	"0.3975"	"GTEx--Coexpression"	"PHTF2"
"gene_set_query"	"779"	"0.4848"	"ZNF331"	"ZNF331"	"1"	"298"	"0.9187"	"1.0"	"0.3975"	"GTEx--Coexpression"	"IGFBP5"
"gene_set_query"	"780"	"0.4854"	"IRF3"	"IRF3"	"1"	"298"	"0.9187"	"1.0"	"0.3975"	"GTEx--Coexpression"	"RPL18A"
"gene_set_query"	"781"	"0.486"	"ZNF32"	"ZNF32"	"1"	"298"	"0.9187"	"1.0"	"0.3975"	"GTEx--Coexpression"	"CUEDC2"
"gene_set_query"	"782"	"0.4866"	"ZBTB47"	"ZBTB47"	"1"	"298"	"0.9187"	"1.0"	"0.3975"	"GTEx--Coexpression"	"LPAR1"
"gene_set_query"	"783"	"0.4872"	"SPDEF"	"SPDEF"	"1"	"298"	"0.9187"	"1.0"	"0.3975"	"GTEx--Coexpression"	"NPDC1"
"gene_set_query"	"784"	"0.4879"	"MYPOP"	"MYPOP"	"1"	"298"	"0.9187"	"1.0"	"0.3975"	"GTEx--Coexpression"	"MAP1A"
"gene_set_query"	"785"	"0.4885"	"CREBL2"	"CREBL2"	"1"	"298"	"0.9187"	"1.0"	"0.3975"	"GTEx--Coexpression"	"RARRES2"
"gene_set_query"	"786"	"0.4891"	"HSF5"	"HSF5"	"1"	"298"	"0.9187"	"1.0"	"0.3975"	"GTEx--Coexpression"	"CDKN3"
"gene_set_query"	"787"	"0.4897"	"ZNF737"	"ZNF737"	"1"	"299"	"0.9194"	"1.0"	"0.3961"	"GTEx--Coexpression"	"GLIS3"
"gene_set_query"	"788"	"0.4904"	"RAX2"	"RAX2"	"1"	"299"	"0.9194"	"1.0"	"0.3961"	"GTEx--Coexpression"	"NPDC1"
"gene_set_query"	"789"	"0.491"	"ZNF221"	"ZNF221"	"1"	"299"	"0.9194"	"1.0"	"0.3961"	"GTEx--Coexpression"	"COL6A3"
"gene_set_query"	"790"	"0.4916"	"BPTF"	"BPTF"	"1"	"299"	"0.9194"	"1.0"	"0.3961"	"GTEx--Coexpression"	"BLOC1S1"
"gene_set_query"	"791"	"0.4922"	"MEF2C"	"MEF2C"	"1"	"299"	"0.9194"	"1.0"	"0.3961"	"GTEx--Coexpression"	"PHTF2"
"gene_set_query"	"792"	"0.4928"	"YBX3"	"YBX3"	"1"	"299"	"0.9194"	"1.0"	"0.3961"	"GTEx--Coexpression"	"PHTF2"
"gene_set_query"	"793"	"0.4935"	"PBX2"	"PBX2"	"1"	"299"	"0.9194"	"1.0"	"0.3961"	"GTEx--Coexpression"	"SIPA1"
"gene_set_query"	"794"	"0.4941"	"CREB3L1"	"CREB3L1"	"1"	"299"	"0.9194"	"1.0"	"0.3961"	"GTEx--Coexpression"	"FUT4"
"gene_set_query"	"795"	"0.4947"	"ZNF799"	"ZNF799"	"1"	"299"	"0.9194"	"1.0"	"0.3961"	"GTEx--Coexpression"	"STX11"
"gene_set_query"	"796"	"0.4953"	"THAP11"	"THAP11"	"1"	"299"	"0.9194"	"1.0"	"0.3961"	"GTEx--Coexpression"	"PHTF2"
"gene_set_query"	"797"	"0.496"	"ZNF607"	"ZNF607"	"1"	"299"	"0.9194"	"1.0"	"0.3961"	"GTEx--Coexpression"	"CDCA3"
"gene_set_query"	"798"	"0.4966"	"TBX1"	"TBX1"	"1"	"299"	"0.9194"	"1.0"	"0.3961"	"GTEx--Coexpression"	"PHTF2"
"gene_set_query"	"799"	"0.4972"	"REPIN1"	"REPIN1"	"1"	"299"	"0.9194"	"1.0"	"0.3961"	"GTEx--Coexpression"	"TSPAN17"
"gene_set_query"	"800"	"0.4978"	"ZNF274"	"ZNF274"	"1"	"299"	"0.9194"	"1.0"	"0.3961"	"GTEx--Coexpression"	"MAP1A"
"gene_set_query"	"801"	"0.4984"	"ZNF875"	"ZNF875"	"1"	"299"	"0.9194"	"1.0"	"0.3961"	"GTEx--Coexpression"	"NPDC1"
"gene_set_query"	"802"	"0.4991"	"NFATC3"	"NFATC3"	"1"	"299"	"0.9194"	"1.0"	"0.3961"	"GTEx--Coexpression"	"PHTF2"
"gene_set_query"	"803"	"0.4997"	"ZNF416"	"ZNF416"	"1"	"299"	"0.9194"	"1.0"	"0.3961"	"GTEx--Coexpression"	"RAB38"
"gene_set_query"	"804"	"0.5003"	"FOXD4L4"	"FOXD4L4"	"1"	"299"	"0.9194"	"1.0"	"0.3961"	"GTEx--Coexpression"	"GAS7"
"gene_set_query"	"805"	"0.5009"	"ZBTB45"	"ZBTB45"	"1"	"299"	"0.9194"	"1.0"	"0.3961"	"GTEx--Coexpression"	"JOSD2"
"gene_set_query"	"806"	"0.5016"	"ZFP1"	"ZFP1"	"1"	"299"	"0.9194"	"1.0"	"0.3961"	"GTEx--Coexpression"	"MAP1A"
"gene_set_query"	"807"	"0.5022"	"MLX"	"MLX"	"1"	"299"	"0.9194"	"1.0"	"0.3961"	"GTEx--Coexpression"	"MYL12A"
"gene_set_query"	"808"	"0.5028"	"PLAGL1"	"PLAGL1"	"1"	"299"	"0.9194"	"1.0"	"0.3961"	"GTEx--Coexpression"	"LMNA"
"gene_set_query"	"809"	"0.5034"	"PROP1"	"PROP1"	"1"	"299"	"0.9194"	"1.0"	"0.3961"	"GTEx--Coexpression"	"NPDC1"
"gene_set_query"	"810"	"0.504"	"ZNF579"	"ZNF579"	"1"	"299"	"0.9194"	"1.0"	"0.3961"	"GTEx--Coexpression"	"PHTF2"
"gene_set_query"	"811"	"0.5047"	"TP73"	"TP73"	"1"	"299"	"0.9194"	"1.0"	"0.3961"	"GTEx--Coexpression"	"RAB38"
"gene_set_query"	"812"	"0.5053"	"USF3"	"USF3"	"1"	"299"	"0.9194"	"1.0"	"0.3961"	"GTEx--Coexpression"	"PHTF2"
"gene_set_query"	"813"	"0.5059"	"ZNF680"	"ZNF680"	"1"	"299"	"0.9194"	"1.0"	"0.3961"	"GTEx--Coexpression"	"STON2"
"gene_set_query"	"814"	"0.5065"	"ZNF365"	"ZNF365"	"1"	"299"	"0.9194"	"1.0"	"0.3961"	"GTEx--Coexpression"	"MAP1A"
"gene_set_query"	"815"	"0.5072"	"MYRFL"	"MYRFL"	"1"	"299"	"0.9194"	"1.0"	"0.3961"	"GTEx--Coexpression"	"EPCAM"
"gene_set_query"	"816"	"0.5078"	"MBD4"	"MBD4"	"1"	"299"	"0.9194"	"1.0"	"0.3961"	"GTEx--Coexpression"	"SIPA1"
"gene_set_query"	"817"	"0.5084"	"ZKSCAN5"	"ZKSCAN5"	"1"	"299"	"0.9194"	"1.0"	"0.3961"	"GTEx--Coexpression"	"CTNNA1"
"gene_set_query"	"818"	"0.509"	"MTERF1"	"MTERF1"	"1"	"299"	"0.9194"	"1.0"	"0.3961"	"GTEx--Coexpression"	"SGO1"
"gene_set_query"	"819"	"0.5096"	"TBX10"	"TBX10"	"1"	"299"	"0.9194"	"1.0"	"0.3961"	"GTEx--Coexpression"	"EPCAM"
"gene_set_query"	"820"	"0.5103"	"ZNF44"	"ZNF44"	"1"	"299"	"0.9194"	"1.0"	"0.3961"	"GTEx--Coexpression"	"MAP1A"
"gene_set_query"	"821"	"0.5109"	"FOXH1"	"FOXH1"	"1"	"299"	"0.9194"	"1.0"	"0.3961"	"GTEx--Coexpression"	"EPCAM"
"gene_set_query"	"822"	"0.5115"	"TBXT"	"TBXT"	"1"	"299"	"0.9194"	"1.0"	"0.3961"	"GTEx--Coexpression"	"SGO1"
"gene_set_query"	"823"	"0.5121"	"TLX2"	"TLX2"	"1"	"299"	"0.9194"	"1.0"	"0.3961"	"GTEx--Coexpression"	"TES"
"gene_set_query"	"824"	"0.5128"	"KMT2A"	"KMT2A"	"1"	"299"	"0.9194"	"1.0"	"0.3961"	"GTEx--Coexpression"	"BLOC1S1"
"gene_set_query"	"825"	"0.5134"	"ZNF747"	"ZNF747"	"1"	"299"	"0.9194"	"1.0"	"0.3961"	"GTEx--Coexpression"	"PDZRN3"
"gene_set_query"	"826"	"0.514"	"SIX2"	"SIX2"	"1"	"299"	"0.9194"	"1.0"	"0.3961"	"GTEx--Coexpression"	"PHTF2"
"gene_set_query"	"827"	"0.5146"	"GSX1"	"GSX1"	"1"	"299"	"0.9194"	"1.0"	"0.3961"	"GTEx--Coexpression"	"INPP5F"
"gene_set_query"	"828"	"0.5152"	"ZNF793"	"ZNF793"	"1"	"299"	"0.9194"	"1.0"	"0.3961"	"GTEx--Coexpression"	"TRPM3"
"gene_set_query"	"829"	"0.5159"	"ARNTL"	"ARNTL"	"1"	"299"	"0.9194"	"1.0"	"0.3961"	"GTEx--Coexpression"	"STX11"
"gene_set_query"	"830"	"0.5165"	"FEZF1"	"FEZF1"	"1"	"299"	"0.9194"	"1.0"	"0.3961"	"GTEx--Coexpression"	"INPP5F"
"gene_set_query"	"831"	"0.5171"	"MYF6"	"MYF6"	"1"	"299"	"0.9194"	"1.0"	"0.3961"	"GTEx--Coexpression"	"PHTF2"
"gene_set_query"	"832"	"0.5177"	"LCOR"	"LCOR"	"1"	"299"	"0.9194"	"1.0"	"0.3961"	"GTEx--Coexpression"	"EPCAM"
"gene_set_query"	"833"	"0.5184"	"EMX2"	"EMX2"	"1"	"299"	"0.9194"	"1.0"	"0.3961"	"GTEx--Coexpression"	"STON2"
"gene_set_query"	"834"	"0.519"	"ATF6B"	"ATF6B"	"1"	"299"	"0.9194"	"1.0"	"0.3961"	"GTEx--Coexpression"	"RPL18A"
"gene_set_query"	"835"	"0.5196"	"ZNF600"	"ZNF600"	"1"	"299"	"0.9194"	"1.0"	"0.3961"	"GTEx--Coexpression"	"IGSF11"
"gene_set_query"	"836"	"0.5202"	"LMX1A"	"LMX1A"	"1"	"299"	"0.9194"	"1.0"	"0.3961"	"GTEx--Coexpression"	"NPDC1"
"gene_set_query"	"837"	"0.5208"	"ZNF771"	"ZNF771"	"1"	"299"	"0.9194"	"1.0"	"0.3961"	"GTEx--Coexpression"	"MAP1A"
"gene_set_query"	"838"	"0.5215"	"GATA4"	"GATA4"	"1"	"299"	"0.9194"	"1.0"	"0.3961"	"GTEx--Coexpression"	"CRIP2"
"gene_set_query"	"839"	"0.5221"	"ZBTB48"	"ZBTB48"	"1"	"299"	"0.9194"	"1.0"	"0.3961"	"GTEx--Coexpression"	"SIPA1"
"gene_set_query"	"840"	"0.5227"	"ZNF316"	"ZNF316"	"1"	"299"	"0.9194"	"1.0"	"0.3961"	"GTEx--Coexpression"	"SIPA1"
"gene_set_query"	"841"	"0.5233"	"SLC2A4RG"	"SLC2A4RG"	"1"	"299"	"0.9194"	"1.0"	"0.3961"	"GTEx--Coexpression"	"GBP7"
"gene_set_query"	"842"	"0.524"	"ZNF502"	"ZNF502"	"1"	"299"	"0.9194"	"1.0"	"0.3961"	"GTEx--Coexpression"	"MAPK3"
"gene_set_query"	"843"	"0.5246"	"ZNF689"	"ZNF689"	"1"	"299"	"0.9194"	"1.0"	"0.3961"	"GTEx--Coexpression"	"CDKN3"
"gene_set_query"	"844"	"0.5252"	"FOXQ1"	"FOXQ1"	"1"	"299"	"0.9194"	"1.0"	"0.3961"	"GTEx--Coexpression"	"SOSTDC1"
"gene_set_query"	"845"	"0.5258"	"DMRTA1"	"DMRTA1"	"1"	"299"	"0.9194"	"1.0"	"0.3961"	"GTEx--Coexpression"	"GBP7"
"gene_set_query"	"846"	"0.5264"	"NFE2L1"	"NFE2L1"	"1"	"299"	"0.9194"	"1.0"	"0.3961"	"GTEx--Coexpression"	"PHTF2"
"gene_set_query"	"847"	"0.5271"	"IRF9"	"IRF9"	"1"	"299"	"0.9194"	"1.0"	"0.3961"	"GTEx--Coexpression"	"SIPA1"
"gene_set_query"	"848"	"0.5277"	"ZNF592"	"ZNF592"	"1"	"299"	"0.9194"	"1.0"	"0.3961"	"GTEx--Coexpression"	"PHTF2"
"gene_set_query"	"849"	"0.5283"	"ZNF383"	"ZNF383"	"1"	"299"	"0.9194"	"1.0"	"0.3961"	"GTEx--Coexpression"	"PHTF2"
"gene_set_query"	"850"	"0.5289"	"KLF16"	"KLF16"	"1"	"299"	"0.9194"	"1.0"	"0.3961"	"GTEx--Coexpression"	"MAPK3"
"gene_set_query"	"851"	"0.5296"	"ZNF346"	"ZNF346"	"1"	"299"	"0.9194"	"1.0"	"0.3961"	"GTEx--Coexpression"	"CTNNA1"
"gene_set_query"	"852"	"0.5302"	"CXXC4"	"CXXC4"	"1"	"299"	"0.9194"	"1.0"	"0.3961"	"GTEx--Coexpression"	"INPP5F"
"gene_set_query"	"853"	"0.5308"	"ZNF517"	"ZNF517"	"1"	"299"	"0.9194"	"1.0"	"0.3961"	"GTEx--Coexpression"	"EHD4"
"gene_set_query"	"854"	"0.5314"	"TBX15"	"TBX15"	"1"	"299"	"0.9194"	"1.0"	"0.3961"	"GTEx--Coexpression"	"PHTF2"
"gene_set_query"	"855"	"0.532"	"OTP"	"OTP"	"1"	"299"	"0.9194"	"1.0"	"0.3961"	"GTEx--Coexpression"	"INPP5F"
"gene_set_query"	"856"	"0.5327"	"ZNF627"	"ZNF627"	"1"	"299"	"0.9194"	"1.0"	"0.3961"	"GTEx--Coexpression"	"RPL22"
"gene_set_query"	"857"	"0.5333"	"MYF5"	"MYF5"	"1"	"299"	"0.9194"	"1.0"	"0.3961"	"GTEx--Coexpression"	"PHTF2"
"gene_set_query"	"858"	"0.5339"	"YY1"	"YY1"	"1"	"299"	"0.9194"	"1.0"	"0.3961"	"GTEx--Coexpression"	"GLIS3"
"gene_set_query"	"859"	"0.5345"	"NR4A2"	"NR4A2"	"1"	"299"	"0.9194"	"1.0"	"0.3961"	"GTEx--Coexpression"	"MAP1A"
"gene_set_query"	"860"	"0.5352"	"HOXA10"	"HOXA10"	"1"	"299"	"0.9194"	"1.0"	"0.3961"	"GTEx--Coexpression"	"PHTF2"
"gene_set_query"	"861"	"0.5358"	"FLYWCH1"	"FLYWCH1"	"1"	"299"	"0.9194"	"1.0"	"0.3961"	"GTEx--Coexpression"	"NPDC1"
"gene_set_query"	"862"	"0.5364"	"ZNF107"	"ZNF107"	"1"	"299"	"0.9194"	"1.0"	"0.3961"	"GTEx--Coexpression"	"RHBDF2"
"gene_set_query"	"863"	"0.537"	"ZNF800"	"ZNF800"	"1"	"299"	"0.9194"	"1.0"	"0.3961"	"GTEx--Coexpression"	"CD44"
"gene_set_query"	"864"	"0.5376"	"ZNF20"	"ZNF20"	"1"	"299"	"0.9194"	"1.0"	"0.3961"	"GTEx--Coexpression"	"CDKN3"
"gene_set_query"	"865"	"0.5383"	"ZNF548"	"ZNF548"	"1"	"299"	"0.9194"	"1.0"	"0.3961"	"GTEx--Coexpression"	"CLEC1A"
"gene_set_query"	"866"	"0.5389"	"ZNF667"	"ZNF667"	"1"	"299"	"0.9194"	"1.0"	"0.3961"	"GTEx--Coexpression"	"INPP5F"
"gene_set_query"	"867"	"0.5395"	"ADNP2"	"ADNP2"	"1"	"299"	"0.9194"	"1.0"	"0.3961"	"GTEx--Coexpression"	"LMNA"
"gene_set_query"	"868"	"0.5401"	"LBX1"	"LBX1"	"1"	"299"	"0.9194"	"1.0"	"0.3961"	"GTEx--Coexpression"	"PHTF2"
"gene_set_query"	"869"	"0.5408"	"ZNF684"	"ZNF684"	"1"	"299"	"0.9194"	"1.0"	"0.3961"	"GTEx--Coexpression"	"GBP7"
"gene_set_query"	"870"	"0.5414"	"HNF4G"	"HNF4G"	"1"	"299"	"0.9194"	"1.0"	"0.3961"	"GTEx--Coexpression"	"EPCAM"
"gene_set_query"	"871"	"0.542"	"ZMAT1"	"ZMAT1"	"1"	"299"	"0.9194"	"1.0"	"0.3961"	"GTEx--Coexpression"	"MATN2"
"gene_set_query"	"872"	"0.5426"	"ZBTB8B"	"ZBTB8B"	"1"	"299"	"0.9194"	"1.0"	"0.3961"	"GTEx--Coexpression"	"INPP5F"
"gene_set_query"	"873"	"0.5432"	"INSM1"	"INSM1"	"1"	"299"	"0.9194"	"1.0"	"0.3961"	"GTEx--Coexpression"	"NPDC1"
"gene_set_query"	"874"	"0.5439"	"ZNF83"	"ZNF83"	"1"	"299"	"0.9194"	"1.0"	"0.3961"	"GTEx--Coexpression"	"NPDC1"
"gene_set_query"	"875"	"0.5445"	"JRK"	"JRK"	"1"	"299"	"0.9194"	"1.0"	"0.3961"	"GTEx--Coexpression"	"STOM"
"gene_set_query"	"876"	"0.5451"	"ATOH1"	"ATOH1"	"1"	"299"	"0.9194"	"1.0"	"0.3961"	"GTEx--Coexpression"	"EPCAM"
"gene_set_query"	"877"	"0.5457"	"HES6"	"HES6"	"1"	"299"	"0.9194"	"1.0"	"0.3961"	"GTEx--Coexpression"	"COL20A1"
"gene_set_query"	"878"	"0.5464"	"SIX4"	"SIX4"	"1"	"299"	"0.9194"	"1.0"	"0.3961"	"GTEx--Coexpression"	"PHTF2"
"gene_set_query"	"879"	"0.547"	"MYOD1"	"MYOD1"	"1"	"299"	"0.9194"	"1.0"	"0.3961"	"GTEx--Coexpression"	"PHTF2"
"gene_set_query"	"880"	"0.5476"	"ZNF160"	"ZNF160"	"1"	"299"	"0.9194"	"1.0"	"0.3961"	"GTEx--Coexpression"	"LAMB2"
"gene_set_query"	"881"	"0.5482"	"ZNF700"	"ZNF700"	"1"	"299"	"0.9194"	"1.0"	"0.3961"	"GTEx--Coexpression"	"RREB1"
"gene_set_query"	"882"	"0.5488"	"ZNF75D"	"ZNF75D"	"1"	"299"	"0.9194"	"1.0"	"0.3961"	"GTEx--Coexpression"	"RARRES2"
"gene_set_query"	"883"	"0.5495"	"ZNF41"	"ZNF41"	"1"	"299"	"0.9194"	"1.0"	"0.3961"	"GTEx--Coexpression"	"PHTF2"
"gene_set_query"	"884"	"0.5501"	"ZNF85"	"ZNF85"	"1"	"299"	"0.9194"	"1.0"	"0.3961"	"GTEx--Coexpression"	"CDKN3"
"gene_set_query"	"885"	"0.5507"	"ZSCAN1"	"ZSCAN1"	"1"	"299"	"0.9194"	"1.0"	"0.3961"	"GTEx--Coexpression"	"INPP5F"
"gene_set_query"	"886"	"0.5513"	"PHF20"	"PHF20"	"1"	"299"	"0.9194"	"1.0"	"0.3961"	"GTEx--Coexpression"	"PHTF2"
"gene_set_query"	"887"	"0.552"	"SOX14"	"SOX14"	"1"	"299"	"0.9194"	"1.0"	"0.3961"	"GTEx--Coexpression"	"INPP5F"
"gene_set_query"	"888"	"0.5526"	"SPEN"	"SPEN"	"1"	"299"	"0.9194"	"1.0"	"0.3961"	"GTEx--Coexpression"	"BLOC1S1"
"gene_set_query"	"889"	"0.5532"	"ZNF251"	"ZNF251"	"1"	"299"	"0.9194"	"1.0"	"0.3961"	"GTEx--Coexpression"	"NPDC1"
"gene_set_query"	"890"	"0.5538"	"PAX7"	"PAX7"	"1"	"299"	"0.9194"	"1.0"	"0.3961"	"GTEx--Coexpression"	"PHTF2"
"gene_set_query"	"891"	"0.5544"	"ZNF34"	"ZNF34"	"1"	"299"	"0.9194"	"1.0"	"0.3961"	"GTEx--Coexpression"	"FLNA"
"gene_set_query"	"892"	"0.5551"	"ATMIN"	"ATMIN"	"1"	"299"	"0.9194"	"1.0"	"0.3961"	"GTEx--Coexpression"	"STMN1"
"gene_set_query"	"893"	"0.5557"	"ZNF774"	"ZNF774"	"1"	"299"	"0.9194"	"1.0"	"0.3961"	"GTEx--Coexpression"	"PHTF2"
"gene_set_query"	"894"	"0.5563"	"ZNF418"	"ZNF418"	"1"	"299"	"0.9194"	"1.0"	"0.3961"	"GTEx--Coexpression"	"RELN"
"gene_set_query"	"895"	"0.5569"	"PEG3"	"PEG3"	"1"	"299"	"0.9194"	"1.0"	"0.3961"	"GTEx--Coexpression"	"INPP5F"
"gene_set_query"	"896"	"0.5576"	"ZNF354B"	"ZNF354B"	"1"	"299"	"0.9194"	"1.0"	"0.3961"	"GTEx--Coexpression"	"RBMS3"
"gene_set_query"	"897"	"0.5582"	"IRX6"	"IRX6"	"1"	"299"	"0.9194"	"1.0"	"0.3961"	"GTEx--Coexpression"	"NUAK1"
"gene_set_query"	"898"	"0.5588"	"MEF2D"	"MEF2D"	"1"	"299"	"0.9194"	"1.0"	"0.3961"	"GTEx--Coexpression"	"PHTF2"
"gene_set_query"	"899"	"0.5594"	"ZBTB44"	"ZBTB44"	"1"	"299"	"0.9194"	"1.0"	"0.3961"	"GTEx--Coexpression"	"PHTF2"
"gene_set_query"	"900"	"0.56"	"MAFA"	"MAFA"	"1"	"299"	"0.9194"	"1.0"	"0.3961"	"GTEx--Coexpression"	"PHTF2"
"gene_set_query"	"901"	"0.5607"	"MAFG"	"MAFG"	"1"	"299"	"0.9194"	"1.0"	"0.3961"	"GTEx--Coexpression"	"PHTF2"
"gene_set_query"	"902"	"0.5613"	"ZSCAN5A"	"ZSCAN5A"	"1"	"299"	"0.9194"	"1.0"	"0.3961"	"GTEx--Coexpression"	"CDKN3"
"gene_set_query"	"903"	"0.5619"	"SKI"	"SKI"	"1"	"299"	"0.9194"	"1.0"	"0.3961"	"GTEx--Coexpression"	"RELN"
"gene_set_query"	"904"	"0.5625"	"ZNF408"	"ZNF408"	"1"	"299"	"0.9194"	"1.0"	"0.3961"	"GTEx--Coexpression"	"TSPO"
"gene_set_query"	"905"	"0.5632"	"MBD3"	"MBD3"	"1"	"299"	"0.9194"	"1.0"	"0.3961"	"GTEx--Coexpression"	"COL20A1"
"gene_set_query"	"906"	"0.5638"	"MAZ"	"MAZ"	"1"	"299"	"0.9194"	"1.0"	"0.3961"	"GTEx--Coexpression"	"CTNNA1"
"gene_set_query"	"907"	"0.5644"	"ALX3"	"ALX3"	"1"	"299"	"0.9194"	"1.0"	"0.3961"	"GTEx--Coexpression"	"NPDC1"
"gene_set_query"	"908"	"0.565"	"IKZF3"	"IKZF3"	"1"	"299"	"0.9194"	"1.0"	"0.3961"	"GTEx--Coexpression"	"SGO1"
"gene_set_query"	"909"	"0.5657"	"ZNF175"	"ZNF175"	"1"	"300"	"0.9201"	"1.0"	"0.3948"	"GTEx--Coexpression"	"RELN"
"gene_set_query"	"910"	"0.5663"	"E2F5"	"E2F5"	"1"	"300"	"0.9201"	"1.0"	"0.3948"	"GTEx--Coexpression"	"TGIF2"
"gene_set_query"	"911"	"0.5669"	"ZGPAT"	"ZGPAT"	"1"	"300"	"0.9201"	"1.0"	"0.3948"	"GTEx--Coexpression"	"GBP7"
"gene_set_query"	"912"	"0.5675"	"HOXC13"	"HOXC13"	"1"	"300"	"0.9201"	"1.0"	"0.3948"	"GTEx--Coexpression"	"KRT72"
"gene_set_query"	"913"	"0.5681"	"ZNF391"	"ZNF391"	"1"	"300"	"0.9201"	"1.0"	"0.3948"	"GTEx--Coexpression"	"RHBDF2"
"gene_set_query"	"914"	"0.5688"	"HIVEP1"	"HIVEP1"	"1"	"300"	"0.9201"	"1.0"	"0.3948"	"GTEx--Coexpression"	"EHD4"
"gene_set_query"	"915"	"0.5694"	"ZNF267"	"ZNF267"	"1"	"300"	"0.9201"	"1.0"	"0.3948"	"GTEx--Coexpression"	"STX11"
"gene_set_query"	"916"	"0.57"	"HMG20A"	"HMG20A"	"1"	"300"	"0.9201"	"1.0"	"0.3948"	"GTEx--Coexpression"	"PHTF2"
"gene_set_query"	"917"	"0.5706"	"ZNF347"	"ZNF347"	"1"	"300"	"0.9201"	"1.0"	"0.3948"	"GTEx--Coexpression"	"RBMS3"
"gene_set_query"	"918"	"0.5713"	"ZNF648"	"ZNF648"	"1"	"300"	"0.9201"	"1.0"	"0.3948"	"GTEx--Coexpression"	"GBP7"
"gene_set_query"	"919"	"0.5719"	"ZNF286B"	"ZNF286B"	"1"	"300"	"0.9201"	"1.0"	"0.3948"	"GTEx--Coexpression"	"RELN"
"gene_set_query"	"920"	"0.5725"	"SP2"	"SP2"	"1"	"300"	"0.9201"	"1.0"	"0.3948"	"GTEx--Coexpression"	"STX11"
"gene_set_query"	"921"	"0.5731"	"ZSCAN25"	"ZSCAN25"	"1"	"300"	"0.9201"	"1.0"	"0.3948"	"GTEx--Coexpression"	"RPL18A"
"gene_set_query"	"922"	"0.5737"	"BRF2"	"BRF2"	"1"	"300"	"0.9201"	"1.0"	"0.3948"	"GTEx--Coexpression"	"PHTF2"
"gene_set_query"	"923"	"0.5744"	"ISX"	"ISX"	"1"	"300"	"0.9201"	"1.0"	"0.3948"	"GTEx--Coexpression"	"EPCAM"
"gene_set_query"	"924"	"0.575"	"RFX3"	"RFX3"	"1"	"300"	"0.9201"	"1.0"	"0.3948"	"GTEx--Coexpression"	"IGSF11"
"gene_set_query"	"925"	"0.5756"	"ZSCAN30"	"ZSCAN30"	"1"	"300"	"0.9201"	"1.0"	"0.3948"	"GTEx--Coexpression"	"RELN"
"gene_set_query"	"926"	"0.5762"	"ZBTB42"	"ZBTB42"	"1"	"300"	"0.9201"	"1.0"	"0.3948"	"GTEx--Coexpression"	"RREB1"
"gene_set_query"	"927"	"0.5769"	"GATAD2B"	"GATAD2B"	"1"	"300"	"0.9201"	"1.0"	"0.3948"	"GTEx--Coexpression"	"RHBDF2"
"gene_set_query"	"928"	"0.5775"	"SP8"	"SP8"	"1"	"300"	"0.9201"	"1.0"	"0.3948"	"GTEx--Coexpression"	"POU3F1"
"gene_set_query"	"929"	"0.5781"	"GRHL1"	"GRHL1"	"1"	"300"	"0.9201"	"1.0"	"0.3948"	"GTEx--Coexpression"	"RAB38"
"gene_set_query"	"930"	"0.5787"	"ZNF273"	"ZNF273"	"1"	"300"	"0.9201"	"1.0"	"0.3948"	"GTEx--Coexpression"	"POU3F1"
"gene_set_query"	"931"	"0.5793"	"ZNF750"	"ZNF750"	"1"	"300"	"0.9201"	"1.0"	"0.3948"	"GTEx--Coexpression"	"RAB38"
"gene_set_query"	"932"	"0.58"	"SALL2"	"SALL2"	"1"	"300"	"0.9201"	"1.0"	"0.3948"	"GTEx--Coexpression"	"TRPM3"
"gene_set_query"	"933"	"0.5806"	"HOXB9"	"HOXB9"	"1"	"300"	"0.9201"	"1.0"	"0.3948"	"GTEx--Coexpression"	"EPCAM"
"gene_set_query"	"934"	"0.5812"	"ELF2"	"ELF2"	"1"	"300"	"0.9201"	"1.0"	"0.3948"	"GTEx--Coexpression"	"MAP1A"
"gene_set_query"	"935"	"0.5818"	"CDX2"	"CDX2"	"1"	"300"	"0.9201"	"1.0"	"0.3948"	"GTEx--Coexpression"	"EPCAM"
"gene_set_query"	"936"	"0.5825"	"TIGD2"	"TIGD2"	"1"	"300"	"0.9201"	"1.0"	"0.3948"	"GTEx--Coexpression"	"GBP7"
"gene_set_query"	"937"	"0.5831"	"ZNF566"	"ZNF566"	"1"	"300"	"0.9201"	"1.0"	"0.3948"	"GTEx--Coexpression"	"RELN"
"gene_set_query"	"938"	"0.5837"	"ARID3C"	"ARID3C"	"1"	"300"	"0.9201"	"1.0"	"0.3948"	"GTEx--Coexpression"	"GBP7"
"gene_set_query"	"939"	"0.5843"	"ZSCAN21"	"ZSCAN21"	"1"	"300"	"0.9201"	"1.0"	"0.3948"	"GTEx--Coexpression"	"PHTF2"
"gene_set_query"	"940"	"0.5849"	"ZBTB3"	"ZBTB3"	"1"	"300"	"0.9201"	"1.0"	"0.3948"	"GTEx--Coexpression"	"TALDO1"
"gene_set_query"	"941"	"0.5856"	"NFATC1"	"NFATC1"	"1"	"300"	"0.9201"	"1.0"	"0.3948"	"GTEx--Coexpression"	"PHTF2"
"gene_set_query"	"942"	"0.5862"	"SMYD3"	"SMYD3"	"1"	"300"	"0.9201"	"1.0"	"0.3948"	"GTEx--Coexpression"	"TENM3"
"gene_set_query"	"943"	"0.5868"	"ZNF101"	"ZNF101"	"1"	"300"	"0.9201"	"1.0"	"0.3948"	"GTEx--Coexpression"	"SIPA1"
"gene_set_query"	"944"	"0.5874"	"ZNF70"	"ZNF70"	"1"	"300"	"0.9201"	"1.0"	"0.3948"	"GTEx--Coexpression"	"PHTF2"
"gene_set_query"	"945"	"0.5881"	"ZSCAN4"	"ZSCAN4"	"1"	"300"	"0.9201"	"1.0"	"0.3948"	"GTEx--Coexpression"	"HES1"
"gene_set_query"	"946"	"0.5887"	"GCM1"	"GCM1"	"1"	"300"	"0.9201"	"1.0"	"0.3948"	"GTEx--Coexpression"	"STX11"
"gene_set_query"	"947"	"0.5893"	"TEAD4"	"TEAD4"	"1"	"300"	"0.9201"	"1.0"	"0.3948"	"GTEx--Coexpression"	"PHTF2"
"gene_set_query"	"948"	"0.5899"	"ATF6"	"ATF6"	"1"	"300"	"0.9201"	"1.0"	"0.3948"	"GTEx--Coexpression"	"STX11"
"gene_set_query"	"949"	"0.5905"	"NFX1"	"NFX1"	"1"	"300"	"0.9201"	"1.0"	"0.3948"	"GTEx--Coexpression"	"MAPK3"
"gene_set_query"	"950"	"0.5912"	"ZKSCAN3"	"ZKSCAN3"	"1"	"300"	"0.9201"	"1.0"	"0.3948"	"GTEx--Coexpression"	"SIX5"
"gene_set_query"	"951"	"0.5918"	"IRX4"	"IRX4"	"1"	"300"	"0.9201"	"1.0"	"0.3948"	"GTEx--Coexpression"	"RAB38"
"gene_set_query"	"952"	"0.5924"	"ETV3L"	"ETV3L"	"1"	"300"	"0.9201"	"1.0"	"0.3948"	"GTEx--Coexpression"	"SGO1"
"gene_set_query"	"953"	"0.593"	"CREB5"	"CREB5"	"1"	"300"	"0.9201"	"1.0"	"0.3948"	"GTEx--Coexpression"	"STX11"
"gene_set_query"	"954"	"0.5937"	"NR1I3"	"NR1I3"	"1"	"300"	"0.9201"	"1.0"	"0.3948"	"GTEx--Coexpression"	"GBP7"
"gene_set_query"	"955"	"0.5943"	"TFAP2C"	"TFAP2C"	"1"	"300"	"0.9201"	"1.0"	"0.3948"	"GTEx--Coexpression"	"RAB38"
"gene_set_query"	"956"	"0.5949"	"ZBTB4"	"ZBTB4"	"1"	"300"	"0.9201"	"1.0"	"0.3948"	"GTEx--Coexpression"	"WWTR1"
"gene_set_query"	"957"	"0.5955"	"CENPS"	"CENPS"	"1"	"300"	"0.9201"	"1.0"	"0.3948"	"GTEx--Coexpression"	"CDKN3"
"gene_set_query"	"958"	"0.5961"	"ELK1"	"ELK1"	"1"	"300"	"0.9201"	"1.0"	"0.3948"	"GTEx--Coexpression"	"MAP1A"
"gene_set_query"	"959"	"0.5968"	"ZIK1"	"ZIK1"	"1"	"300"	"0.9201"	"1.0"	"0.3948"	"GTEx--Coexpression"	"RELN"
"gene_set_query"	"960"	"0.5974"	"ZNF784"	"ZNF784"	"1"	"300"	"0.9201"	"1.0"	"0.3948"	"GTEx--Coexpression"	"PHTF2"
"gene_set_query"	"961"	"0.598"	"EGR4"	"EGR4"	"1"	"300"	"0.9201"	"1.0"	"0.3948"	"GTEx--Coexpression"	"RELN"
"gene_set_query"	"962"	"0.5986"	"ZNF248"	"ZNF248"	"1"	"300"	"0.9201"	"1.0"	"0.3948"	"GTEx--Coexpression"	"NPDC1"
"gene_set_query"	"963"	"0.5993"	"ZNF781"	"ZNF781"	"1"	"300"	"0.9201"	"1.0"	"0.3948"	"GTEx--Coexpression"	"TRPM3"
"gene_set_query"	"964"	"0.5999"	"ZNF786"	"ZNF786"	"1"	"300"	"0.9201"	"1.0"	"0.3948"	"GTEx--Coexpression"	"RAB38"
"gene_set_query"	"965"	"0.6005"	"ZNF285"	"ZNF285"	"1"	"300"	"0.9201"	"1.0"	"0.3948"	"GTEx--Coexpression"	"TRPM3"
"gene_set_query"	"966"	"0.6011"	"ATF5"	"ATF5"	"1"	"300"	"0.9201"	"1.0"	"0.3948"	"GTEx--Coexpression"	"GBP7"
"gene_set_query"	"967"	"0.6017"	"ZNF550"	"ZNF550"	"1"	"300"	"0.9201"	"1.0"	"0.3948"	"GTEx--Coexpression"	"RPS24"
"gene_set_query"	"968"	"0.6024"	"HNF1A"	"HNF1A"	"1"	"300"	"0.9201"	"1.0"	"0.3948"	"GTEx--Coexpression"	"GBP7"
"gene_set_query"	"969"	"0.603"	"ATF2"	"ATF2"	"1"	"300"	"0.9201"	"1.0"	"0.3948"	"GTEx--Coexpression"	"RREB1"
"gene_set_query"	"970"	"0.6036"	"HSFY2"	"HSFY2"	"1"	"300"	"0.9201"	"1.0"	"0.3948"	"GTEx--Coexpression"	"GAS7"
"gene_set_query"	"971"	"0.6042"	"ONECUT2"	"ONECUT2"	"1"	"300"	"0.9201"	"1.0"	"0.3948"	"GTEx--Coexpression"	"GBP7"
"gene_set_query"	"972"	"0.6049"	"ZNF691"	"ZNF691"	"1"	"300"	"0.9201"	"1.0"	"0.3948"	"GTEx--Coexpression"	"SIX5"
"gene_set_query"	"973"	"0.6055"	"TP63"	"TP63"	"1"	"300"	"0.9201"	"1.0"	"0.3948"	"GTEx--Coexpression"	"RAB38"
"gene_set_query"	"974"	"0.6061"	"ZNF493"	"ZNF493"	"1"	"300"	"0.9201"	"1.0"	"0.3948"	"GTEx--Coexpression"	"RELN"
"gene_set_query"	"975"	"0.6067"	"ZBTB25"	"ZBTB25"	"1"	"300"	"0.9201"	"1.0"	"0.3948"	"GTEx--Coexpression"	"TGIF2"
"gene_set_query"	"976"	"0.6073"	"ZNF732"	"ZNF732"	"1"	"300"	"0.9201"	"1.0"	"0.3948"	"GTEx--Coexpression"	"NPDC1"
"gene_set_query"	"977"	"0.608"	"E2F3"	"E2F3"	"1"	"300"	"0.9201"	"1.0"	"0.3948"	"GTEx--Coexpression"	"STX11"
"gene_set_query"	"978"	"0.6086"	"NPAS4"	"NPAS4"	"1"	"300"	"0.9201"	"1.0"	"0.3948"	"GTEx--Coexpression"	"RELN"
"gene_set_query"	"979"	"0.6092"	"NAIF1"	"NAIF1"	"1"	"300"	"0.9201"	"1.0"	"0.3948"	"GTEx--Coexpression"	"TALDO1"
"gene_set_query"	"980"	"0.6098"	"AKAP8"	"AKAP8"	"1"	"300"	"0.9201"	"1.0"	"0.3948"	"GTEx--Coexpression"	"MAP1A"
"gene_set_query"	"981"	"0.6105"	"TFAP4"	"TFAP4"	"1"	"300"	"0.9201"	"1.0"	"0.3948"	"GTEx--Coexpression"	"RPL18A"
"gene_set_query"	"982"	"0.6111"	"CHCHD3"	"CHCHD3"	"1"	"300"	"0.9201"	"1.0"	"0.3948"	"GTEx--Coexpression"	"PHTF2"
"gene_set_query"	"983"	"0.6117"	"ZNF594"	"ZNF594"	"1"	"300"	"0.9201"	"1.0"	"0.3948"	"GTEx--Coexpression"	"TSPO"
"gene_set_query"	"984"	"0.6123"	"BCL6"	"BCL6"	"1"	"300"	"0.9201"	"1.0"	"0.3948"	"GTEx--Coexpression"	"STX11"
"gene_set_query"	"985"	"0.6129"	"HOXC10"	"HOXC10"	"1"	"300"	"0.9201"	"1.0"	"0.3948"	"GTEx--Coexpression"	"PHTF2"
"gene_set_query"	"986"	"0.6136"	"TBPL2"	"TBPL2"	"1"	"300"	"0.9201"	"1.0"	"0.3948"	"GTEx--Coexpression"	"POU3F1"
"gene_set_query"	"987"	"0.6142"	"L3MBTL1"	"L3MBTL1"	"1"	"300"	"0.9201"	"1.0"	"0.3948"	"GTEx--Coexpression"	"NPDC1"
"gene_set_query"	"988"	"0.6148"	"NFYA"	"NFYA"	"1"	"300"	"0.9201"	"1.0"	"0.3948"	"GTEx--Coexpression"	"CDKN3"
"gene_set_query"	"989"	"0.6154"	"ZNF549"	"ZNF549"	"1"	"300"	"0.9201"	"1.0"	"0.3948"	"GTEx--Coexpression"	"RELN"
"gene_set_query"	"990"	"0.6161"	"DEAF1"	"DEAF1"	"1"	"300"	"0.9201"	"1.0"	"0.3948"	"GTEx--Coexpression"	"MAP1A"
"gene_set_query"	"991"	"0.6167"	"RHOXF1"	"RHOXF1"	"1"	"300"	"0.9201"	"1.0"	"0.3948"	"GTEx--Coexpression"	"TRPM3"
"gene_set_query"	"992"	"0.6173"	"HNF4A"	"HNF4A"	"1"	"300"	"0.9201"	"1.0"	"0.3948"	"GTEx--Coexpression"	"EPCAM"
"gene_set_query"	"993"	"0.6179"	"E2F8"	"E2F8"	"1"	"300"	"0.9201"	"1.0"	"0.3948"	"GTEx--Coexpression"	"PHTF2"
"gene_set_query"	"994"	"0.6185"	"ZNF500"	"ZNF500"	"1"	"300"	"0.9201"	"1.0"	"0.3948"	"GTEx--Coexpression"	"SIX5"
"gene_set_query"	"995"	"0.6192"	"SCML4"	"SCML4"	"1"	"300"	"0.9201"	"1.0"	"0.3948"	"GTEx--Coexpression"	"SIPA1"
"gene_set_query"	"996"	"0.6198"	"ZBTB34"	"ZBTB34"	"1"	"300"	"0.9201"	"1.0"	"0.3948"	"GTEx--Coexpression"	"STX11"
"gene_set_query"	"997"	"0.6204"	"ZFPM2"	"ZFPM2"	"1"	"300"	"0.9201"	"1.0"	"0.3948"	"GTEx--Coexpression"	"RELN"
"gene_set_query"	"998"	"0.621"	"TERF2"	"TERF2"	"1"	"300"	"0.9201"	"1.0"	"0.3948"	"GTEx--Coexpression"	"MAP1A"
"gene_set_query"	"999"	"0.6217"	"CDX1"	"CDX1"	"1"	"300"	"0.9201"	"1.0"	"0.3948"	"GTEx--Coexpression"	"EPCAM"
"gene_set_query"	"1000"	"0.6223"	"ZMAT4"	"ZMAT4"	"1"	"300"	"0.9201"	"1.0"	"0.3948"	"GTEx--Coexpression"	"MAP1A"
"gene_set_query"	"1001"	"0.6229"	"ZSCAN31"	"ZSCAN31"	"1"	"300"	"0.9201"	"1.0"	"0.3948"	"GTEx--Coexpression"	"RHBDF2"
"gene_set_query"	"1002"	"0.6235"	"ZNF671"	"ZNF671"	"1"	"300"	"0.9201"	"1.0"	"0.3948"	"GTEx--Coexpression"	"CTNNA1"
"gene_set_query"	"1003"	"0.6241"	"ZHX2"	"ZHX2"	"1"	"300"	"0.9201"	"1.0"	"0.3948"	"GTEx--Coexpression"	"PHTF2"
"gene_set_query"	"1004"	"0.6248"	"ARNT"	"ARNT"	"1"	"300"	"0.9201"	"1.0"	"0.3948"	"GTEx--Coexpression"	"MAP1A"
"gene_set_query"	"1005"	"0.6254"	"BACH2"	"BACH2"	"1"	"300"	"0.9201"	"1.0"	"0.3948"	"GTEx--Coexpression"	"PHTF2"
"gene_set_query"	"1006"	"0.626"	"ZFP30"	"ZFP30"	"1"	"300"	"0.9201"	"1.0"	"0.3948"	"GTEx--Coexpression"	"RELN"
"gene_set_query"	"1007"	"0.6266"	"NOBOX"	"NOBOX"	"1"	"300"	"0.9201"	"1.0"	"0.3948"	"GTEx--Coexpression"	"CLDN11"
"gene_set_query"	"1008"	"0.6273"	"PROX1"	"PROX1"	"1"	"300"	"0.9201"	"1.0"	"0.3948"	"GTEx--Coexpression"	"GBP7"
"gene_set_query"	"1009"	"0.6279"	"HOXB5"	"HOXB5"	"1"	"300"	"0.9201"	"1.0"	"0.3948"	"GTEx--Coexpression"	"EPCAM"
"gene_set_query"	"1010"	"0.6285"	"CDC5L"	"CDC5L"	"1"	"300"	"0.9201"	"1.0"	"0.3948"	"GTEx--Coexpression"	"PHTF2"
"gene_set_query"	"1011"	"0.6291"	"NR2C2"	"NR2C2"	"1"	"300"	"0.9201"	"1.0"	"0.3948"	"GTEx--Coexpression"	"PHTF2"
"gene_set_query"	"1012"	"0.6297"	"ZNF57"	"ZNF57"	"1"	"300"	"0.9201"	"1.0"	"0.3948"	"GTEx--Coexpression"	"RAB38"
"gene_set_query"	"1013"	"0.6304"	"ZNF337"	"ZNF337"	"1"	"300"	"0.9201"	"1.0"	"0.3948"	"GTEx--Coexpression"	"RELN"
"gene_set_query"	"1014"	"0.631"	"ZNF560"	"ZNF560"	"1"	"300"	"0.9201"	"1.0"	"0.3948"	"GTEx--Coexpression"	"CDKN3"
"gene_set_query"	"1015"	"0.6316"	"ZNF491"	"ZNF491"	"1"	"300"	"0.9201"	"1.0"	"0.3948"	"GTEx--Coexpression"	"SIX5"
"gene_set_query"	"1016"	"0.6322"	"DPF1"	"DPF1"	"1"	"300"	"0.9201"	"1.0"	"0.3948"	"GTEx--Coexpression"	"MAP1A"
"gene_set_query"	"1017"	"0.6329"	"ZNF596"	"ZNF596"	"1"	"300"	"0.9201"	"1.0"	"0.3948"	"GTEx--Coexpression"	"RELN"
"gene_set_query"	"1018"	"0.6335"	"MYCL"	"MYCL"	"1"	"300"	"0.9201"	"1.0"	"0.3948"	"GTEx--Coexpression"	"RAB38"
"gene_set_query"	"1019"	"0.6341"	"FOXD4L1"	"FOXD4L1"	"1"	"300"	"0.9201"	"1.0"	"0.3948"	"GTEx--Coexpression"	"TRPM3"
"gene_set_query"	"1020"	"0.6347"	"FOXJ3"	"FOXJ3"	"1"	"300"	"0.9201"	"1.0"	"0.3948"	"GTEx--Coexpression"	"PHTF2"
"gene_set_query"	"1021"	"0.6353"	"ZNF423"	"ZNF423"	"1"	"300"	"0.9201"	"1.0"	"0.3948"	"GTEx--Coexpression"	"EGFLAM"
"gene_set_query"	"1022"	"0.636"	"ZNF25"	"ZNF25"	"1"	"300"	"0.9201"	"1.0"	"0.3948"	"GTEx--Coexpression"	"INPP5F"
"gene_set_query"	"1023"	"0.6366"	"ZFX"	"ZFX"	"1"	"300"	"0.9201"	"1.0"	"0.3948"	"GTEx--Coexpression"	"SIX5"
"gene_set_query"	"1024"	"0.6372"	"NANOGP8"	"NANOGP8"	"1"	"300"	"0.9201"	"1.0"	"0.3948"	"GTEx--Coexpression"	"STX11"
"gene_set_query"	"1025"	"0.6378"	"NEUROG2"	"NEUROG2"	"1"	"300"	"0.9201"	"1.0"	"0.3948"	"GTEx--Coexpression"	"SGO1"
"gene_set_query"	"1026"	"0.6385"	"ZNF766"	"ZNF766"	"1"	"300"	"0.9201"	"1.0"	"0.3948"	"GTEx--Coexpression"	"CDKN3"
"gene_set_query"	"1027"	"0.6391"	"TAL2"	"TAL2"	"1"	"300"	"0.9201"	"1.0"	"0.3948"	"GTEx--Coexpression"	"PHTF2"
"gene_set_query"	"1028"	"0.6397"	"MYOG"	"MYOG"	"1"	"300"	"0.9201"	"1.0"	"0.3948"	"GTEx--Coexpression"	"PHTF2"
"gene_set_query"	"1029"	"0.6403"	"SKOR2"	"SKOR2"	"1"	"300"	"0.9201"	"1.0"	"0.3948"	"GTEx--Coexpression"	"TRPM3"
"gene_set_query"	"1030"	"0.6409"	"CRX"	"CRX"	"1"	"300"	"0.9201"	"1.0"	"0.3948"	"GTEx--Coexpression"	"GBP7"
"gene_set_query"	"1031"	"0.6416"	"ZNF396"	"ZNF396"	"1"	"300"	"0.9201"	"1.0"	"0.3948"	"GTEx--Coexpression"	"TALDO1"
"gene_set_query"	"1032"	"0.6422"	"MYB"	"MYB"	"1"	"300"	"0.9201"	"1.0"	"0.3948"	"GTEx--Coexpression"	"EPCAM"
"gene_set_query"	"1033"	"0.6428"	"MLXIPL"	"MLXIPL"	"1"	"300"	"0.9201"	"1.0"	"0.3948"	"GTEx--Coexpression"	"GBP7"
"gene_set_query"	"1034"	"0.6434"	"TIGD7"	"TIGD7"	"1"	"300"	"0.9201"	"1.0"	"0.3948"	"GTEx--Coexpression"	"PHTF2"
"gene_set_query"	"1035"	"0.6441"	"ZNF284"	"ZNF284"	"1"	"300"	"0.9201"	"1.0"	"0.3948"	"GTEx--Coexpression"	"IGSF11"
"gene_set_query"	"1036"	"0.6447"	"BATF"	"BATF"	"1"	"300"	"0.9201"	"1.0"	"0.3948"	"GTEx--Coexpression"	"STX11"
"gene_set_query"	"1037"	"0.6453"	"NFIX"	"NFIX"	"1"	"300"	"0.9201"	"1.0"	"0.3948"	"GTEx--Coexpression"	"TGIF2"
"gene_set_query"	"1038"	"0.6459"	"PAX4"	"PAX4"	"1"	"300"	"0.9201"	"1.0"	"0.3948"	"GTEx--Coexpression"	"EPCAM"
"gene_set_query"	"1039"	"0.6465"	"ZNF484"	"ZNF484"	"1"	"300"	"0.9201"	"1.0"	"0.3948"	"GTEx--Coexpression"	"RELN"
"gene_set_query"	"1040"	"0.6472"	"PAX5"	"PAX5"	"1"	"300"	"0.9201"	"1.0"	"0.3948"	"GTEx--Coexpression"	"SGO1"
"gene_set_query"	"1041"	"0.6478"	"POU2AF1"	"POU2AF1"	"1"	"300"	"0.9201"	"1.0"	"0.3948"	"GTEx--Coexpression"	"SGO1"
"gene_set_query"	"1042"	"0.6484"	"ZNF230"	"ZNF230"	"1"	"300"	"0.9201"	"1.0"	"0.3948"	"GTEx--Coexpression"	"STX11"
"gene_set_query"	"1043"	"0.649"	"NR1I2"	"NR1I2"	"1"	"300"	"0.9201"	"1.0"	"0.3948"	"GTEx--Coexpression"	"GBP7"
"gene_set_query"	"1044"	"0.6497"	"SP6"	"SP6"	"1"	"300"	"0.9201"	"1.0"	"0.3948"	"GTEx--Coexpression"	"RAB38"
"gene_set_query"	"1045"	"0.6503"	"NFE2"	"NFE2"	"1"	"300"	"0.9201"	"1.0"	"0.3948"	"GTEx--Coexpression"	"TALDO1"
"gene_set_query"	"1046"	"0.6509"	"SATB2"	"SATB2"	"1"	"300"	"0.9201"	"1.0"	"0.3948"	"GTEx--Coexpression"	"EPCAM"
"gene_set_query"	"1047"	"0.6515"	"MXD3"	"MXD3"	"1"	"300"	"0.9201"	"1.0"	"0.3948"	"GTEx--Coexpression"	"TALDO1"
"gene_set_query"	"1048"	"0.6521"	"ZKSCAN1"	"ZKSCAN1"	"1"	"300"	"0.9201"	"1.0"	"0.3948"	"GTEx--Coexpression"	"GBP7"
"gene_set_query"	"1049"	"0.6528"	"ZNF706"	"ZNF706"	"1"	"300"	"0.9201"	"1.0"	"0.3948"	"GTEx--Coexpression"	"POU3F1"
"gene_set_query"	"1050"	"0.6534"	"ZNF570"	"ZNF570"	"1"	"300"	"0.9201"	"1.0"	"0.3948"	"GTEx--Coexpression"	"CDKN3"
"gene_set_query"	"1051"	"0.654"	"STAT5B"	"STAT5B"	"1"	"300"	"0.9201"	"1.0"	"0.3948"	"GTEx--Coexpression"	"STX11"
"gene_set_query"	"1052"	"0.6546"	"PURG"	"PURG"	"1"	"300"	"0.9201"	"1.0"	"0.3948"	"GTEx--Coexpression"	"TRPM3"
"gene_set_query"	"1053"	"0.6553"	"ZNF556"	"ZNF556"	"1"	"300"	"0.9201"	"1.0"	"0.3948"	"GTEx--Coexpression"	"PHTF2"
"gene_set_query"	"1054"	"0.6559"	"HOXB7"	"HOXB7"	"1"	"300"	"0.9201"	"1.0"	"0.3948"	"GTEx--Coexpression"	"EPCAM"
"gene_set_query"	"1055"	"0.6565"	"REST"	"REST"	"1"	"300"	"0.9201"	"1.0"	"0.3948"	"GTEx--Coexpression"	"INPP5F"
"gene_set_query"	"1056"	"0.6571"	"FOXG1"	"FOXG1"	"1"	"300"	"0.9201"	"1.0"	"0.3948"	"GTEx--Coexpression"	"MAP1A"
"gene_set_query"	"1057"	"0.6577"	"FOXK1"	"FOXK1"	"1"	"300"	"0.9201"	"1.0"	"0.3948"	"GTEx--Coexpression"	"TALDO1"
"gene_set_query"	"1058"	"0.6584"	"ZNF844"	"ZNF844"	"1"	"300"	"0.9201"	"1.0"	"0.3948"	"GTEx--Coexpression"	"SIX5"
"gene_set_query"	"1059"	"0.659"	"STAT4"	"STAT4"	"1"	"300"	"0.9201"	"1.0"	"0.3948"	"GTEx--Coexpression"	"SIPA1"
"gene_set_query"	"1060"	"0.6596"	"ZNF770"	"ZNF770"	"1"	"300"	"0.9201"	"1.0"	"0.3948"	"GTEx--Coexpression"	"RAB38"
"gene_set_query"	"1061"	"0.6602"	"FOXI1"	"FOXI1"	"1"	"300"	"0.9201"	"1.0"	"0.3948"	"GTEx--Coexpression"	"ERBB2"
"gene_set_query"	"1062"	"0.6609"	"MECP2"	"MECP2"	"1"	"300"	"0.9201"	"1.0"	"0.3948"	"GTEx--Coexpression"	"RREB1"
"gene_set_query"	"1063"	"0.6615"	"HOXC9"	"HOXC9"	"1"	"300"	"0.9201"	"1.0"	"0.3948"	"GTEx--Coexpression"	"PHTF2"
"gene_set_query"	"1064"	"0.6621"	"ARID3A"	"ARID3A"	"1"	"300"	"0.9201"	"1.0"	"0.3948"	"GTEx--Coexpression"	"STX11"
"gene_set_query"	"1065"	"0.6627"	"ZNF788P"	"ZNF788P"	"1"	"300"	"0.9201"	"1.0"	"0.3948"	"GTEx--Coexpression"	"RELN"
"gene_set_query"	"1066"	"0.6633"	"PURB"	"PURB"	"1"	"300"	"0.9201"	"1.0"	"0.3948"	"GTEx--Coexpression"	"RELN"
"gene_set_query"	"1067"	"0.664"	"ZNF852"	"ZNF852"	"1"	"300"	"0.9201"	"1.0"	"0.3948"	"GTEx--Coexpression"	"TGIF2"
"gene_set_query"	"1068"	"0.6646"	"ZNF281"	"ZNF281"	"1"	"300"	"0.9201"	"1.0"	"0.3948"	"GTEx--Coexpression"	"COL6A3"
"gene_set_query"	"1069"	"0.6652"	"FOXJ2"	"FOXJ2"	"1"	"300"	"0.9201"	"1.0"	"0.3948"	"GTEx--Coexpression"	"STMN1"
"gene_set_query"	"1070"	"0.6658"	"ZNF721"	"ZNF721"	"1"	"300"	"0.9201"	"1.0"	"0.3948"	"GTEx--Coexpression"	"TRPM3"
"gene_set_query"	"1071"	"0.6665"	"SIX1"	"SIX1"	"1"	"300"	"0.9201"	"1.0"	"0.3948"	"GTEx--Coexpression"	"PHTF2"
"gene_set_query"	"1072"	"0.6671"	"ASCL4"	"ASCL4"	"1"	"300"	"0.9201"	"1.0"	"0.3948"	"GTEx--Coexpression"	"KRT72"
"gene_set_query"	"1073"	"0.6677"	"CREB3"	"CREB3"	"1"	"300"	"0.9201"	"1.0"	"0.3948"	"GTEx--Coexpression"	"RREB1"
"gene_set_query"	"1074"	"0.6683"	"SP4"	"SP4"	"1"	"300"	"0.9201"	"1.0"	"0.3948"	"GTEx--Coexpression"	"PHTF2"
"gene_set_query"	"1075"	"0.6689"	"NR4A3"	"NR4A3"	"1"	"300"	"0.9201"	"1.0"	"0.3948"	"GTEx--Coexpression"	"EGFLAM"
"gene_set_query"	"1076"	"0.6696"	"RREB1"	"RREB1"	"1"	"300"	"0.9201"	"1.0"	"0.3948"	"GTEx--Coexpression"	"RAB38"
"gene_set_query"	"1077"	"0.6702"	"PCGF6"	"PCGF6"	"1"	"300"	"0.9201"	"1.0"	"0.3948"	"GTEx--Coexpression"	"PHTF2"
"gene_set_query"	"1078"	"0.6708"	"ATF1"	"ATF1"	"1"	"300"	"0.9201"	"1.0"	"0.3948"	"GTEx--Coexpression"	"PHTF2"
"gene_set_query"	"1079"	"0.6714"	"THAP6"	"THAP6"	"1"	"300"	"0.9201"	"1.0"	"0.3948"	"GTEx--Coexpression"	"MAPK3"
"gene_set_query"	"1080"	"0.6721"	"TBP"	"TBP"	"1"	"300"	"0.9201"	"1.0"	"0.3948"	"GTEx--Coexpression"	"CDKN3"
"gene_set_query"	"1081"	"0.6727"	"RFX5"	"RFX5"	"1"	"300"	"0.9201"	"1.0"	"0.3948"	"GTEx--Coexpression"	"TGIF2"
"gene_set_query"	"1082"	"0.6733"	"PAX3"	"PAX3"	"1"	"300"	"0.9201"	"1.0"	"0.3948"	"GTEx--Coexpression"	"PHTF2"
"gene_set_query"	"1083"	"0.6739"	"NFE4"	"NFE4"	"1"	"300"	"0.9201"	"1.0"	"0.3948"	"GTEx--Coexpression"	"TALDO1"
"gene_set_query"	"1084"	"0.6745"	"TTF1"	"TTF1"	"1"	"300"	"0.9201"	"1.0"	"0.3948"	"GTEx--Coexpression"	"PHTF2"
"gene_set_query"	"1085"	"0.6752"	"ZNF197"	"ZNF197"	"1"	"300"	"0.9201"	"1.0"	"0.3948"	"GTEx--Coexpression"	"PHTF2"
"gene_set_query"	"1086"	"0.6758"	"ZFP28"	"ZFP28"	"1"	"300"	"0.9201"	"1.0"	"0.3948"	"GTEx--Coexpression"	"RHBDF2"
"gene_set_query"	"1087"	"0.6764"	"IRF5"	"IRF5"	"1"	"300"	"0.9201"	"1.0"	"0.3948"	"GTEx--Coexpression"	"CD82"
"gene_set_query"	"1088"	"0.677"	"NPAS2"	"NPAS2"	"1"	"300"	"0.9201"	"1.0"	"0.3948"	"GTEx--Coexpression"	"EMP1"
"gene_set_query"	"1089"	"0.6777"	"ZNF444"	"ZNF444"	"1"	"300"	"0.9201"	"1.0"	"0.3948"	"GTEx--Coexpression"	"S100A10"
"gene_set_query"	"1090"	"0.6783"	"ZNF586"	"ZNF586"	"1"	"300"	"0.9201"	"1.0"	"0.3948"	"GTEx--Coexpression"	"STX11"
"gene_set_query"	"1091"	"0.6789"	"ELK4"	"ELK4"	"1"	"300"	"0.9201"	"1.0"	"0.3948"	"GTEx--Coexpression"	"RPL18A"
"gene_set_query"	"1092"	"0.6795"	"HOXA7"	"HOXA7"	"1"	"300"	"0.9201"	"1.0"	"0.3948"	"GTEx--Coexpression"	"PHTF2"
"gene_set_query"	"1093"	"0.6801"	"NR1D2"	"NR1D2"	"1"	"300"	"0.9201"	"1.0"	"0.3948"	"GTEx--Coexpression"	"RELN"
"gene_set_query"	"1094"	"0.6808"	"HOXB6"	"HOXB6"	"1"	"300"	"0.9201"	"1.0"	"0.3948"	"GTEx--Coexpression"	"EPCAM"
"gene_set_query"	"1095"	"0.6814"	"ISL2"	"ISL2"	"1"	"300"	"0.9201"	"1.0"	"0.3948"	"GTEx--Coexpression"	"TALDO1"
"gene_set_query"	"1096"	"0.682"	"SPIB"	"SPIB"	"1"	"300"	"0.9201"	"1.0"	"0.3948"	"GTEx--Coexpression"	"SGO1"
"gene_set_query"	"1097"	"0.6826"	"SOX15"	"SOX15"	"1"	"300"	"0.9201"	"1.0"	"0.3948"	"GTEx--Coexpression"	"RAB38"
"gene_set_query"	"1098"	"0.6833"	"ZNF461"	"ZNF461"	"1"	"300"	"0.9201"	"1.0"	"0.3948"	"GTEx--Coexpression"	"RELN"
"gene_set_query"	"1099"	"0.6839"	"FOXP3"	"FOXP3"	"1"	"300"	"0.9201"	"1.0"	"0.3948"	"GTEx--Coexpression"	"SIPA1"
"gene_set_query"	"1100"	"0.6845"	"ZNF519"	"ZNF519"	"1"	"300"	"0.9201"	"1.0"	"0.3948"	"GTEx--Coexpression"	"RELN"
"gene_set_query"	"1101"	"0.6851"	"ZSCAN26"	"ZSCAN26"	"1"	"300"	"0.9201"	"1.0"	"0.3948"	"GTEx--Coexpression"	"NPDC1"
"gene_set_query"	"1102"	"0.6857"	"CCDC17"	"CCDC17"	"1"	"300"	"0.9201"	"1.0"	"0.3948"	"GTEx--Coexpression"	"STX11"
"gene_set_query"	"1103"	"0.6864"	"ZNF440"	"ZNF440"	"1"	"300"	"0.9201"	"1.0"	"0.3948"	"GTEx--Coexpression"	"RAB38"
"gene_set_query"	"1104"	"0.687"	"MEF2B"	"MEF2B"	"1"	"300"	"0.9201"	"1.0"	"0.3948"	"GTEx--Coexpression"	"SIPA1"
"gene_set_query"	"1105"	"0.6876"	"FOXD4L3"	"FOXD4L3"	"1"	"300"	"0.9201"	"1.0"	"0.3948"	"GTEx--Coexpression"	"MAP1A"
"gene_set_query"	"1106"	"0.6882"	"ATOH7"	"ATOH7"	"1"	"300"	"0.9201"	"1.0"	"0.3948"	"GTEx--Coexpression"	"MAP1A"
"gene_set_query"	"1107"	"0.6889"	"HESX1"	"HESX1"	"1"	"300"	"0.9201"	"1.0"	"0.3948"	"GTEx--Coexpression"	"SGO1"
"gene_set_query"	"1108"	"0.6895"	"ARNT2"	"ARNT2"	"1"	"300"	"0.9201"	"1.0"	"0.3948"	"GTEx--Coexpression"	"MAP1A"
"gene_set_query"	"1109"	"0.6901"	"ZFP82"	"ZFP82"	"1"	"300"	"0.9201"	"1.0"	"0.3948"	"GTEx--Coexpression"	"RREB1"
"gene_set_query"	"1110"	"0.6907"	"PITX2"	"PITX2"	"1"	"300"	"0.9201"	"1.0"	"0.3948"	"GTEx--Coexpression"	"PHTF2"
"gene_set_query"	"1111"	"0.6914"	"RFX7"	"RFX7"	"1"	"300"	"0.9201"	"1.0"	"0.3948"	"GTEx--Coexpression"	"PHTF2"
"gene_set_query"	"1112"	"0.692"	"FOXN3"	"FOXN3"	"1"	"300"	"0.9201"	"1.0"	"0.3948"	"GTEx--Coexpression"	"PDZRN3"
"gene_set_query"	"1113"	"0.6926"	"DMRTA2"	"DMRTA2"	"1"	"300"	"0.9201"	"1.0"	"0.3948"	"GTEx--Coexpression"	"EMP1"
"gene_set_query"	"1114"	"0.6932"	"OTX1"	"OTX1"	"1"	"300"	"0.9201"	"1.0"	"0.3948"	"GTEx--Coexpression"	"CD44"
"gene_set_query"	"1115"	"0.6938"	"ZNF865"	"ZNF865"	"1"	"300"	"0.9201"	"1.0"	"0.3948"	"GTEx--Coexpression"	"PHTF2"
"gene_set_query"	"1116"	"0.6945"	"OVOL1"	"OVOL1"	"1"	"300"	"0.9201"	"1.0"	"0.3948"	"GTEx--Coexpression"	"RAB38"
"gene_set_query"	"1117"	"0.6951"	"ZNF552"	"ZNF552"	"1"	"300"	"0.9201"	"1.0"	"0.3948"	"GTEx--Coexpression"	"TALDO1"
"gene_set_query"	"1118"	"0.6957"	"SATB1"	"SATB1"	"1"	"300"	"0.9201"	"1.0"	"0.3948"	"GTEx--Coexpression"	"S100A10"
"gene_set_query"	"1119"	"0.6963"	"L3MBTL4"	"L3MBTL4"	"1"	"300"	"0.9201"	"1.0"	"0.3948"	"GTEx--Coexpression"	"RAB38"
"gene_set_query"	"1120"	"0.697"	"ZSCAN16"	"ZSCAN16"	"1"	"300"	"0.9201"	"1.0"	"0.3948"	"GTEx--Coexpression"	"TALDO1"
"gene_set_query"	"1121"	"0.6976"	"KDM5B"	"KDM5B"	"0"	"300"	"1.0"	"1.0"	"0.0"	"GTEx--Coexpression"	""
"gene_set_query"	"1122"	"0.6982"	"ZNF778"	"ZNF778"	"0"	"300"	"1.0"	"1.0"	"0.0"	"GTEx--Coexpression"	""
"gene_set_query"	"1123"	"0.6988"	"ZBTB2"	"ZBTB2"	"0"	"300"	"1.0"	"1.0"	"0.0"	"GTEx--Coexpression"	""
"gene_set_query"	"1124"	"0.6994"	"KDM2A"	"KDM2A"	"0"	"300"	"1.0"	"1.0"	"0.0"	"GTEx--Coexpression"	""
"gene_set_query"	"1125"	"0.7001"	"NCOA3"	"NCOA3"	"0"	"300"	"1.0"	"1.0"	"0.0"	"GTEx--Coexpression"	""
"gene_set_query"	"1126"	"0.7007"	"ZNF407"	"ZNF407"	"0"	"300"	"1.0"	"1.0"	"0.0"	"GTEx--Coexpression"	""
"gene_set_query"	"1127"	"0.7013"	"MBD1"	"MBD1"	"0"	"300"	"1.0"	"1.0"	"0.0"	"GTEx--Coexpression"	""
"gene_set_query"	"1128"	"0.7019"	"CEBPE"	"CEBPE"	"0"	"300"	"1.0"	"1.0"	"0.0"	"GTEx--Coexpression"	""
"gene_set_query"	"1129"	"0.7026"	"ZNF662"	"ZNF662"	"0"	"300"	"1.0"	"1.0"	"0.0"	"GTEx--Coexpression"	""
"gene_set_query"	"1130"	"0.7032"	"ANHX"	"ANHX"	"0"	"300"	"1.0"	"1.0"	"0.0"	"GTEx--Coexpression"	""
"gene_set_query"	"1131"	"0.7038"	"ZNF597"	"ZNF597"	"0"	"300"	"1.0"	"1.0"	"0.0"	"GTEx--Coexpression"	""
"gene_set_query"	"1132"	"0.7044"	"PRDM15"	"PRDM15"	"0"	"300"	"1.0"	"1.0"	"0.0"	"GTEx--Coexpression"	""
"gene_set_query"	"1133"	"0.705"	"ZNF319"	"ZNF319"	"0"	"300"	"1.0"	"1.0"	"0.0"	"GTEx--Coexpression"	""
"gene_set_query"	"1134"	"0.7057"	"MLXIP"	"MLXIP"	"0"	"300"	"1.0"	"1.0"	"0.0"	"GTEx--Coexpression"	""
"gene_set_query"	"1135"	"0.7063"	"TCF24"	"TCF24"	"0"	"300"	"1.0"	"1.0"	"0.0"	"GTEx--Coexpression"	""
"gene_set_query"	"1136"	"0.7069"	"ZNF587B"	"ZNF587B"	"0"	"300"	"1.0"	"1.0"	"0.0"	"GTEx--Coexpression"	""
"gene_set_query"	"1137"	"0.7075"	"NHLH1"	"NHLH1"	"0"	"300"	"1.0"	"1.0"	"0.0"	"GTEx--Coexpression"	""
"gene_set_query"	"1138"	"0.7082"	"ZNF543"	"ZNF543"	"0"	"300"	"1.0"	"1.0"	"0.0"	"GTEx--Coexpression"	""
"gene_set_query"	"1139"	"0.7088"	"ZNF669"	"ZNF669"	"0"	"300"	"1.0"	"1.0"	"0.0"	"GTEx--Coexpression"	""
"gene_set_query"	"1140"	"0.7094"	"PRDM2"	"PRDM2"	"0"	"300"	"1.0"	"1.0"	"0.0"	"GTEx--Coexpression"	""
"gene_set_query"	"1141"	"0.71"	"ZNF429"	"ZNF429"	"0"	"300"	"1.0"	"1.0"	"0.0"	"GTEx--Coexpression"	""
"gene_set_query"	"1142"	"0.7106"	"DDIT3"	"DDIT3"	"0"	"300"	"1.0"	"1.0"	"0.0"	"GTEx--Coexpression"	""
"gene_set_query"	"1143"	"0.7113"	"ASCL5"	"ASCL5"	"0"	"300"	"1.0"	"1.0"	"0.0"	"GTEx--Coexpression"	""
"gene_set_query"	"1144"	"0.7119"	"ASH1L"	"ASH1L"	"0"	"300"	"1.0"	"1.0"	"0.0"	"GTEx--Coexpression"	""
"gene_set_query"	"1145"	"0.7125"	"ZNF417"	"ZNF417"	"0"	"300"	"1.0"	"1.0"	"0.0"	"GTEx--Coexpression"	""
"gene_set_query"	"1146"	"0.7131"	"DNTTIP1"	"DNTTIP1"	"0"	"300"	"1.0"	"1.0"	"0.0"	"GTEx--Coexpression"	""
"gene_set_query"	"1147"	"0.7138"	"CBX2"	"CBX2"	"0"	"300"	"1.0"	"1.0"	"0.0"	"GTEx--Coexpression"	""
"gene_set_query"	"1148"	"0.7144"	"HSFX1"	"HSFX1"	"0"	"300"	"1.0"	"1.0"	"0.0"	"GTEx--Coexpression"	""
"gene_set_query"	"1149"	"0.715"	"ZNF584"	"ZNF584"	"0"	"300"	"1.0"	"1.0"	"0.0"	"GTEx--Coexpression"	""
"gene_set_query"	"1150"	"0.7156"	"ZXDA"	"ZXDA"	"0"	"300"	"1.0"	"1.0"	"0.0"	"GTEx--Coexpression"	""
"gene_set_query"	"1151"	"0.7162"	"ZNF785"	"ZNF785"	"0"	"300"	"1.0"	"1.0"	"0.0"	"GTEx--Coexpression"	""
"gene_set_query"	"1152"	"0.7169"	"ZNF568"	"ZNF568"	"0"	"300"	"1.0"	"1.0"	"0.0"	"GTEx--Coexpression"	""
"gene_set_query"	"1153"	"0.7175"	"ZNF468"	"ZNF468"	"0"	"300"	"1.0"	"1.0"	"0.0"	"GTEx--Coexpression"	""
"gene_set_query"	"1154"	"0.7181"	"ZNF510"	"ZNF510"	"0"	"300"	"1.0"	"1.0"	"0.0"	"GTEx--Coexpression"	""
"gene_set_query"	"1155"	"0.7187"	"IKZF5"	"IKZF5"	"0"	"300"	"1.0"	"1.0"	"0.0"	"GTEx--Coexpression"	""
"gene_set_query"	"1156"	"0.7194"	"ZNF790"	"ZNF790"	"0"	"300"	"1.0"	"1.0"	"0.0"	"GTEx--Coexpression"	""
"gene_set_query"	"1157"	"0.72"	"ZNF773"	"ZNF773"	"0"	"300"	"1.0"	"1.0"	"0.0"	"GTEx--Coexpression"	""
"gene_set_query"	"1158"	"0.7206"	"ZNF846"	"ZNF846"	"0"	"300"	"1.0"	"1.0"	"0.0"	"GTEx--Coexpression"	""
"gene_set_query"	"1159"	"0.7212"	"ZFP37"	"ZFP37"	"0"	"300"	"1.0"	"1.0"	"0.0"	"GTEx--Coexpression"	""
"gene_set_query"	"1160"	"0.7218"	"XBP1"	"XBP1"	"0"	"300"	"1.0"	"1.0"	"0.0"	"GTEx--Coexpression"	""
"gene_set_query"	"1161"	"0.7225"	"ZNF134"	"ZNF134"	"0"	"300"	"1.0"	"1.0"	"0.0"	"GTEx--Coexpression"	""
"gene_set_query"	"1162"	"0.7231"	"ZNF613"	"ZNF613"	"0"	"300"	"1.0"	"1.0"	"0.0"	"GTEx--Coexpression"	""
"gene_set_query"	"1163"	"0.7237"	"ZNF19"	"ZNF19"	"0"	"300"	"1.0"	"1.0"	"0.0"	"GTEx--Coexpression"	""
"gene_set_query"	"1164"	"0.7243"	"PHF21A"	"PHF21A"	"0"	"300"	"1.0"	"1.0"	"0.0"	"GTEx--Coexpression"	""
"gene_set_query"	"1165"	"0.725"	"ZNF304"	"ZNF304"	"0"	"300"	"1.0"	"1.0"	"0.0"	"GTEx--Coexpression"	""
"gene_set_query"	"1166"	"0.7256"	"ZNF432"	"ZNF432"	"0"	"300"	"1.0"	"1.0"	"0.0"	"GTEx--Coexpression"	""
"gene_set_query"	"1167"	"0.7262"	"RBAK"	"RBAK"	"0"	"300"	"1.0"	"1.0"	"0.0"	"GTEx--Coexpression"	""
"gene_set_query"	"1168"	"0.7268"	"SREBF2"	"SREBF2"	"0"	"300"	"1.0"	"1.0"	"0.0"	"GTEx--Coexpression"	""
"gene_set_query"	"1169"	"0.7274"	"ZNF678"	"ZNF678"	"0"	"300"	"1.0"	"1.0"	"0.0"	"GTEx--Coexpression"	""
"gene_set_query"	"1170"	"0.7281"	"POU6F1"	"POU6F1"	"0"	"300"	"1.0"	"1.0"	"0.0"	"GTEx--Coexpression"	""
"gene_set_query"	"1171"	"0.7287"	"ZNF223"	"ZNF223"	"0"	"300"	"1.0"	"1.0"	"0.0"	"GTEx--Coexpression"	""
"gene_set_query"	"1172"	"0.7293"	"ZNF99"	"ZNF99"	"0"	"300"	"1.0"	"1.0"	"0.0"	"GTEx--Coexpression"	""
"gene_set_query"	"1173"	"0.7299"	"RBPJL"	"RBPJL"	"0"	"300"	"1.0"	"1.0"	"0.0"	"GTEx--Coexpression"	""
"gene_set_query"	"1174"	"0.7306"	"ZNF565"	"ZNF565"	"0"	"300"	"1.0"	"1.0"	"0.0"	"GTEx--Coexpression"	""
"gene_set_query"	"1175"	"0.7312"	"ZNF620"	"ZNF620"	"0"	"300"	"1.0"	"1.0"	"0.0"	"GTEx--Coexpression"	""
"gene_set_query"	"1176"	"0.7318"	"STAT6"	"STAT6"	"0"	"300"	"1.0"	"1.0"	"0.0"	"GTEx--Coexpression"	""
"gene_set_query"	"1177"	"0.7324"	"ZNF324B"	"ZNF324B"	"0"	"300"	"1.0"	"1.0"	"0.0"	"GTEx--Coexpression"	""
"gene_set_query"	"1178"	"0.733"	"ZNF398"	"ZNF398"	"0"	"300"	"1.0"	"1.0"	"0.0"	"GTEx--Coexpression"	""
"gene_set_query"	"1179"	"0.7337"	"HMG20B"	"HMG20B"	"0"	"300"	"1.0"	"1.0"	"0.0"	"GTEx--Coexpression"	""
"gene_set_query"	"1180"	"0.7343"	"ZNF764"	"ZNF764"	"0"	"300"	"1.0"	"1.0"	"0.0"	"GTEx--Coexpression"	""
"gene_set_query"	"1181"	"0.7349"	"SNAI3"	"SNAI3"	"0"	"300"	"1.0"	"1.0"	"0.0"	"GTEx--Coexpression"	""
"gene_set_query"	"1182"	"0.7355"	"KLF11"	"KLF11"	"0"	"300"	"1.0"	"1.0"	"0.0"	"GTEx--Coexpression"	""
"gene_set_query"	"1183"	"0.7362"	"ZNF33B"	"ZNF33B"	"0"	"300"	"1.0"	"1.0"	"0.0"	"GTEx--Coexpression"	""
"gene_set_query"	"1184"	"0.7368"	"ESRRB"	"ESRRB"	"0"	"300"	"1.0"	"1.0"	"0.0"	"GTEx--Coexpression"	""
"gene_set_query"	"1185"	"0.7374"	"ZNF26"	"ZNF26"	"0"	"300"	"1.0"	"1.0"	"0.0"	"GTEx--Coexpression"	""
"gene_set_query"	"1186"	"0.738"	"CAMTA2"	"CAMTA2"	"0"	"300"	"1.0"	"1.0"	"0.0"	"GTEx--Coexpression"	""
"gene_set_query"	"1187"	"0.7386"	"GFI1B"	"GFI1B"	"0"	"300"	"1.0"	"1.0"	"0.0"	"GTEx--Coexpression"	""
"gene_set_query"	"1188"	"0.7393"	"ZNF438"	"ZNF438"	"0"	"300"	"1.0"	"1.0"	"0.0"	"GTEx--Coexpression"	""
"gene_set_query"	"1189"	"0.7399"	"ZNF777"	"ZNF777"	"0"	"300"	"1.0"	"1.0"	"0.0"	"GTEx--Coexpression"	""
"gene_set_query"	"1190"	"0.7405"	"ZNF235"	"ZNF235"	"0"	"300"	"1.0"	"1.0"	"0.0"	"GTEx--Coexpression"	""
"gene_set_query"	"1191"	"0.7411"	"ZNF541"	"ZNF541"	"0"	"300"	"1.0"	"1.0"	"0.0"	"GTEx--Coexpression"	""
"gene_set_query"	"1192"	"0.7418"	"HSF1"	"HSF1"	"0"	"300"	"1.0"	"1.0"	"0.0"	"GTEx--Coexpression"	""
"gene_set_query"	"1193"	"0.7424"	"ZNF385C"	"ZNF385C"	"0"	"300"	"1.0"	"1.0"	"0.0"	"GTEx--Coexpression"	""
"gene_set_query"	"1194"	"0.743"	"ZNF256"	"ZNF256"	"0"	"300"	"1.0"	"1.0"	"0.0"	"GTEx--Coexpression"	""
"gene_set_query"	"1195"	"0.7436"	"ZNF7"	"ZNF7"	"0"	"300"	"1.0"	"1.0"	"0.0"	"GTEx--Coexpression"	""
"gene_set_query"	"1196"	"0.7442"	"SNAPC4"	"SNAPC4"	"0"	"300"	"1.0"	"1.0"	"0.0"	"GTEx--Coexpression"	""
"gene_set_query"	"1197"	"0.7449"	"CSRNP2"	"CSRNP2"	"0"	"300"	"1.0"	"1.0"	"0.0"	"GTEx--Coexpression"	""
"gene_set_query"	"1198"	"0.7455"	"CREB3L3"	"CREB3L3"	"0"	"300"	"1.0"	"1.0"	"0.0"	"GTEx--Coexpression"	""
"gene_set_query"	"1199"	"0.7461"	"CASZ1"	"CASZ1"	"0"	"300"	"1.0"	"1.0"	"0.0"	"GTEx--Coexpression"	""
"gene_set_query"	"1200"	"0.7467"	"THAP7"	"THAP7"	"0"	"300"	"1.0"	"1.0"	"0.0"	"GTEx--Coexpression"	""
"gene_set_query"	"1201"	"0.7474"	"BHLHA15"	"BHLHA15"	"0"	"300"	"1.0"	"1.0"	"0.0"	"GTEx--Coexpression"	""
"gene_set_query"	"1202"	"0.748"	"PAX2"	"PAX2"	"0"	"300"	"1.0"	"1.0"	"0.0"	"GTEx--Coexpression"	""
"gene_set_query"	"1203"	"0.7486"	"ZIM3"	"ZIM3"	"0"	"300"	"1.0"	"1.0"	"0.0"	"GTEx--Coexpression"	""
"gene_set_query"	"1204"	"0.7492"	"ZNF787"	"ZNF787"	"0"	"300"	"1.0"	"1.0"	"0.0"	"GTEx--Coexpression"	""
"gene_set_query"	"1205"	"0.7498"	"PURA"	"PURA"	"0"	"300"	"1.0"	"1.0"	"0.0"	"GTEx--Coexpression"	""
"gene_set_query"	"1206"	"0.7505"	"CREBZF"	"CREBZF"	"0"	"300"	"1.0"	"1.0"	"0.0"	"GTEx--Coexpression"	""
"gene_set_query"	"1207"	"0.7511"	"LYL1"	"LYL1"	"0"	"300"	"1.0"	"1.0"	"0.0"	"GTEx--Coexpression"	""
"gene_set_query"	"1208"	"0.7517"	"ZNF420"	"ZNF420"	"0"	"300"	"1.0"	"1.0"	"0.0"	"GTEx--Coexpression"	""
"gene_set_query"	"1209"	"0.7523"	"MNX1"	"MNX1"	"0"	"300"	"1.0"	"1.0"	"0.0"	"GTEx--Coexpression"	""
"gene_set_query"	"1210"	"0.753"	"FOXJ1"	"FOXJ1"	"0"	"300"	"1.0"	"1.0"	"0.0"	"GTEx--Coexpression"	""
"gene_set_query"	"1211"	"0.7536"	"ZNF266"	"ZNF266"	"0"	"300"	"1.0"	"1.0"	"0.0"	"GTEx--Coexpression"	""
"gene_set_query"	"1212"	"0.7542"	"ZBTB11"	"ZBTB11"	"0"	"300"	"1.0"	"1.0"	"0.0"	"GTEx--Coexpression"	""
"gene_set_query"	"1213"	"0.7548"	"ZNF585A"	"ZNF585A"	"0"	"300"	"1.0"	"1.0"	"0.0"	"GTEx--Coexpression"	""
"gene_set_query"	"1214"	"0.7554"	"ELF1"	"ELF1"	"0"	"300"	"1.0"	"1.0"	"0.0"	"GTEx--Coexpression"	""
"gene_set_query"	"1215"	"0.7561"	"ZNF483"	"ZNF483"	"0"	"300"	"1.0"	"1.0"	"0.0"	"GTEx--Coexpression"	""
"gene_set_query"	"1216"	"0.7567"	"ZNF16"	"ZNF16"	"0"	"300"	"1.0"	"1.0"	"0.0"	"GTEx--Coexpression"	""
"gene_set_query"	"1217"	"0.7573"	"NR5A2"	"NR5A2"	"0"	"300"	"1.0"	"1.0"	"0.0"	"GTEx--Coexpression"	""
"gene_set_query"	"1218"	"0.7579"	"ZSCAN5B"	"ZSCAN5B"	"0"	"300"	"1.0"	"1.0"	"0.0"	"GTEx--Coexpression"	""
"gene_set_query"	"1219"	"0.7586"	"RFX4"	"RFX4"	"0"	"300"	"1.0"	"1.0"	"0.0"	"GTEx--Coexpression"	""
"gene_set_query"	"1220"	"0.7592"	"TEF"	"TEF"	"0"	"300"	"1.0"	"1.0"	"0.0"	"GTEx--Coexpression"	""
"gene_set_query"	"1221"	"0.7598"	"ZNF213"	"ZNF213"	"0"	"300"	"1.0"	"1.0"	"0.0"	"GTEx--Coexpression"	""
"gene_set_query"	"1222"	"0.7604"	"ZNF341"	"ZNF341"	"0"	"300"	"1.0"	"1.0"	"0.0"	"GTEx--Coexpression"	""
"gene_set_query"	"1223"	"0.761"	"ZNF354A"	"ZNF354A"	"0"	"300"	"1.0"	"1.0"	"0.0"	"GTEx--Coexpression"	""
"gene_set_query"	"1224"	"0.7617"	"ZNF674"	"ZNF674"	"0"	"300"	"1.0"	"1.0"	"0.0"	"GTEx--Coexpression"	""
"gene_set_query"	"1225"	"0.7623"	"PDX1"	"PDX1"	"0"	"300"	"1.0"	"1.0"	"0.0"	"GTEx--Coexpression"	""
"gene_set_query"	"1226"	"0.7629"	"ZNF646"	"ZNF646"	"0"	"300"	"1.0"	"1.0"	"0.0"	"GTEx--Coexpression"	""
"gene_set_query"	"1227"	"0.7635"	"MYSM1"	"MYSM1"	"0"	"300"	"1.0"	"1.0"	"0.0"	"GTEx--Coexpression"	""
"gene_set_query"	"1228"	"0.7642"	"ZNF224"	"ZNF224"	"0"	"300"	"1.0"	"1.0"	"0.0"	"GTEx--Coexpression"	""
"gene_set_query"	"1229"	"0.7648"	"GATA1"	"GATA1"	"0"	"300"	"1.0"	"1.0"	"0.0"	"GTEx--Coexpression"	""
"gene_set_query"	"1230"	"0.7654"	"FOXA3"	"FOXA3"	"0"	"300"	"1.0"	"1.0"	"0.0"	"GTEx--Coexpression"	""
"gene_set_query"	"1231"	"0.766"	"CENPX"	"CENPX"	"0"	"300"	"1.0"	"1.0"	"0.0"	"GTEx--Coexpression"	""
"gene_set_query"	"1232"	"0.7666"	"ZNF45"	"ZNF45"	"0"	"300"	"1.0"	"1.0"	"0.0"	"GTEx--Coexpression"	""
"gene_set_query"	"1233"	"0.7673"	"ZNF653"	"ZNF653"	"0"	"300"	"1.0"	"1.0"	"0.0"	"GTEx--Coexpression"	""
"gene_set_query"	"1234"	"0.7679"	"MXD1"	"MXD1"	"0"	"300"	"1.0"	"1.0"	"0.0"	"GTEx--Coexpression"	""
"gene_set_query"	"1235"	"0.7685"	"FOXR1"	"FOXR1"	"0"	"300"	"1.0"	"1.0"	"0.0"	"GTEx--Coexpression"	""
"gene_set_query"	"1236"	"0.7691"	"ZNF37A"	"ZNF37A"	"0"	"300"	"1.0"	"1.0"	"0.0"	"GTEx--Coexpression"	""
"gene_set_query"	"1237"	"0.7698"	"DBP"	"DBP"	"0"	"300"	"1.0"	"1.0"	"0.0"	"GTEx--Coexpression"	""
"gene_set_query"	"1238"	"0.7704"	"CEBPG"	"CEBPG"	"0"	"300"	"1.0"	"1.0"	"0.0"	"GTEx--Coexpression"	""
"gene_set_query"	"1239"	"0.771"	"ZNF131"	"ZNF131"	"0"	"300"	"1.0"	"1.0"	"0.0"	"GTEx--Coexpression"	""
"gene_set_query"	"1240"	"0.7716"	"ZNF471"	"ZNF471"	"0"	"300"	"1.0"	"1.0"	"0.0"	"GTEx--Coexpression"	""
"gene_set_query"	"1241"	"0.7722"	"CIC"	"CIC"	"0"	"300"	"1.0"	"1.0"	"0.0"	"GTEx--Coexpression"	""
"gene_set_query"	"1242"	"0.7729"	"ZNF511"	"ZNF511"	"0"	"300"	"1.0"	"1.0"	"0.0"	"GTEx--Coexpression"	""
"gene_set_query"	"1243"	"0.7735"	"LHX4"	"LHX4"	"0"	"300"	"1.0"	"1.0"	"0.0"	"GTEx--Coexpression"	""
"gene_set_query"	"1244"	"0.7741"	"ZNF619"	"ZNF619"	"0"	"300"	"1.0"	"1.0"	"0.0"	"GTEx--Coexpression"	""
"gene_set_query"	"1245"	"0.7747"	"ZNF329"	"ZNF329"	"0"	"300"	"1.0"	"1.0"	"0.0"	"GTEx--Coexpression"	""
"gene_set_query"	"1246"	"0.7754"	"RXRG"	"RXRG"	"0"	"300"	"1.0"	"1.0"	"0.0"	"GTEx--Coexpression"	""
"gene_set_query"	"1247"	"0.776"	"ZNF425"	"ZNF425"	"0"	"300"	"1.0"	"1.0"	"0.0"	"GTEx--Coexpression"	""
"gene_set_query"	"1248"	"0.7766"	"ZNF805"	"ZNF805"	"0"	"300"	"1.0"	"1.0"	"0.0"	"GTEx--Coexpression"	""
"gene_set_query"	"1249"	"0.7772"	"NR2C1"	"NR2C1"	"0"	"300"	"1.0"	"1.0"	"0.0"	"GTEx--Coexpression"	""
"gene_set_query"	"1250"	"0.7778"	"ZNF735"	"ZNF735"	"0"	"300"	"1.0"	"1.0"	"0.0"	"GTEx--Coexpression"	""
"gene_set_query"	"1251"	"0.7785"	"ZNF98"	"ZNF98"	"0"	"300"	"1.0"	"1.0"	"0.0"	"GTEx--Coexpression"	""
"gene_set_query"	"1252"	"0.7791"	"ZNF77"	"ZNF77"	"0"	"300"	"1.0"	"1.0"	"0.0"	"GTEx--Coexpression"	""
"gene_set_query"	"1253"	"0.7797"	"ZFPM1"	"ZFPM1"	"0"	"300"	"1.0"	"1.0"	"0.0"	"GTEx--Coexpression"	""
"gene_set_query"	"1254"	"0.7803"	"ZNF169"	"ZNF169"	"0"	"300"	"1.0"	"1.0"	"0.0"	"GTEx--Coexpression"	""
"gene_set_query"	"1255"	"0.781"	"ZNF350"	"ZNF350"	"0"	"300"	"1.0"	"1.0"	"0.0"	"GTEx--Coexpression"	""
"gene_set_query"	"1256"	"0.7816"	"ONECUT3"	"ONECUT3"	"0"	"300"	"1.0"	"1.0"	"0.0"	"GTEx--Coexpression"	""
"gene_set_query"	"1257"	"0.7822"	"PTF1A"	"PTF1A"	"0"	"300"	"1.0"	"1.0"	"0.0"	"GTEx--Coexpression"	""
"gene_set_query"	"1258"	"0.7828"	"ZNF547"	"ZNF547"	"0"	"300"	"1.0"	"1.0"	"0.0"	"GTEx--Coexpression"	""
"gene_set_query"	"1259"	"0.7834"	"EN1"	"EN1"	"0"	"300"	"1.0"	"1.0"	"0.0"	"GTEx--Coexpression"	""
"gene_set_query"	"1260"	"0.7841"	"NR2F6"	"NR2F6"	"0"	"300"	"1.0"	"1.0"	"0.0"	"GTEx--Coexpression"	""
"gene_set_query"	"1261"	"0.7847"	"ONECUT1"	"ONECUT1"	"0"	"300"	"1.0"	"1.0"	"0.0"	"GTEx--Coexpression"	""
"gene_set_query"	"1262"	"0.7853"	"ZNF703"	"ZNF703"	"0"	"300"	"1.0"	"1.0"	"0.0"	"GTEx--Coexpression"	""
"gene_set_query"	"1263"	"0.7859"	"ZBTB39"	"ZBTB39"	"0"	"300"	"1.0"	"1.0"	"0.0"	"GTEx--Coexpression"	""
"gene_set_query"	"1264"	"0.7866"	"ZNF589"	"ZNF589"	"0"	"300"	"1.0"	"1.0"	"0.0"	"GTEx--Coexpression"	""
"gene_set_query"	"1265"	"0.7872"	"ZNF181"	"ZNF181"	"0"	"300"	"1.0"	"1.0"	"0.0"	"GTEx--Coexpression"	""
"gene_set_query"	"1266"	"0.7878"	"ZNF155"	"ZNF155"	"0"	"300"	"1.0"	"1.0"	"0.0"	"GTEx--Coexpression"	""
"gene_set_query"	"1267"	"0.7884"	"RLF"	"RLF"	"0"	"300"	"1.0"	"1.0"	"0.0"	"GTEx--Coexpression"	""
"gene_set_query"	"1268"	"0.789"	"ZFP14"	"ZFP14"	"0"	"300"	"1.0"	"1.0"	"0.0"	"GTEx--Coexpression"	""
"gene_set_query"	"1269"	"0.7897"	"TERB1"	"TERB1"	"0"	"300"	"1.0"	"1.0"	"0.0"	"GTEx--Coexpression"	""
"gene_set_query"	"1270"	"0.7903"	"ZSCAN18"	"ZSCAN18"	"0"	"300"	"1.0"	"1.0"	"0.0"	"GTEx--Coexpression"	""
"gene_set_query"	"1271"	"0.7909"	"THAP1"	"THAP1"	"0"	"300"	"1.0"	"1.0"	"0.0"	"GTEx--Coexpression"	""
"gene_set_query"	"1272"	"0.7915"	"ZSCAN29"	"ZSCAN29"	"0"	"300"	"1.0"	"1.0"	"0.0"	"GTEx--Coexpression"	""
"gene_set_query"	"1273"	"0.7922"	"KLF1"	"KLF1"	"0"	"300"	"1.0"	"1.0"	"0.0"	"GTEx--Coexpression"	""
"gene_set_query"	"1274"	"0.7928"	"ZNF333"	"ZNF333"	"0"	"300"	"1.0"	"1.0"	"0.0"	"GTEx--Coexpression"	""
"gene_set_query"	"1275"	"0.7934"	"ZNF527"	"ZNF527"	"0"	"300"	"1.0"	"1.0"	"0.0"	"GTEx--Coexpression"	""
"gene_set_query"	"1276"	"0.794"	"ZNF222"	"ZNF222"	"0"	"300"	"1.0"	"1.0"	"0.0"	"GTEx--Coexpression"	""
"gene_set_query"	"1277"	"0.7946"	"ZBED5"	"ZBED5"	"0"	"300"	"1.0"	"1.0"	"0.0"	"GTEx--Coexpression"	""
"gene_set_query"	"1278"	"0.7953"	"ZNF35"	"ZNF35"	"0"	"300"	"1.0"	"1.0"	"0.0"	"GTEx--Coexpression"	""
"gene_set_query"	"1279"	"0.7959"	"ZNF141"	"ZNF141"	"0"	"300"	"1.0"	"1.0"	"0.0"	"GTEx--Coexpression"	""
"gene_set_query"	"1280"	"0.7965"	"ZNF891"	"ZNF891"	"0"	"300"	"1.0"	"1.0"	"0.0"	"GTEx--Coexpression"	""
"gene_set_query"	"1281"	"0.7971"	"ZNF81"	"ZNF81"	"0"	"300"	"1.0"	"1.0"	"0.0"	"GTEx--Coexpression"	""
"gene_set_query"	"1282"	"0.7978"	"SGSM2"	"SGSM2"	"0"	"300"	"1.0"	"1.0"	"0.0"	"GTEx--Coexpression"	""
"gene_set_query"	"1283"	"0.7984"	"ZNF845"	"ZNF845"	"0"	"300"	"1.0"	"1.0"	"0.0"	"GTEx--Coexpression"	""
"gene_set_query"	"1284"	"0.799"	"ZNF791"	"ZNF791"	"0"	"300"	"1.0"	"1.0"	"0.0"	"GTEx--Coexpression"	""
"gene_set_query"	"1285"	"0.7996"	"ZNF879"	"ZNF879"	"0"	"300"	"1.0"	"1.0"	"0.0"	"GTEx--Coexpression"	""
"gene_set_query"	"1286"	"0.8002"	"ZNF765"	"ZNF765"	"0"	"300"	"1.0"	"1.0"	"0.0"	"GTEx--Coexpression"	""
"gene_set_query"	"1287"	"0.8009"	"ZNF821"	"ZNF821"	"0"	"300"	"1.0"	"1.0"	"0.0"	"GTEx--Coexpression"	""
"gene_set_query"	"1288"	"0.8015"	"ZNF688"	"ZNF688"	"0"	"300"	"1.0"	"1.0"	"0.0"	"GTEx--Coexpression"	""
"gene_set_query"	"1289"	"0.8021"	"ZNF143"	"ZNF143"	"0"	"300"	"1.0"	"1.0"	"0.0"	"GTEx--Coexpression"	""
"gene_set_query"	"1290"	"0.8027"	"DMRTC2"	"DMRTC2"	"0"	"300"	"1.0"	"1.0"	"0.0"	"GTEx--Coexpression"	""
"gene_set_query"	"1291"	"0.8034"	"SMAD1"	"SMAD1"	"0"	"300"	"1.0"	"1.0"	"0.0"	"GTEx--Coexpression"	""
"gene_set_query"	"1292"	"0.804"	"ZNF441"	"ZNF441"	"0"	"300"	"1.0"	"1.0"	"0.0"	"GTEx--Coexpression"	""
"gene_set_query"	"1293"	"0.8046"	"ZNF490"	"ZNF490"	"0"	"300"	"1.0"	"1.0"	"0.0"	"GTEx--Coexpression"	""
"gene_set_query"	"1294"	"0.8052"	"MYNN"	"MYNN"	"0"	"300"	"1.0"	"1.0"	"0.0"	"GTEx--Coexpression"	""
"gene_set_query"	"1295"	"0.8058"	"GTF3A"	"GTF3A"	"0"	"300"	"1.0"	"1.0"	"0.0"	"GTEx--Coexpression"	""
"gene_set_query"	"1296"	"0.8065"	"ZNF615"	"ZNF615"	"0"	"300"	"1.0"	"1.0"	"0.0"	"GTEx--Coexpression"	""
"gene_set_query"	"1297"	"0.8071"	"CTCF"	"CTCF"	"0"	"300"	"1.0"	"1.0"	"0.0"	"GTEx--Coexpression"	""
"gene_set_query"	"1298"	"0.8077"	"ZNF772"	"ZNF772"	"0"	"300"	"1.0"	"1.0"	"0.0"	"GTEx--Coexpression"	""
"gene_set_query"	"1299"	"0.8083"	"ESRRA"	"ESRRA"	"0"	"300"	"1.0"	"1.0"	"0.0"	"GTEx--Coexpression"	""
"gene_set_query"	"1300"	"0.809"	"HOXA9"	"HOXA9"	"0"	"300"	"1.0"	"1.0"	"0.0"	"GTEx--Coexpression"	""
"gene_set_query"	"1301"	"0.8096"	"PREB"	"PREB"	"0"	"300"	"1.0"	"1.0"	"0.0"	"GTEx--Coexpression"	""
"gene_set_query"	"1302"	"0.8102"	"ZNF783"	"ZNF783"	"0"	"300"	"1.0"	"1.0"	"0.0"	"GTEx--Coexpression"	""
"gene_set_query"	"1303"	"0.8108"	"ZNF776"	"ZNF776"	"0"	"300"	"1.0"	"1.0"	"0.0"	"GTEx--Coexpression"	""
"gene_set_query"	"1304"	"0.8114"	"POU4F2"	"POU4F2"	"0"	"300"	"1.0"	"1.0"	"0.0"	"GTEx--Coexpression"	""
"gene_set_query"	"1305"	"0.8121"	"ZNF180"	"ZNF180"	"0"	"300"	"1.0"	"1.0"	"0.0"	"GTEx--Coexpression"	""
"gene_set_query"	"1306"	"0.8127"	"DOT1L"	"DOT1L"	"0"	"300"	"1.0"	"1.0"	"0.0"	"GTEx--Coexpression"	""
"gene_set_query"	"1307"	"0.8133"	"TGIF2"	"TGIF2"	"0"	"300"	"1.0"	"1.0"	"0.0"	"GTEx--Coexpression"	""
"gene_set_query"	"1308"	"0.8139"	"KLF10"	"KLF10"	"0"	"300"	"1.0"	"1.0"	"0.0"	"GTEx--Coexpression"	""
"gene_set_query"	"1309"	"0.8146"	"ZNF608"	"ZNF608"	"0"	"300"	"1.0"	"1.0"	"0.0"	"GTEx--Coexpression"	""
"gene_set_query"	"1310"	"0.8152"	"HES7"	"HES7"	"0"	"300"	"1.0"	"1.0"	"0.0"	"GTEx--Coexpression"	""
"gene_set_query"	"1311"	"0.8158"	"HELT"	"HELT"	"0"	"300"	"1.0"	"1.0"	"0.0"	"GTEx--Coexpression"	""
"gene_set_query"	"1312"	"0.8164"	"RORC"	"RORC"	"0"	"300"	"1.0"	"1.0"	"0.0"	"GTEx--Coexpression"	""
"gene_set_query"	"1313"	"0.8171"	"ZNF480"	"ZNF480"	"0"	"300"	"1.0"	"1.0"	"0.0"	"GTEx--Coexpression"	""
"gene_set_query"	"1314"	"0.8177"	"ZNF574"	"ZNF574"	"0"	"300"	"1.0"	"1.0"	"0.0"	"GTEx--Coexpression"	""
"gene_set_query"	"1315"	"0.8183"	"ZNF174"	"ZNF174"	"0"	"300"	"1.0"	"1.0"	"0.0"	"GTEx--Coexpression"	""
"gene_set_query"	"1316"	"0.8189"	"ZBED9"	"ZBED9"	"0"	"300"	"1.0"	"1.0"	"0.0"	"GTEx--Coexpression"	""
"gene_set_query"	"1317"	"0.8195"	"NFYC"	"NFYC"	"0"	"300"	"1.0"	"1.0"	"0.0"	"GTEx--Coexpression"	""
"gene_set_query"	"1318"	"0.8202"	"HIVEP2"	"HIVEP2"	"0"	"300"	"1.0"	"1.0"	"0.0"	"GTEx--Coexpression"	""
"gene_set_query"	"1319"	"0.8208"	"PKNOX1"	"PKNOX1"	"0"	"300"	"1.0"	"1.0"	"0.0"	"GTEx--Coexpression"	""
"gene_set_query"	"1320"	"0.8214"	"ZSCAN10"	"ZSCAN10"	"0"	"300"	"1.0"	"1.0"	"0.0"	"GTEx--Coexpression"	""
"gene_set_query"	"1321"	"0.822"	"ZGLP1"	"ZGLP1"	"0"	"300"	"1.0"	"1.0"	"0.0"	"GTEx--Coexpression"	""
"gene_set_query"	"1322"	"0.8227"	"OVOL3"	"OVOL3"	"0"	"300"	"1.0"	"1.0"	"0.0"	"GTEx--Coexpression"	""
"gene_set_query"	"1323"	"0.8233"	"ZNF234"	"ZNF234"	"0"	"300"	"1.0"	"1.0"	"0.0"	"GTEx--Coexpression"	""
"gene_set_query"	"1324"	"0.8239"	"GMEB1"	"GMEB1"	"0"	"300"	"1.0"	"1.0"	"0.0"	"GTEx--Coexpression"	""
"gene_set_query"	"1325"	"0.8245"	"HBP1"	"HBP1"	"0"	"300"	"1.0"	"1.0"	"0.0"	"GTEx--Coexpression"	""
"gene_set_query"	"1326"	"0.8251"	"HIC2"	"HIC2"	"0"	"300"	"1.0"	"1.0"	"0.0"	"GTEx--Coexpression"	""
"gene_set_query"	"1327"	"0.8258"	"MTERF3"	"MTERF3"	"0"	"300"	"1.0"	"1.0"	"0.0"	"GTEx--Coexpression"	""
"gene_set_query"	"1328"	"0.8264"	"ZNF530"	"ZNF530"	"0"	"300"	"1.0"	"1.0"	"0.0"	"GTEx--Coexpression"	""
"gene_set_query"	"1329"	"0.827"	"ZNF132"	"ZNF132"	"0"	"300"	"1.0"	"1.0"	"0.0"	"GTEx--Coexpression"	""
"gene_set_query"	"1330"	"0.8276"	"ZNF18"	"ZNF18"	"0"	"300"	"1.0"	"1.0"	"0.0"	"GTEx--Coexpression"	""
"gene_set_query"	"1331"	"0.8283"	"ZNF717"	"ZNF717"	"0"	"300"	"1.0"	"1.0"	"0.0"	"GTEx--Coexpression"	""
"gene_set_query"	"1332"	"0.8289"	"KIN"	"KIN"	"0"	"300"	"1.0"	"1.0"	"0.0"	"GTEx--Coexpression"	""
"gene_set_query"	"1333"	"0.8295"	"DMRTB1"	"DMRTB1"	"0"	"300"	"1.0"	"1.0"	"0.0"	"GTEx--Coexpression"	""
"gene_set_query"	"1334"	"0.8301"	"NRF1"	"NRF1"	"0"	"300"	"1.0"	"1.0"	"0.0"	"GTEx--Coexpression"	""
"gene_set_query"	"1335"	"0.8307"	"ZNF611"	"ZNF611"	"0"	"300"	"1.0"	"1.0"	"0.0"	"GTEx--Coexpression"	""
"gene_set_query"	"1336"	"0.8314"	"ZBTB49"	"ZBTB49"	"0"	"300"	"1.0"	"1.0"	"0.0"	"GTEx--Coexpression"	""
"gene_set_query"	"1337"	"0.832"	"ZNF443"	"ZNF443"	"0"	"300"	"1.0"	"1.0"	"0.0"	"GTEx--Coexpression"	""
"gene_set_query"	"1338"	"0.8326"	"ETV5"	"ETV5"	"0"	"300"	"1.0"	"1.0"	"0.0"	"GTEx--Coexpression"	""
"gene_set_query"	"1339"	"0.8332"	"THAP12"	"THAP12"	"0"	"300"	"1.0"	"1.0"	"0.0"	"GTEx--Coexpression"	""
"gene_set_query"	"1340"	"0.8339"	"ZNF232"	"ZNF232"	"0"	"300"	"1.0"	"1.0"	"0.0"	"GTEx--Coexpression"	""
"gene_set_query"	"1341"	"0.8345"	"ZNF746"	"ZNF746"	"0"	"300"	"1.0"	"1.0"	"0.0"	"GTEx--Coexpression"	""
"gene_set_query"	"1342"	"0.8351"	"ZNF23"	"ZNF23"	"0"	"300"	"1.0"	"1.0"	"0.0"	"GTEx--Coexpression"	""
"gene_set_query"	"1343"	"0.8357"	"ZNF253"	"ZNF253"	"0"	"300"	"1.0"	"1.0"	"0.0"	"GTEx--Coexpression"	""
"gene_set_query"	"1344"	"0.8363"	"CEBPZ"	"CEBPZ"	"0"	"300"	"1.0"	"1.0"	"0.0"	"GTEx--Coexpression"	""
"gene_set_query"	"1345"	"0.837"	"ZNF142"	"ZNF142"	"0"	"300"	"1.0"	"1.0"	"0.0"	"GTEx--Coexpression"	""
"gene_set_query"	"1346"	"0.8376"	"TPRX1"	"TPRX1"	"0"	"300"	"1.0"	"1.0"	"0.0"	"GTEx--Coexpression"	""
"gene_set_query"	"1347"	"0.8382"	"AHCTF1"	"AHCTF1"	"0"	"299"	"1.0"	"1.0"	"0.0"	"GTEx--Coexpression"	""
"gene_set_query"	"1348"	"0.8388"	"ZNF577"	"ZNF577"	"0"	"299"	"1.0"	"1.0"	"0.0"	"GTEx--Coexpression"	""
"gene_set_query"	"1349"	"0.8395"	"LIN28B"	"LIN28B"	"0"	"299"	"1.0"	"1.0"	"0.0"	"GTEx--Coexpression"	""
"gene_set_query"	"1350"	"0.8401"	"DMRT1"	"DMRT1"	"0"	"299"	"1.0"	"1.0"	"0.0"	"GTEx--Coexpression"	""
"gene_set_query"	"1351"	"0.8407"	"GTF2IRD1"	"GTF2IRD1"	"0"	"299"	"1.0"	"1.0"	"0.0"	"GTEx--Coexpression"	""
"gene_set_query"	"1352"	"0.8413"	"THAP2"	"THAP2"	"0"	"299"	"1.0"	"1.0"	"0.0"	"GTEx--Coexpression"	""
"gene_set_query"	"1353"	"0.8419"	"TIGD3"	"TIGD3"	"0"	"299"	"1.0"	"1.0"	"0.0"	"GTEx--Coexpression"	""
"gene_set_query"	"1354"	"0.8426"	"ZXDB"	"ZXDB"	"0"	"299"	"1.0"	"1.0"	"0.0"	"GTEx--Coexpression"	""
"gene_set_query"	"1355"	"0.8432"	"BAZ2B"	"BAZ2B"	"0"	"299"	"1.0"	"1.0"	"0.0"	"GTEx--Coexpression"	""
"gene_set_query"	"1356"	"0.8438"	"ZNF526"	"ZNF526"	"0"	"299"	"1.0"	"1.0"	"0.0"	"GTEx--Coexpression"	""
"gene_set_query"	"1357"	"0.8444"	"ZNF696"	"ZNF696"	"0"	"299"	"1.0"	"1.0"	"0.0"	"GTEx--Coexpression"	""
"gene_set_query"	"1358"	"0.8451"	"ZNF654"	"ZNF654"	"0"	"299"	"1.0"	"1.0"	"0.0"	"GTEx--Coexpression"	""
"gene_set_query"	"1359"	"0.8457"	"ZNF628"	"ZNF628"	"0"	"299"	"1.0"	"1.0"	"0.0"	"GTEx--Coexpression"	""
"gene_set_query"	"1360"	"0.8463"	"ZNF236"	"ZNF236"	"0"	"299"	"1.0"	"1.0"	"0.0"	"GTEx--Coexpression"	""
"gene_set_query"	"1361"	"0.8469"	"ZNF709"	"ZNF709"	"0"	"299"	"1.0"	"1.0"	"0.0"	"GTEx--Coexpression"	""
"gene_set_query"	"1362"	"0.8475"	"FOXK2"	"FOXK2"	"0"	"299"	"1.0"	"1.0"	"0.0"	"GTEx--Coexpression"	""
"gene_set_query"	"1363"	"0.8482"	"SP9"	"SP9"	"0"	"299"	"1.0"	"1.0"	"0.0"	"GTEx--Coexpression"	""
"gene_set_query"	"1364"	"0.8488"	"TFDP3"	"TFDP3"	"0"	"299"	"1.0"	"1.0"	"0.0"	"GTEx--Coexpression"	""
"gene_set_query"	"1365"	"0.8494"	"ZNF564"	"ZNF564"	"0"	"299"	"1.0"	"1.0"	"0.0"	"GTEx--Coexpression"	""
"gene_set_query"	"1366"	"0.85"	"GSC2"	"GSC2"	"0"	"299"	"1.0"	"1.0"	"0.0"	"GTEx--Coexpression"	""
"gene_set_query"	"1367"	"0.8507"	"RXRA"	"RXRA"	"0"	"299"	"1.0"	"1.0"	"0.0"	"GTEx--Coexpression"	""
"gene_set_query"	"1368"	"0.8513"	"ZNF749"	"ZNF749"	"0"	"299"	"1.0"	"1.0"	"0.0"	"GTEx--Coexpression"	""
"gene_set_query"	"1369"	"0.8519"	"ZNF582"	"ZNF582"	"0"	"299"	"1.0"	"1.0"	"0.0"	"GTEx--Coexpression"	""
"gene_set_query"	"1370"	"0.8525"	"ZNF641"	"ZNF641"	"0"	"299"	"1.0"	"1.0"	"0.0"	"GTEx--Coexpression"	""
"gene_set_query"	"1371"	"0.8531"	"LHX3"	"LHX3"	"0"	"299"	"1.0"	"1.0"	"0.0"	"GTEx--Coexpression"	""
"gene_set_query"	"1372"	"0.8538"	"NKX24"	"NKX24"	"0"	"299"	"1.0"	"1.0"	"0.0"	"GTEx--Coexpression"	""
"gene_set_query"	"1373"	"0.8544"	"DBX1"	"DBX1"	"0"	"299"	"1.0"	"1.0"	"0.0"	"GTEx--Coexpression"	""
"gene_set_query"	"1374"	"0.855"	"ZNF660"	"ZNF660"	"0"	"299"	"1.0"	"1.0"	"0.0"	"GTEx--Coexpression"	""
"gene_set_query"	"1375"	"0.8556"	"ZNF843"	"ZNF843"	"0"	"299"	"1.0"	"1.0"	"0.0"	"GTEx--Coexpression"	""
"gene_set_query"	"1376"	"0.8563"	"POU5F1"	"POU5F1"	"0"	"299"	"1.0"	"1.0"	"0.0"	"GTEx--Coexpression"	""
"gene_set_query"	"1377"	"0.8569"	"ZFHX2"	"ZFHX2"	"0"	"299"	"1.0"	"1.0"	"0.0"	"GTEx--Coexpression"	""
"gene_set_query"	"1378"	"0.8575"	"NR6A1"	"NR6A1"	"0"	"299"	"1.0"	"1.0"	"0.0"	"GTEx--Coexpression"	""
"gene_set_query"	"1379"	"0.8581"	"GBX1"	"GBX1"	"0"	"299"	"1.0"	"1.0"	"0.0"	"GTEx--Coexpression"	""
"gene_set_query"	"1380"	"0.8587"	"ZNF711"	"ZNF711"	"0"	"299"	"1.0"	"1.0"	"0.0"	"GTEx--Coexpression"	""
"gene_set_query"	"1381"	"0.8594"	"ZNF507"	"ZNF507"	"0"	"299"	"1.0"	"1.0"	"0.0"	"GTEx--Coexpression"	""
"gene_set_query"	"1382"	"0.86"	"ZNF780A"	"ZNF780A"	"0"	"299"	"1.0"	"1.0"	"0.0"	"GTEx--Coexpression"	""
"gene_set_query"	"1383"	"0.8606"	"ZNF506"	"ZNF506"	"0"	"299"	"1.0"	"1.0"	"0.0"	"GTEx--Coexpression"	""
"gene_set_query"	"1384"	"0.8612"	"FOXN4"	"FOXN4"	"0"	"299"	"1.0"	"1.0"	"0.0"	"GTEx--Coexpression"	""
"gene_set_query"	"1385"	"0.8619"	"NR3C1"	"NR3C1"	"0"	"299"	"1.0"	"1.0"	"0.0"	"GTEx--Coexpression"	""
"gene_set_query"	"1386"	"0.8625"	"WIZ"	"WIZ"	"0"	"299"	"1.0"	"1.0"	"0.0"	"GTEx--Coexpression"	""
"gene_set_query"	"1387"	"0.8631"	"RHOXF2B"	"RHOXF2B"	"0"	"299"	"1.0"	"1.0"	"0.0"	"GTEx--Coexpression"	""
"gene_set_query"	"1388"	"0.8637"	"ZNF573"	"ZNF573"	"0"	"299"	"1.0"	"1.0"	"0.0"	"GTEx--Coexpression"	""
"gene_set_query"	"1389"	"0.8643"	"SIX3"	"SIX3"	"0"	"299"	"1.0"	"1.0"	"0.0"	"GTEx--Coexpression"	""
"gene_set_query"	"1390"	"0.865"	"ZNF207"	"ZNF207"	"0"	"299"	"1.0"	"1.0"	"0.0"	"GTEx--Coexpression"	""
"gene_set_query"	"1391"	"0.8656"	"ZNF264"	"ZNF264"	"0"	"299"	"1.0"	"1.0"	"0.0"	"GTEx--Coexpression"	""
"gene_set_query"	"1392"	"0.8662"	"TSC22D1"	"TSC22D1"	"0"	"299"	"1.0"	"1.0"	"0.0"	"GTEx--Coexpression"	""
"gene_set_query"	"1393"	"0.8668"	"ZNF546"	"ZNF546"	"0"	"299"	"1.0"	"1.0"	"0.0"	"GTEx--Coexpression"	""
"gene_set_query"	"1394"	"0.8675"	"ZNF146"	"ZNF146"	"0"	"299"	"1.0"	"1.0"	"0.0"	"GTEx--Coexpression"	""
"gene_set_query"	"1395"	"0.8681"	"ZNF177"	"ZNF177"	"0"	"299"	"1.0"	"1.0"	"0.0"	"GTEx--Coexpression"	""
"gene_set_query"	"1396"	"0.8687"	"YBX2"	"YBX2"	"0"	"299"	"1.0"	"1.0"	"0.0"	"GTEx--Coexpression"	""
"gene_set_query"	"1397"	"0.8693"	"GMEB2"	"GMEB2"	"0"	"299"	"1.0"	"1.0"	"0.0"	"GTEx--Coexpression"	""
"gene_set_query"	"1398"	"0.8699"	"ZNF729"	"ZNF729"	"0"	"299"	"1.0"	"1.0"	"0.0"	"GTEx--Coexpression"	""
"gene_set_query"	"1399"	"0.8706"	"ZNF701"	"ZNF701"	"0"	"299"	"1.0"	"1.0"	"0.0"	"GTEx--Coexpression"	""
"gene_set_query"	"1400"	"0.8712"	"ZNF516"	"ZNF516"	"0"	"299"	"1.0"	"1.0"	"0.0"	"GTEx--Coexpression"	""
"gene_set_query"	"1401"	"0.8718"	"TBX22"	"TBX22"	"0"	"299"	"1.0"	"1.0"	"0.0"	"GTEx--Coexpression"	""
"gene_set_query"	"1402"	"0.8724"	"ZNF728"	"ZNF728"	"0"	"299"	"1.0"	"1.0"	"0.0"	"GTEx--Coexpression"	""
"gene_set_query"	"1403"	"0.8731"	"FOXO6"	"FOXO6"	"0"	"299"	"1.0"	"1.0"	"0.0"	"GTEx--Coexpression"	""
"gene_set_query"	"1404"	"0.8737"	"ZNF202"	"ZNF202"	"0"	"299"	"1.0"	"1.0"	"0.0"	"GTEx--Coexpression"	""
"gene_set_query"	"1405"	"0.8743"	"ZNF473"	"ZNF473"	"0"	"299"	"1.0"	"1.0"	"0.0"	"GTEx--Coexpression"	""
"gene_set_query"	"1406"	"0.8749"	"ZNF710"	"ZNF710"	"0"	"299"	"1.0"	"1.0"	"0.0"	"GTEx--Coexpression"	""
"gene_set_query"	"1407"	"0.8755"	"ZFP3"	"ZFP3"	"0"	"299"	"1.0"	"1.0"	"0.0"	"GTEx--Coexpression"	""
"gene_set_query"	"1408"	"0.8762"	"ZNF557"	"ZNF557"	"0"	"299"	"1.0"	"1.0"	"0.0"	"GTEx--Coexpression"	""
"gene_set_query"	"1409"	"0.8768"	"BAZ2A"	"BAZ2A"	"0"	"299"	"1.0"	"1.0"	"0.0"	"GTEx--Coexpression"	""
"gene_set_query"	"1410"	"0.8774"	"ZKSCAN7"	"ZKSCAN7"	"0"	"299"	"1.0"	"1.0"	"0.0"	"GTEx--Coexpression"	""
"gene_set_query"	"1411"	"0.878"	"ZNF320"	"ZNF320"	"0"	"299"	"1.0"	"1.0"	"0.0"	"GTEx--Coexpression"	""
"gene_set_query"	"1412"	"0.8787"	"ZNF419"	"ZNF419"	"0"	"299"	"1.0"	"1.0"	"0.0"	"GTEx--Coexpression"	""
"gene_set_query"	"1413"	"0.8793"	"ZNF451"	"ZNF451"	"0"	"299"	"1.0"	"1.0"	"0.0"	"GTEx--Coexpression"	""
"gene_set_query"	"1414"	"0.8799"	"MESP1"	"MESP1"	"0"	"299"	"1.0"	"1.0"	"0.0"	"GTEx--Coexpression"	""
"gene_set_query"	"1415"	"0.8805"	"NFIC"	"NFIC"	"0"	"299"	"1.0"	"1.0"	"0.0"	"GTEx--Coexpression"	""
"gene_set_query"	"1416"	"0.8811"	"ZNF226"	"ZNF226"	"0"	"299"	"1.0"	"1.0"	"0.0"	"GTEx--Coexpression"	""
"gene_set_query"	"1417"	"0.8818"	"RFX1"	"RFX1"	"0"	"299"	"1.0"	"1.0"	"0.0"	"GTEx--Coexpression"	""
"gene_set_query"	"1418"	"0.8824"	"ZNF614"	"ZNF614"	"0"	"299"	"1.0"	"1.0"	"0.0"	"GTEx--Coexpression"	""
"gene_set_query"	"1419"	"0.883"	"ZNF446"	"ZNF446"	"0"	"299"	"1.0"	"1.0"	"0.0"	"GTEx--Coexpression"	""
"gene_set_query"	"1420"	"0.8836"	"ASCL1"	"ASCL1"	"0"	"299"	"1.0"	"1.0"	"0.0"	"GTEx--Coexpression"	""
"gene_set_query"	"1421"	"0.8843"	"POU5F2"	"POU5F2"	"0"	"299"	"1.0"	"1.0"	"0.0"	"GTEx--Coexpression"	""
"gene_set_query"	"1422"	"0.8849"	"PRMT3"	"PRMT3"	"0"	"299"	"1.0"	"1.0"	"0.0"	"GTEx--Coexpression"	""
"gene_set_query"	"1423"	"0.8855"	"ZNF75A"	"ZNF75A"	"0"	"299"	"1.0"	"1.0"	"0.0"	"GTEx--Coexpression"	""
"gene_set_query"	"1424"	"0.8861"	"ZNF485"	"ZNF485"	"0"	"299"	"1.0"	"1.0"	"0.0"	"GTEx--Coexpression"	""
"gene_set_query"	"1425"	"0.8867"	"ZNF263"	"ZNF263"	"0"	"299"	"1.0"	"1.0"	"0.0"	"GTEx--Coexpression"	""
"gene_set_query"	"1426"	"0.8874"	"PRR12"	"PRR12"	"0"	"299"	"1.0"	"1.0"	"0.0"	"GTEx--Coexpression"	""
"gene_set_query"	"1427"	"0.888"	"ZSCAN32"	"ZSCAN32"	"0"	"299"	"1.0"	"1.0"	"0.0"	"GTEx--Coexpression"	""
"gene_set_query"	"1428"	"0.8886"	"ZNF576"	"ZNF576"	"0"	"299"	"1.0"	"1.0"	"0.0"	"GTEx--Coexpression"	""
"gene_set_query"	"1429"	"0.8892"	"ZNF585B"	"ZNF585B"	"0"	"299"	"1.0"	"1.0"	"0.0"	"GTEx--Coexpression"	""
"gene_set_query"	"1430"	"0.8899"	"ZNF835"	"ZNF835"	"0"	"299"	"1.0"	"1.0"	"0.0"	"GTEx--Coexpression"	""
"gene_set_query"	"1431"	"0.8905"	"ZNF12"	"ZNF12"	"0"	"299"	"1.0"	"1.0"	"0.0"	"GTEx--Coexpression"	""
"gene_set_query"	"1432"	"0.8911"	"ZNF497"	"ZNF497"	"0"	"299"	"1.0"	"1.0"	"0.0"	"GTEx--Coexpression"	""
"gene_set_query"	"1433"	"0.8917"	"TIGD5"	"TIGD5"	"0"	"299"	"1.0"	"1.0"	"0.0"	"GTEx--Coexpression"	""
"gene_set_query"	"1434"	"0.8923"	"ZNF200"	"ZNF200"	"0"	"299"	"1.0"	"1.0"	"0.0"	"GTEx--Coexpression"	""
"gene_set_query"	"1435"	"0.893"	"ZSCAN2"	"ZSCAN2"	"0"	"299"	"1.0"	"1.0"	"0.0"	"GTEx--Coexpression"	""
"gene_set_query"	"1436"	"0.8936"	"ZNF69"	"ZNF69"	"0"	"299"	"1.0"	"1.0"	"0.0"	"GTEx--Coexpression"	""
"gene_set_query"	"1437"	"0.8942"	"ESX1"	"ESX1"	"0"	"299"	"1.0"	"1.0"	"0.0"	"GTEx--Coexpression"	""
"gene_set_query"	"1438"	"0.8948"	"CENPBD1"	"CENPBD1"	"0"	"299"	"1.0"	"1.0"	"0.0"	"GTEx--Coexpression"	""
"gene_set_query"	"1439"	"0.8955"	"TFCP2"	"TFCP2"	"0"	"299"	"1.0"	"1.0"	"0.0"	"GTEx--Coexpression"	""
"gene_set_query"	"1440"	"0.8961"	"NRL"	"NRL"	"0"	"299"	"1.0"	"1.0"	"0.0"	"GTEx--Coexpression"	""
"gene_set_query"	"1441"	"0.8967"	"ARGFX"	"ARGFX"	"0"	"299"	"1.0"	"1.0"	"0.0"	"GTEx--Coexpression"	""
"gene_set_query"	"1442"	"0.8973"	"ZBTB24"	"ZBTB24"	"0"	"299"	"1.0"	"1.0"	"0.0"	"GTEx--Coexpression"	""
"gene_set_query"	"1443"	"0.8979"	"ZNF43"	"ZNF43"	"0"	"299"	"1.0"	"1.0"	"0.0"	"GTEx--Coexpression"	""
"gene_set_query"	"1444"	"0.8986"	"ZNF816"	"ZNF816"	"0"	"299"	"1.0"	"1.0"	"0.0"	"GTEx--Coexpression"	""
"gene_set_query"	"1445"	"0.8992"	"ZNF682"	"ZNF682"	"0"	"299"	"1.0"	"1.0"	"0.0"	"GTEx--Coexpression"	""
"gene_set_query"	"1446"	"0.8998"	"SETDB1"	"SETDB1"	"0"	"299"	"1.0"	"1.0"	"0.0"	"GTEx--Coexpression"	""
"gene_set_query"	"1447"	"0.9004"	"HINFP"	"HINFP"	"0"	"299"	"1.0"	"1.0"	"0.0"	"GTEx--Coexpression"	""
"gene_set_query"	"1448"	"0.9011"	"NEUROG1"	"NEUROG1"	"0"	"299"	"1.0"	"1.0"	"0.0"	"GTEx--Coexpression"	""
"gene_set_query"	"1449"	"0.9017"	"LIN28A"	"LIN28A"	"0"	"299"	"1.0"	"1.0"	"0.0"	"GTEx--Coexpression"	""
"gene_set_query"	"1450"	"0.9023"	"POU1F1"	"POU1F1"	"0"	"299"	"1.0"	"1.0"	"0.0"	"GTEx--Coexpression"	""
"gene_set_query"	"1451"	"0.9029"	"POU3F4"	"POU3F4"	"0"	"299"	"1.0"	"1.0"	"0.0"	"GTEx--Coexpression"	""
"gene_set_query"	"1452"	"0.9035"	"DLX6"	"DLX6"	"0"	"299"	"1.0"	"1.0"	"0.0"	"GTEx--Coexpression"	""
"gene_set_query"	"1453"	"0.9042"	"PRDM9"	"PRDM9"	"0"	"299"	"1.0"	"1.0"	"0.0"	"GTEx--Coexpression"	""
"gene_set_query"	"1454"	"0.9048"	"NANOGNB"	"NANOGNB"	"0"	"299"	"1.0"	"1.0"	"0.0"	"GTEx--Coexpression"	""
"gene_set_query"	"1455"	"0.9054"	"PPARA"	"PPARA"	"0"	"299"	"1.0"	"1.0"	"0.0"	"GTEx--Coexpression"	""
"gene_set_query"	"1456"	"0.906"	"CARF"	"CARF"	"0"	"299"	"1.0"	"1.0"	"0.0"	"GTEx--Coexpression"	""
"gene_set_query"	"1457"	"0.9067"	"ZNF460"	"ZNF460"	"0"	"299"	"1.0"	"1.0"	"0.0"	"GTEx--Coexpression"	""
"gene_set_query"	"1458"	"0.9073"	"ZNF763"	"ZNF763"	"0"	"299"	"1.0"	"1.0"	"0.0"	"GTEx--Coexpression"	""
"gene_set_query"	"1459"	"0.9079"	"ZNF286A"	"ZNF286A"	"0"	"299"	"1.0"	"1.0"	"0.0"	"GTEx--Coexpression"	""
"gene_set_query"	"1460"	"0.9085"	"ZNF655"	"ZNF655"	"0"	"299"	"1.0"	"1.0"	"0.0"	"GTEx--Coexpression"	""
"gene_set_query"	"1461"	"0.9091"	"ZNF79"	"ZNF79"	"0"	"299"	"1.0"	"1.0"	"0.0"	"GTEx--Coexpression"	""
"gene_set_query"	"1462"	"0.9098"	"NEUROD4"	"NEUROD4"	"0"	"299"	"1.0"	"1.0"	"0.0"	"GTEx--Coexpression"	""
"gene_set_query"	"1463"	"0.9104"	"CTCFL"	"CTCFL"	"0"	"299"	"1.0"	"1.0"	"0.0"	"GTEx--Coexpression"	""
"gene_set_query"	"1464"	"0.911"	"DMRT3"	"DMRT3"	"0"	"299"	"1.0"	"1.0"	"0.0"	"GTEx--Coexpression"	""
"gene_set_query"	"1465"	"0.9116"	"ZNF17"	"ZNF17"	"0"	"299"	"1.0"	"1.0"	"0.0"	"GTEx--Coexpression"	""
"gene_set_query"	"1466"	"0.9123"	"ZNF292"	"ZNF292"	"0"	"299"	"1.0"	"1.0"	"0.0"	"GTEx--Coexpression"	""
"gene_set_query"	"1467"	"0.9129"	"ZNF551"	"ZNF551"	"0"	"299"	"1.0"	"1.0"	"0.0"	"GTEx--Coexpression"	""
"gene_set_query"	"1468"	"0.9135"	"ZNF74"	"ZNF74"	"0"	"299"	"1.0"	"1.0"	"0.0"	"GTEx--Coexpression"	""
"gene_set_query"	"1469"	"0.9141"	"TBX19"	"TBX19"	"0"	"299"	"1.0"	"1.0"	"0.0"	"GTEx--Coexpression"	""
"gene_set_query"	"1470"	"0.9147"	"ZSCAN20"	"ZSCAN20"	"0"	"299"	"1.0"	"1.0"	"0.0"	"GTEx--Coexpression"	""
"gene_set_query"	"1471"	"0.9154"	"ZNF287"	"ZNF287"	"0"	"299"	"1.0"	"1.0"	"0.0"	"GTEx--Coexpression"	""
"gene_set_query"	"1472"	"0.916"	"NKX11"	"NKX11"	"0"	"299"	"1.0"	"1.0"	"0.0"	"GTEx--Coexpression"	""
"gene_set_query"	"1473"	"0.9166"	"ZNF84"	"ZNF84"	"0"	"299"	"1.0"	"1.0"	"0.0"	"GTEx--Coexpression"	""
"gene_set_query"	"1474"	"0.9172"	"MSANTD1"	"MSANTD1"	"0"	"299"	"1.0"	"1.0"	"0.0"	"GTEx--Coexpression"	""
"gene_set_query"	"1475"	"0.9179"	"ZNF606"	"ZNF606"	"0"	"299"	"1.0"	"1.0"	"0.0"	"GTEx--Coexpression"	""
"gene_set_query"	"1476"	"0.9185"	"ZNF227"	"ZNF227"	"0"	"299"	"1.0"	"1.0"	"0.0"	"GTEx--Coexpression"	""
"gene_set_query"	"1477"	"0.9191"	"ZNF775"	"ZNF775"	"0"	"299"	"1.0"	"1.0"	"0.0"	"GTEx--Coexpression"	""
"gene_set_query"	"1478"	"0.9197"	"ZNF345"	"ZNF345"	"0"	"299"	"1.0"	"1.0"	"0.0"	"GTEx--Coexpression"	""
"gene_set_query"	"1479"	"0.9203"	"ZNF135"	"ZNF135"	"0"	"299"	"1.0"	"1.0"	"0.0"	"GTEx--Coexpression"	""
"gene_set_query"	"1480"	"0.921"	"PHF1"	"PHF1"	"0"	"299"	"1.0"	"1.0"	"0.0"	"GTEx--Coexpression"	""
"gene_set_query"	"1481"	"0.9216"	"ZNF283"	"ZNF283"	"0"	"299"	"1.0"	"1.0"	"0.0"	"GTEx--Coexpression"	""
"gene_set_query"	"1482"	"0.9222"	"ZXDC"	"ZXDC"	"0"	"299"	"1.0"	"1.0"	"0.0"	"GTEx--Coexpression"	""
"gene_set_query"	"1483"	"0.9228"	"SIX6"	"SIX6"	"0"	"299"	"1.0"	"1.0"	"0.0"	"GTEx--Coexpression"	""
"gene_set_query"	"1484"	"0.9235"	"ZNF716"	"ZNF716"	"0"	"299"	"1.0"	"1.0"	"0.0"	"GTEx--Coexpression"	""
"gene_set_query"	"1485"	"0.9241"	"ZNF571"	"ZNF571"	"0"	"299"	"1.0"	"1.0"	"0.0"	"GTEx--Coexpression"	""
"gene_set_query"	"1486"	"0.9247"	"CHAMP1"	"CHAMP1"	"0"	"299"	"1.0"	"1.0"	"0.0"	"GTEx--Coexpression"	""
"gene_set_query"	"1487"	"0.9253"	"ZNF782"	"ZNF782"	"0"	"299"	"1.0"	"1.0"	"0.0"	"GTEx--Coexpression"	""
"gene_set_query"	"1488"	"0.9259"	"FAM200B"	"FAM200B"	"0"	"299"	"1.0"	"1.0"	"0.0"	"GTEx--Coexpression"	""
"gene_set_query"	"1489"	"0.9266"	"ZBTB6"	"ZBTB6"	"0"	"299"	"1.0"	"1.0"	"0.0"	"GTEx--Coexpression"	""
"gene_set_query"	"1490"	"0.9272"	"ZNF841"	"ZNF841"	"0"	"299"	"1.0"	"1.0"	"0.0"	"GTEx--Coexpression"	""
"gene_set_query"	"1491"	"0.9278"	"NFXL1"	"NFXL1"	"0"	"299"	"1.0"	"1.0"	"0.0"	"GTEx--Coexpression"	""
"gene_set_query"	"1492"	"0.9284"	"ZFY"	"ZFY"	"0"	"299"	"1.0"	"1.0"	"0.0"	"GTEx--Coexpression"	""
"gene_set_query"	"1493"	"0.9291"	"ETV2"	"ETV2"	"0"	"299"	"1.0"	"1.0"	"0.0"	"GTEx--Coexpression"	""
"gene_set_query"	"1494"	"0.9297"	"ZNF254"	"ZNF254"	"0"	"299"	"1.0"	"1.0"	"0.0"	"GTEx--Coexpression"	""
"gene_set_query"	"1495"	"0.9303"	"FOXR2"	"FOXR2"	"0"	"299"	"1.0"	"1.0"	"0.0"	"GTEx--Coexpression"	""
"gene_set_query"	"1496"	"0.9309"	"ZNF512"	"ZNF512"	"0"	"299"	"1.0"	"1.0"	"0.0"	"GTEx--Coexpression"	""
"gene_set_query"	"1497"	"0.9315"	"ZNF384"	"ZNF384"	"0"	"299"	"1.0"	"1.0"	"0.0"	"GTEx--Coexpression"	""
"gene_set_query"	"1498"	"0.9322"	"PRDM14"	"PRDM14"	"0"	"299"	"1.0"	"1.0"	"0.0"	"GTEx--Coexpression"	""
"gene_set_query"	"1499"	"0.9328"	"ZNF397"	"ZNF397"	"0"	"299"	"1.0"	"1.0"	"0.0"	"GTEx--Coexpression"	""
"gene_set_query"	"1500"	"0.9334"	"ARID3B"	"ARID3B"	"0"	"299"	"1.0"	"1.0"	"0.0"	"GTEx--Coexpression"	""
"gene_set_query"	"1501"	"0.934"	"JUND"	"JUND"	"0"	"299"	"1.0"	"1.0"	"0.0"	"GTEx--Coexpression"	""
"gene_set_query"	"1502"	"0.9347"	"FOXA2"	"FOXA2"	"0"	"299"	"1.0"	"1.0"	"0.0"	"GTEx--Coexpression"	""
"gene_set_query"	"1503"	"0.9353"	"ZNF629"	"ZNF629"	"0"	"299"	"1.0"	"1.0"	"0.0"	"GTEx--Coexpression"	""
"gene_set_query"	"1504"	"0.9359"	"KAT7"	"KAT7"	"0"	"299"	"1.0"	"1.0"	"0.0"	"GTEx--Coexpression"	""
"gene_set_query"	"1505"	"0.9365"	"ZNF555"	"ZNF555"	"0"	"299"	"1.0"	"1.0"	"0.0"	"GTEx--Coexpression"	""
"gene_set_query"	"1506"	"0.9371"	"FOXA1"	"FOXA1"	"0"	"299"	"1.0"	"1.0"	"0.0"	"GTEx--Coexpression"	""
"gene_set_query"	"1507"	"0.9378"	"ZNF569"	"ZNF569"	"0"	"299"	"1.0"	"1.0"	"0.0"	"GTEx--Coexpression"	""
"gene_set_query"	"1508"	"0.9384"	"ZNF587"	"ZNF587"	"0"	"299"	"1.0"	"1.0"	"0.0"	"GTEx--Coexpression"	""
"gene_set_query"	"1509"	"0.939"	"ZSCAN22"	"ZSCAN22"	"0"	"299"	"1.0"	"1.0"	"0.0"	"GTEx--Coexpression"	""
"gene_set_query"	"1510"	"0.9396"	"DPF3"	"DPF3"	"0"	"299"	"1.0"	"1.0"	"0.0"	"GTEx--Coexpression"	""
"gene_set_query"	"1511"	"0.9403"	"SAFB"	"SAFB"	"0"	"299"	"1.0"	"1.0"	"0.0"	"GTEx--Coexpression"	""
"gene_set_query"	"1512"	"0.9409"	"ZNF687"	"ZNF687"	"0"	"299"	"1.0"	"1.0"	"0.0"	"GTEx--Coexpression"	""
"gene_set_query"	"1513"	"0.9415"	"ZSCAN9"	"ZSCAN9"	"0"	"299"	"1.0"	"1.0"	"0.0"	"GTEx--Coexpression"	""
"gene_set_query"	"1514"	"0.9421"	"PROX2"	"PROX2"	"0"	"299"	"1.0"	"1.0"	"0.0"	"GTEx--Coexpression"	""
"gene_set_query"	"1515"	"0.9428"	"RHOXF2"	"RHOXF2"	"0"	"299"	"1.0"	"1.0"	"0.0"	"GTEx--Coexpression"	""
"gene_set_query"	"1516"	"0.9434"	"ZNF225"	"ZNF225"	"0"	"299"	"1.0"	"1.0"	"0.0"	"GTEx--Coexpression"	""
"gene_set_query"	"1517"	"0.944"	"ZNF609"	"ZNF609"	"0"	"299"	"1.0"	"1.0"	"0.0"	"GTEx--Coexpression"	""
"gene_set_query"	"1518"	"0.9446"	"ZNF705D"	"ZNF705D"	"0"	"298"	"1.0"	"1.0"	"0.0"	"GTEx--Coexpression"	""
"gene_set_query"	"1519"	"0.9452"	"ZFP42"	"ZFP42"	"0"	"298"	"1.0"	"1.0"	"0.0"	"GTEx--Coexpression"	""
"gene_set_query"	"1520"	"0.9459"	"ARID2"	"ARID2"	"0"	"298"	"1.0"	"1.0"	"0.0"	"GTEx--Coexpression"	""
"gene_set_query"	"1521"	"0.9465"	"ZNF148"	"ZNF148"	"0"	"298"	"1.0"	"1.0"	"0.0"	"GTEx--Coexpression"	""
"gene_set_query"	"1522"	"0.9471"	"RFX2"	"RFX2"	"0"	"298"	"1.0"	"1.0"	"0.0"	"GTEx--Coexpression"	""
"gene_set_query"	"1523"	"0.9477"	"MBD6"	"MBD6"	"0"	"298"	"1.0"	"1.0"	"0.0"	"GTEx--Coexpression"	""
"gene_set_query"	"1524"	"0.9484"	"ZNF624"	"ZNF624"	"0"	"298"	"1.0"	"1.0"	"0.0"	"GTEx--Coexpression"	""
"gene_set_query"	"1525"	"0.949"	"DMBX1"	"DMBX1"	"0"	"298"	"1.0"	"1.0"	"0.0"	"GTEx--Coexpression"	""
"gene_set_query"	"1526"	"0.9496"	"ZNF644"	"ZNF644"	"0"	"298"	"1.0"	"1.0"	"0.0"	"GTEx--Coexpression"	""
"gene_set_query"	"1527"	"0.9502"	"SPZ1"	"SPZ1"	"0"	"298"	"1.0"	"1.0"	"0.0"	"GTEx--Coexpression"	""
"gene_set_query"	"1528"	"0.9508"	"ZNF705A"	"ZNF705A"	"0"	"298"	"1.0"	"1.0"	"0.0"	"GTEx--Coexpression"	""
"gene_set_query"	"1529"	"0.9515"	"ZFP69"	"ZFP69"	"0"	"298"	"1.0"	"1.0"	"0.0"	"GTEx--Coexpression"	""
"gene_set_query"	"1530"	"0.9521"	"AKAP8L"	"AKAP8L"	"0"	"298"	"1.0"	"1.0"	"0.0"	"GTEx--Coexpression"	""
"gene_set_query"	"1531"	"0.9527"	"TOPORS"	"TOPORS"	"0"	"298"	"1.0"	"1.0"	"0.0"	"GTEx--Coexpression"	""
"gene_set_query"	"1532"	"0.9533"	"THRA"	"THRA"	"0"	"298"	"1.0"	"1.0"	"0.0"	"GTEx--Coexpression"	""
"gene_set_query"	"1533"	"0.954"	"ZNF250"	"ZNF250"	"0"	"298"	"1.0"	"1.0"	"0.0"	"GTEx--Coexpression"	""
"gene_set_query"	"1534"	"0.9546"	"ZNF677"	"ZNF677"	"0"	"298"	"1.0"	"1.0"	"0.0"	"GTEx--Coexpression"	""
"gene_set_query"	"1535"	"0.9552"	"ZNF414"	"ZNF414"	"0"	"298"	"1.0"	"1.0"	"0.0"	"GTEx--Coexpression"	""
"gene_set_query"	"1536"	"0.9558"	"ZNF280C"	"ZNF280C"	"0"	"298"	"1.0"	"1.0"	"0.0"	"GTEx--Coexpression"	""
"gene_set_query"	"1537"	"0.9564"	"ZNF672"	"ZNF672"	"0"	"298"	"1.0"	"1.0"	"0.0"	"GTEx--Coexpression"	""
"gene_set_query"	"1538"	"0.9571"	"ZNF428"	"ZNF428"	"0"	"298"	"1.0"	"1.0"	"0.0"	"GTEx--Coexpression"	""
"gene_set_query"	"1539"	"0.9577"	"CENPT"	"CENPT"	"0"	"298"	"1.0"	"1.0"	"0.0"	"GTEx--Coexpression"	""
"gene_set_query"	"1540"	"0.9583"	"ZNF830"	"ZNF830"	"0"	"298"	"1.0"	"1.0"	"0.0"	"GTEx--Coexpression"	""
"gene_set_query"	"1541"	"0.9589"	"ZNF780B"	"ZNF780B"	"0"	"298"	"1.0"	"1.0"	"0.0"	"GTEx--Coexpression"	""
"gene_set_query"	"1542"	"0.9596"	"ESRRG"	"ESRRG"	"0"	"298"	"1.0"	"1.0"	"0.0"	"GTEx--Coexpression"	""
"gene_set_query"	"1543"	"0.9602"	"ZNF605"	"ZNF605"	"0"	"298"	"1.0"	"1.0"	"0.0"	"GTEx--Coexpression"	""
"gene_set_query"	"1544"	"0.9608"	"THAP9"	"THAP9"	"0"	"298"	"1.0"	"1.0"	"0.0"	"GTEx--Coexpression"	""
"gene_set_query"	"1545"	"0.9614"	"ZNF630"	"ZNF630"	"0"	"298"	"1.0"	"1.0"	"0.0"	"GTEx--Coexpression"	""
"gene_set_query"	"1546"	"0.962"	"SOHLH2"	"SOHLH2"	"0"	"298"	"1.0"	"1.0"	"0.0"	"GTEx--Coexpression"	""
"gene_set_query"	"1547"	"0.9627"	"TGIF2LY"	"TGIF2LY"	"0"	"298"	"1.0"	"1.0"	"0.0"	"GTEx--Coexpression"	""
"gene_set_query"	"1548"	"0.9633"	"REXO4"	"REXO4"	"0"	"298"	"1.0"	"1.0"	"0.0"	"GTEx--Coexpression"	""
"gene_set_query"	"1549"	"0.9639"	"E2F4"	"E2F4"	"0"	"298"	"1.0"	"1.0"	"0.0"	"GTEx--Coexpression"	""
"gene_set_query"	"1550"	"0.9645"	"ZNF335"	"ZNF335"	"0"	"298"	"1.0"	"1.0"	"0.0"	"GTEx--Coexpression"	""
"gene_set_query"	"1551"	"0.9652"	"ZNF623"	"ZNF623"	"0"	"298"	"1.0"	"1.0"	"0.0"	"GTEx--Coexpression"	""
"gene_set_query"	"1552"	"0.9658"	"ZNF707"	"ZNF707"	"0"	"298"	"1.0"	"1.0"	"0.0"	"GTEx--Coexpression"	""
"gene_set_query"	"1553"	"0.9664"	"ZKSCAN2"	"ZKSCAN2"	"0"	"298"	"1.0"	"1.0"	"0.0"	"GTEx--Coexpression"	""
"gene_set_query"	"1554"	"0.967"	"ZNF599"	"ZNF599"	"0"	"298"	"1.0"	"1.0"	"0.0"	"GTEx--Coexpression"	""
"gene_set_query"	"1555"	"0.9676"	"RFX6"	"RFX6"	"0"	"298"	"1.0"	"1.0"	"0.0"	"GTEx--Coexpression"	""
"gene_set_query"	"1556"	"0.9683"	"ZSCAN12"	"ZSCAN12"	"0"	"298"	"1.0"	"1.0"	"0.0"	"GTEx--Coexpression"	""
"gene_set_query"	"1557"	"0.9689"	"ZNF48"	"ZNF48"	"0"	"298"	"1.0"	"1.0"	"0.0"	"GTEx--Coexpression"	""
"gene_set_query"	"1558"	"0.9695"	"ZNF518B"	"ZNF518B"	"0"	"298"	"1.0"	"1.0"	"0.0"	"GTEx--Coexpression"	""
"gene_set_query"	"1559"	"0.9701"	"KLF17"	"KLF17"	"0"	"298"	"1.0"	"1.0"	"0.0"	"GTEx--Coexpression"	""
"gene_set_query"	"1560"	"0.9708"	"ZNF410"	"ZNF410"	"0"	"298"	"1.0"	"1.0"	"0.0"	"GTEx--Coexpression"	""
"gene_set_query"	"1561"	"0.9714"	"ZNF679"	"ZNF679"	"0"	"298"	"1.0"	"1.0"	"0.0"	"GTEx--Coexpression"	""
"gene_set_query"	"1562"	"0.972"	"ZNF513"	"ZNF513"	"0"	"298"	"1.0"	"1.0"	"0.0"	"GTEx--Coexpression"	""
"gene_set_query"	"1563"	"0.9726"	"ZNF239"	"ZNF239"	"0"	"298"	"1.0"	"1.0"	"0.0"	"GTEx--Coexpression"	""
"gene_set_query"	"1564"	"0.9732"	"THAP4"	"THAP4"	"0"	"298"	"1.0"	"1.0"	"0.0"	"GTEx--Coexpression"	""
"gene_set_query"	"1565"	"0.9739"	"SOX6"	"SOX6"	"0"	"298"	"1.0"	"1.0"	"0.0"	"GTEx--Coexpression"	""
"gene_set_query"	"1566"	"0.9745"	"ZNF705B"	"ZNF705B"	"0"	"298"	"1.0"	"1.0"	"0.0"	"GTEx--Coexpression"	""
"gene_set_query"	"1567"	"0.9751"	"SNAPC5"	"SNAPC5"	"0"	"298"	"1.0"	"1.0"	"0.0"	"GTEx--Coexpression"	""
"gene_set_query"	"1568"	"0.9757"	"ZNF718"	"ZNF718"	"0"	"298"	"1.0"	"1.0"	"0.0"	"GTEx--Coexpression"	""
"gene_set_query"	"1569"	"0.9764"	"ZNF10"	"ZNF10"	"0"	"298"	"1.0"	"1.0"	"0.0"	"GTEx--Coexpression"	""
"gene_set_query"	"1570"	"0.977"	"MTERF4"	"MTERF4"	"0"	"298"	"1.0"	"1.0"	"0.0"	"GTEx--Coexpression"	""
"gene_set_query"	"1571"	"0.9776"	"ZNF512B"	"ZNF512B"	"0"	"298"	"1.0"	"1.0"	"0.0"	"GTEx--Coexpression"	""
"gene_set_query"	"1572"	"0.9782"	"ARHGAP35"	"ARHGAP35"	"0"	"298"	"1.0"	"1.0"	"0.0"	"GTEx--Coexpression"	""
"gene_set_query"	"1573"	"0.9788"	"ZNF683"	"ZNF683"	"0"	"298"	"1.0"	"1.0"	"0.0"	"GTEx--Coexpression"	""
"gene_set_query"	"1574"	"0.9795"	"ZNF439"	"ZNF439"	"0"	"298"	"1.0"	"1.0"	"0.0"	"GTEx--Coexpression"	""
"gene_set_query"	"1575"	"0.9801"	"ZNF705G"	"ZNF705G"	"0"	"298"	"1.0"	"1.0"	"0.0"	"GTEx--Coexpression"	""
"gene_set_query"	"1576"	"0.9807"	"ZNF626"	"ZNF626"	"0"	"298"	"1.0"	"1.0"	"0.0"	"GTEx--Coexpression"	""
"gene_set_query"	"1577"	"0.9813"	"ZNF768"	"ZNF768"	"0"	"298"	"1.0"	"1.0"	"0.0"	"GTEx--Coexpression"	""
"gene_set_query"	"1578"	"0.982"	"THAP3"	"THAP3"	"0"	"298"	"1.0"	"1.0"	"0.0"	"GTEx--Coexpression"	""
"gene_set_query"	"1579"	"0.9826"	"DMTF1"	"DMTF1"	"0"	"298"	"1.0"	"1.0"	"0.0"	"GTEx--Coexpression"	""
"gene_set_query"	"1580"	"0.9832"	"MECOM"	"MECOM"	"0"	"298"	"1.0"	"1.0"	"0.0"	"GTEx--Coexpression"	""
"gene_set_query"	"1581"	"0.9838"	"ZNF853"	"ZNF853"	"0"	"298"	"1.0"	"1.0"	"0.0"	"GTEx--Coexpression"	""
"gene_set_query"	"1582"	"0.9844"	"ZNF154"	"ZNF154"	"0"	"298"	"1.0"	"1.0"	"0.0"	"GTEx--Coexpression"	""
"gene_set_query"	"1583"	"0.9851"	"SRCAP"	"SRCAP"	"0"	"298"	"1.0"	"1.0"	"0.0"	"GTEx--Coexpression"	""
"gene_set_query"	"1584"	"0.9857"	"ZNF479"	"ZNF479"	"0"	"297"	"1.0"	"1.0"	"0.0"	"GTEx--Coexpression"	""
"gene_set_query"	"1585"	"0.9863"	"ZNF76"	"ZNF76"	"0"	"297"	"1.0"	"1.0"	"0.0"	"GTEx--Coexpression"	""
"gene_set_query"	"1586"	"0.9869"	"CXXC1"	"CXXC1"	"0"	"297"	"1.0"	"1.0"	"0.0"	"GTEx--Coexpression"	""
"gene_set_query"	"1587"	"0.9876"	"SOX12"	"SOX12"	"0"	"297"	"1.0"	"1.0"	"0.0"	"GTEx--Coexpression"	""
"gene_set_query"	"1588"	"0.9882"	"E4F1"	"E4F1"	"0"	"297"	"1.0"	"1.0"	"0.0"	"GTEx--Coexpression"	""
"gene_set_query"	"1589"	"0.9888"	"EVX2"	"EVX2"	"0"	"297"	"1.0"	"1.0"	"0.0"	"GTEx--Coexpression"	""
"gene_set_query"	"1590"	"0.9894"	"ZBTB20"	"ZBTB20"	"0"	"297"	"1.0"	"1.0"	"0.0"	"GTEx--Coexpression"	""
"gene_set_query"	"1591"	"0.99"	"ZNF140"	"ZNF140"	"0"	"297"	"1.0"	"1.0"	"0.0"	"GTEx--Coexpression"	""
"gene_set_query"	"1592"	"0.9907"	"ZNF487"	"ZNF487"	"0"	"297"	"1.0"	"1.0"	"0.0"	"GTEx--Coexpression"	""
"gene_set_query"	"1593"	"0.9913"	"HEY1"	"HEY1"	"0"	"297"	"1.0"	"1.0"	"0.0"	"GTEx--Coexpression"	""
"gene_set_query"	"1594"	"0.9919"	"PATZ1"	"PATZ1"	"0"	"297"	"1.0"	"1.0"	"0.0"	"GTEx--Coexpression"	""
"gene_set_query"	"1595"	"0.9925"	"ZNF182"	"ZNF182"	"0"	"297"	"1.0"	"1.0"	"0.0"	"GTEx--Coexpression"	""
"gene_set_query"	"1596"	"0.9932"	"ZNF28"	"ZNF28"	"0"	"297"	"1.0"	"1.0"	"0.0"	"GTEx--Coexpression"	""
"gene_set_query"	"1597"	"0.9938"	"GATA5"	"GATA5"	"0"	"297"	"1.0"	"1.0"	"0.0"	"GTEx--Coexpression"	""
"gene_set_query"	"1598"	"0.9944"	"MSANTD4"	"MSANTD4"	"0"	"297"	"1.0"	"1.0"	"0.0"	"GTEx--Coexpression"	""
"gene_set_query"	"1599"	"0.995"	"ANKZF1"	"ANKZF1"	"0"	"297"	"1.0"	"1.0"	"0.0"	"GTEx--Coexpression"	""
"gene_set_query"	"1600"	"0.9956"	"GLI4"	"GLI4"	"0"	"297"	"1.0"	"1.0"	"0.0"	"GTEx--Coexpression"	""
"gene_set_query"	"1601"	"0.9963"	"ZNF33A"	"ZNF33A"	"0"	"297"	"1.0"	"1.0"	"0.0"	"GTEx--Coexpression"	""
"gene_set_query"	"1602"	"0.9969"	"ZNF883"	"ZNF883"	"0"	"297"	"1.0"	"1.0"	"0.0"	"GTEx--Coexpression"	""
"gene_set_query"	"1603"	"0.9975"	"RXRB"	"RXRB"	"0"	"297"	"1.0"	"1.0"	"0.0"	"GTEx--Coexpression"	""
"gene_set_query"	"1604"	"0.9981"	"RBCK1"	"RBCK1"	"0"	"297"	"1.0"	"1.0"	"0.0"	"GTEx--Coexpression"	""
"gene_set_query"	"1605"	"0.9988"	"ZNF518A"	"ZNF518A"	"0"	"297"	"1.0"	"1.0"	"0.0"	"GTEx--Coexpression"	""
"gene_set_query"	"1606"	"0.9994"	"SOX5"	"SOX5"	"0"	"296"	"1.0"	"1.0"	"0.0"	"GTEx--Coexpression"	""
"gene_set_query"	"1607"	"1.0"	"ZIM2"	"ZIM2"	"0"	"296"	"1.0"	"1.0"	"0.0"	"GTEx--Coexpression"	""